{"type":"FeatureCollection","source":"OpenCity (data.opencity.in), Greater Hyderabad Wards Map 2022 (150 wards, pre-2025 delimitation), public domain.","features":[{"type":"Feature","properties":{"ward_no":127,"ward":"Rangareddy Nagar","circle":"25-QUTUBULLAPUR","zone":"KUKATPALLY ZONE"},"geometry":{"type":"Polygon","coordinates":[[[78.45031,17.48797],[78.44927,17.4826],[78.44797,17.48279],[78.44812,17.4835],[78.44546,17.4834],[78.44476,17.48286],[78.44432,17.48135],[78.43773,17.48331],[78.43621,17.48407],[78.43334,17.48655],[78.4315,17.48793],[78.42863,17.48984],[78.42824,17.48999],[78.42905,17.49134],[78.42607,17.49124],[78.42668,17.49279],[78.42663,17.49285],[78.42678,17.49318],[78.42675,17.49342],[78.42753,17.49406],[78.42819,17.49428],[78.42841,17.49459],[78.43021,17.49382],[78.43057,17.49462],[78.4314,17.4943],[78.4329,17.49765],[78.43351,17.49761],[78.4341,17.49734],[78.43425,17.49714],[78.43543,17.49626],[78.4376,17.49697],[78.4398,17.49621],[78.43999,17.49604],[78.44166,17.4961],[78.44442,17.49473],[78.44469,17.49526],[78.44583,17.4939],[78.44579,17.49381],[78.44586,17.49301],[78.4456,17.49299],[78.44605,17.48879],[78.45031,17.48797]]]}},{"type":"Feature","properties":{"ward_no":119,"ward":"Old Bowenpally","circle":"24-KUKATPALLY","zone":"KUKATPALLY ZONE"},"geometry":{"type":"Polygon","coordinates":[[[78.47869,17.48565],[78.47943,17.48571],[78.47886,17.48731],[78.47984,17.48745],[78.47982,17.48936],[78.48417,17.4901],[78.4845,17.48993],[78.48665,17.48785],[78.48631,17.48716],[78.48559,17.48746],[78.485,17.48762],[78.48486,17.48758],[78.4847,17.48691],[78.48475,17.48499],[78.48535,17.48378],[78.48559,17.48283],[78.48574,17.48266],[78.48663,17.48215],[78.48824,17.48132],[78.48815,17.48074],[78.48859,17.48053],[78.49136,17.48004],[78.49162,17.48011],[78.49229,17.48081],[78.49364,17.48045],[78.49401,17.48222],[78.49416,17.48238],[78.49388,17.48252],[78.4943,17.48346],[78.49455,17.48345],[78.4947,17.48354],[78.49501,17.48445],[78.49559,17.48433],[78.49533,17.48312],[78.49602,17.48299],[78.49582,17.48267],[78.49592,17.48249],[78.49605,17.48242],[78.4964,17.48245],[78.49697,17.48332],[78.49732,17.4829],[78.49739,17.48241],[78.49702,17.47974],[78.49681,17.47959],[78.49658,17.47822],[78.49636,17.47829],[78.49593,17.47686],[78.49563,17.47641],[78.49528,17.47528],[78.49438,17.47337],[78.4942,17.47136],[78.49429,17.47131],[78.49407,17.47013],[78.49381,17.46999],[78.49212,17.47007],[78.49151,17.47003],[78.49072,17.46971],[78.49071,17.47056],[78.48942,17.47037],[78.4894,17.47128],[78.48917,17.47129],[78.48901,17.47157],[78.48726,17.47166],[78.48611,17.47154],[78.48547,17.47164],[78.48539,17.47139],[78.48422,17.47157],[78.48429,17.47174],[78.48255,17.47218],[78.48148,17.47226],[78.48156,17.47287],[78.48132,17.47297],[78.48134,17.47315],[78.4808,17.4732],[78.48035,17.47338],[78.48018,17.47355],[78.47985,17.47349],[78.47931,17.47384],[78.47887,17.47386],[78.47645,17.47525],[78.47672,17.47594],[78.47649,17.47599],[78.47649,17.4768],[78.47524,17.47655],[78.47511,17.47679],[78.47537,17.4775],[78.47512,17.47761],[78.47509,17.47774],[78.47467,17.47804],[78.47517,17.4795],[78.47533,17.47949],[78.47532,17.47976],[78.47521,17.47977],[78.47527,17.483],[78.47536,17.48338],[78.47617,17.4853],[78.4765,17.48538],[78.47651,17.48613],[78.4781,17.48566],[78.47869,17.48565]]]}},{"type":"Feature","properties":{"ward_no":145,"ward":"Seethaphalmandi","circle":"29-SECUNDERABAD","zone":"SECUNDERABAD ZONE"},"geometry":{"type":"Polygon","coordinates":[[[78.52062,17.4268],[78.52102,17.42584],[78.52118,17.42505],[78.52117,17.42404],[78.521,17.42302],[78.52039,17.42067],[78.52051,17.42064],[78.52018,17.4193],[78.51808,17.41951],[78.51724,17.41974],[78.51603,17.41992],[78.51515,17.41992],[78.51394,17.42005],[78.51121,17.42055],[78.50981,17.42044],[78.50919,17.42049],[78.50911,17.42051],[78.50891,17.42088],[78.50885,17.42166],[78.50942,17.42214],[78.50993,17.42233],[78.50976,17.4236],[78.5106,17.42368],[78.51063,17.42407],[78.51045,17.42422],[78.51059,17.42451],[78.51118,17.42699],[78.51123,17.4278],[78.51168,17.4284],[78.51103,17.42863],[78.51077,17.42892],[78.51027,17.42906],[78.51047,17.43011],[78.51071,17.43066],[78.51284,17.4296],[78.51511,17.42962],[78.51617,17.42864],[78.51766,17.42749],[78.51804,17.42729],[78.51953,17.42709],[78.52062,17.4268]]]}},{"type":"Feature","properties":{"ward_no":146,"ward":"Boudha Nagar","circle":"29-SECUNDERABAD","zone":"SECUNDERABAD ZONE"},"geometry":{"type":"Polygon","coordinates":[[[78.52018,17.4193],[78.51805,17.41052],[78.51736,17.41075],[78.5172,17.4109],[78.5166,17.4112],[78.51626,17.41128],[78.51582,17.41132],[78.5157,17.41095],[78.51396,17.41131],[78.51408,17.41165],[78.51366,17.41188],[78.51349,17.41208],[78.51235,17.41438],[78.51161,17.41503],[78.5104,17.41552],[78.5101,17.41557],[78.51009,17.41655],[78.50993,17.41776],[78.50966,17.41834],[78.50911,17.42051],[78.50981,17.42044],[78.51121,17.42055],[78.51394,17.42005],[78.51515,17.41992],[78.51603,17.41992],[78.51724,17.41974],[78.51808,17.41951],[78.52018,17.4193]]]}},{"type":"Feature","properties":{"ward_no":147,"ward":"Bansilalpet","circle":"30-BEGUMPET","zone":"SECUNDERABAD ZONE"},"geometry":{"type":"Polygon","coordinates":[[[78.50605,17.43299],[78.50621,17.433],[78.50673,17.43072],[78.5065,17.42982],[78.50777,17.42965],[78.51042,17.42902],[78.51077,17.42892],[78.51103,17.42863],[78.51168,17.4284],[78.51123,17.4278],[78.51118,17.42699],[78.51059,17.42451],[78.51045,17.42422],[78.51063,17.42407],[78.5106,17.42368],[78.50976,17.4236],[78.50993,17.42233],[78.50942,17.42214],[78.50885,17.42166],[78.50886,17.42101],[78.50801,17.42115],[78.50777,17.4211],[78.50707,17.42081],[78.50611,17.4201],[78.50536,17.41985],[78.50233,17.42072],[78.50109,17.42044],[78.50032,17.42078],[78.49668,17.42188],[78.49609,17.42217],[78.49534,17.42287],[78.49458,17.42342],[78.49417,17.4236],[78.49219,17.42414],[78.49242,17.42508],[78.4926,17.42528],[78.49276,17.42637],[78.49311,17.42755],[78.49308,17.42786],[78.49273,17.42881],[78.49254,17.42986],[78.49268,17.43127],[78.49801,17.43196],[78.49817,17.43189],[78.49836,17.43196],[78.49895,17.43194],[78.50051,17.4317],[78.50204,17.43165],[78.50284,17.43175],[78.50595,17.43268],[78.50605,17.43299]]]}},{"type":"Feature","properties":{"ward_no":144,"ward":"Mettuguda","circle":"29-SECUNDERABAD","zone":"SECUNDERABAD ZONE"},"geometry":{"type":"Polygon","coordinates":[[[78.53594,17.4344],[78.53671,17.43385],[78.5373,17.43361],[78.53824,17.43343],[78.53695,17.43278],[78.53532,17.43095],[78.53341,17.42902],[78.53211,17.42776],[78.53092,17.42677],[78.52803,17.42413],[78.52544,17.42521],[78.52417,17.42605],[78.51953,17.42709],[78.51804,17.42729],[78.51766,17.42749],[78.51617,17.42864],[78.51511,17.42962],[78.51284,17.4296],[78.51071,17.43066],[78.51047,17.43011],[78.51027,17.42906],[78.50777,17.42965],[78.5065,17.42982],[78.50673,17.43072],[78.50621,17.433],[78.50605,17.43299],[78.50611,17.4332],[78.50581,17.43439],[78.51055,17.43554],[78.51194,17.43599],[78.512,17.4358],[78.51264,17.43608],[78.51345,17.43661],[78.5151,17.43811],[78.51638,17.43899],[78.51689,17.4392],[78.51739,17.43934],[78.51963,17.43946],[78.52016,17.43955],[78.52123,17.43947],[78.52102,17.4394],[78.52271,17.4393],[78.52761,17.43743],[78.5283,17.43724],[78.52946,17.43711],[78.53192,17.43708],[78.53311,17.4368],[78.534,17.43635],[78.53442,17.43601],[78.53594,17.4344]]]}},{"type":"Feature","properties":{"ward_no":148,"ward":"Ramgopalpet","circle":"30-BEGUMPET","zone":"SECUNDERABAD ZONE"},"geometry":{"type":"Polygon","coordinates":[[[78.48803,17.44018],[78.48848,17.43902],[78.48952,17.43937],[78.49031,17.43939],[78.49132,17.43885],[78.4921,17.43863],[78.49277,17.43929],[78.49302,17.43967],[78.4933,17.44093],[78.49481,17.44045],[78.49532,17.44038],[78.49518,17.43935],[78.49486,17.43822],[78.49406,17.4373],[78.4937,17.43579],[78.49344,17.43506],[78.49338,17.43392],[78.49268,17.43127],[78.49254,17.42986],[78.49273,17.42881],[78.49308,17.42786],[78.49311,17.42755],[78.49276,17.42637],[78.4926,17.42528],[78.49242,17.42508],[78.49219,17.42414],[78.48803,17.42517],[78.48627,17.42544],[78.48595,17.42488],[78.48572,17.42504],[78.48515,17.42509],[78.48506,17.42517],[78.4851,17.4253],[78.48473,17.4255],[78.4845,17.42535],[78.48428,17.42501],[78.48433,17.42482],[78.48426,17.42483],[78.48426,17.42513],[78.48462,17.42554],[78.48461,17.4257],[78.48453,17.42571],[78.48453,17.42589],[78.48431,17.42626],[78.48371,17.42622],[78.48385,17.42628],[78.4838,17.42638],[78.48387,17.42637],[78.48394,17.42653],[78.48417,17.42664],[78.48445,17.42696],[78.4845,17.42751],[78.48481,17.42766],[78.48489,17.42753],[78.4855,17.42748],[78.48653,17.42821],[78.48671,17.42854],[78.48691,17.42925],[78.48694,17.42985],[78.48678,17.43031],[78.48657,17.43063],[78.48437,17.43267],[78.48361,17.4331],[78.48251,17.43345],[78.48293,17.43419],[78.48403,17.43379],[78.48408,17.43371],[78.48516,17.4334],[78.48527,17.4337],[78.48439,17.43434],[78.48266,17.43624],[78.48031,17.43896],[78.47934,17.44039],[78.48129,17.44041],[78.48204,17.44029],[78.48323,17.43988],[78.48487,17.43992],[78.48576,17.44014],[78.48695,17.44072],[78.4876,17.44155],[78.48803,17.44018]]]}},{"type":"Feature","properties":{"ward_no":150,"ward":"Monda  Market","circle":"30-BEGUMPET","zone":"SECUNDERABAD ZONE"},"geometry":{"type":"Polygon","coordinates":[[[78.50581,17.45198],[78.50695,17.45152],[78.50765,17.45064],[78.50832,17.44948],[78.50885,17.44875],[78.50983,17.44857],[78.50999,17.44839],[78.51128,17.44802],[78.51318,17.44732],[78.51518,17.44677],[78.51818,17.44568],[78.51717,17.44398],[78.51556,17.44485],[78.51481,17.44541],[78.51468,17.44476],[78.51408,17.44483],[78.51406,17.44457],[78.51421,17.44431],[78.51399,17.44396],[78.51372,17.44373],[78.5133,17.44237],[78.51197,17.44276],[78.51136,17.44234],[78.51078,17.44255],[78.5104,17.44151],[78.50938,17.44186],[78.5086,17.43974],[78.50915,17.43949],[78.50931,17.43933],[78.50862,17.43846],[78.50813,17.43812],[78.50752,17.43811],[78.50618,17.43906],[78.50501,17.4393],[78.50477,17.43811],[78.50478,17.43743],[78.50517,17.43674],[78.50611,17.4332],[78.50595,17.43268],[78.50314,17.4318],[78.50204,17.43165],[78.50051,17.4317],[78.49895,17.43194],[78.49836,17.43196],[78.49817,17.43189],[78.49801,17.43196],[78.49268,17.43127],[78.49338,17.43392],[78.49344,17.43506],[78.4937,17.43579],[78.49406,17.4373],[78.49486,17.43822],[78.49518,17.43935],[78.49532,17.44038],[78.49622,17.44032],[78.49674,17.44048],[78.49854,17.44155],[78.49864,17.44187],[78.49839,17.4431],[78.50072,17.44296],[78.50133,17.44284],[78.5018,17.44611],[78.50215,17.44655],[78.50235,17.44701],[78.50334,17.44835],[78.50494,17.45013],[78.50581,17.45198]]]}},{"type":"Feature","properties":{"ward_no":136,"ward":"Neredmet","circle":"28-MALKAJGIRI","zone":"SECUNDERABAD ZONE"},"geometry":{"type":"MultiPolygon","coordinates":[[[[78.54642,17.52058],[78.54625,17.51954],[78.54552,17.51976],[78.54476,17.51768],[78.5451,17.5176],[78.54517,17.51769],[78.5457,17.51749],[78.54586,17.51656],[78.54747,17.51687],[78.54771,17.51589],[78.54751,17.5158],[78.54771,17.51473],[78.54773,17.51408],[78.54813,17.51412],[78.54822,17.51082],[78.54822,17.51063],[78.54811,17.51059],[78.54823,17.50927],[78.54879,17.50932],[78.5488,17.50921],[78.54926,17.50925],[78.55005,17.50916],[78.55025,17.50904],[78.55121,17.50884],[78.55136,17.50857],[78.55135,17.50825],[78.55258,17.50828],[78.55267,17.50855],[78.5571,17.50785],[78.55685,17.50519],[78.55688,17.50482],[78.55566,17.50254],[78.55343,17.50094],[78.55331,17.50103],[78.553,17.50063],[78.55262,17.50041],[78.55231,17.50036],[78.55195,17.50005],[78.55142,17.49917],[78.55012,17.49833],[78.54903,17.49828],[78.54788,17.49834],[78.54713,17.5],[78.54674,17.49993],[78.54609,17.49692],[78.54504,17.49733],[78.54473,17.49657],[78.54363,17.49708],[78.54388,17.49794],[78.54249,17.49745],[78.54256,17.49738],[78.54221,17.49707],[78.5417,17.49621],[78.54101,17.49667],[78.54037,17.49687],[78.53954,17.49692],[78.53947,17.49705],[78.53867,17.49726],[78.53942,17.49985],[78.53868,17.50004],[78.53847,17.49925],[78.53821,17.49924],[78.53788,17.49938],[78.53779,17.49914],[78.53733,17.49927],[78.53721,17.49871],[78.5363,17.49909],[78.53539,17.49873],[78.53497,17.49944],[78.53451,17.49964],[78.53347,17.50069],[78.53292,17.50109],[78.53166,17.5017],[78.53038,17.50247],[78.53029,17.50545],[78.53035,17.50756],[78.53049,17.508],[78.53103,17.50903],[78.53096,17.50987],[78.53112,17.51017],[78.52998,17.51041],[78.53011,17.51135],[78.53024,17.51157],[78.53087,17.51186],[78.53116,17.51277],[78.53132,17.51293],[78.5338,17.51215],[78.5353,17.51195],[78.53803,17.51189],[78.53801,17.51134],[78.53913,17.51137],[78.54016,17.51156],[78.54003,17.51549],[78.54019,17.5174],[78.54035,17.5182],[78.54077,17.51949],[78.54193,17.51926],[78.54254,17.51928],[78.54356,17.51909],[78.546,17.52166],[78.54642,17.52058]]],[[[78.53499,17.49348],[78.53556,17.49308],[78.53579,17.49319],[78.53694,17.49262],[78.5371,17.49229],[78.5369,17.4918],[78.53719,17.4917],[78.53765,17.4917],[78.53765,17.49151],[78.53824,17.49151],[78.53825,17.4912],[78.53932,17.49105],[78.53924,17.49034],[78.53938,17.49025],[78.54075,17.49005],[78.5405,17.48963],[78.54098,17.4895],[78.54136,17.48926],[78.54181,17.48923],[78.54174,17.48868],[78.54162,17.48836],[78.54915,17.48402],[78.54451,17.48337],[78.5446,17.48159],[78.5444,17.48076],[78.54429,17.47976],[78.54362,17.47985],[78.54285,17.47981],[78.54085,17.47963],[78.54052,17.4795],[78.53807,17.47942],[78.53706,17.47923],[78.53729,17.47813],[78.53767,17.47719],[78.5376,17.47639],[78.53652,17.47605],[78.53627,17.47617],[78.53549,17.47547],[78.53554,17.47505],[78.53493,17.4746],[78.53513,17.47431],[78.53538,17.47335],[78.53498,17.47325],[78.53482,17.4731],[78.534,17.47115],[78.53367,17.47124],[78.53357,17.471],[78.53169,17.47127],[78.53054,17.47116],[78.52868,17.47738],[78.52719,17.47663],[78.52687,17.47654],[78.52628,17.47656],[78.52344,17.47821],[78.52349,17.47957],[78.52368,17.48094],[78.52376,17.48122],[78.52476,17.48227],[78.52553,17.48374],[78.52568,17.48424],[78.52565,17.4852],[78.52588,17.48529],[78.52706,17.48518],[78.52746,17.48523],[78.52758,17.4854],[78.52762,17.48601],[78.53079,17.48936],[78.53348,17.49148],[78.53447,17.49237],[78.53396,17.49334],[78.53403,17.49449],[78.53499,17.49348]]]]}},{"type":"Feature","properties":{"ward_no":141,"ward":"Goutham Nagar","circle":"28-MALKAJGIRI","zone":"SECUNDERABAD ZONE"},"geometry":{"type":"Polygon","coordinates":[[[78.53626,17.44931],[78.53647,17.4488],[78.53559,17.44611],[78.53547,17.44588],[78.5338,17.44426],[78.53325,17.443],[78.5327,17.4423],[78.53252,17.44218],[78.53174,17.44212],[78.53159,17.44203],[78.53137,17.44209],[78.5299,17.44206],[78.52707,17.4424],[78.52652,17.44226],[78.52457,17.44311],[78.52435,17.44275],[78.52273,17.44317],[78.52054,17.44382],[78.52104,17.44513],[78.51977,17.44566],[78.51991,17.44596],[78.51981,17.446],[78.51988,17.44618],[78.51983,17.44627],[78.52,17.44692],[78.52152,17.44652],[78.52161,17.4466],[78.52186,17.44757],[78.52131,17.44774],[78.52209,17.44827],[78.52253,17.44912],[78.52295,17.44909],[78.52343,17.44886],[78.52365,17.44928],[78.524,17.45062],[78.52431,17.45215],[78.52464,17.45314],[78.52476,17.45406],[78.52492,17.45453],[78.52545,17.45535],[78.532,17.46094],[78.53225,17.46121],[78.53246,17.46164],[78.53299,17.46223],[78.53299,17.46231],[78.53314,17.46226],[78.53311,17.46136],[78.53273,17.4598],[78.53196,17.45724],[78.53201,17.45705],[78.53226,17.45647],[78.53256,17.45602],[78.53297,17.45576],[78.5351,17.45481],[78.53457,17.45416],[78.53301,17.45145],[78.53234,17.45047],[78.53235,17.45032],[78.53388,17.45032],[78.53567,17.45015],[78.53626,17.44931]]]}},{"type":"Feature","properties":{"ward_no":140,"ward":"Malkajgiri","circle":"28-MALKAJGIRI","zone":"SECUNDERABAD ZONE"},"geometry":{"type":"Polygon","coordinates":[[[78.53299,17.46231],[78.53277,17.46374],[78.53054,17.47116],[78.53169,17.47127],[78.53357,17.471],[78.53367,17.47124],[78.534,17.47115],[78.53482,17.4731],[78.53498,17.47325],[78.53538,17.47335],[78.53513,17.47431],[78.53493,17.4746],[78.53554,17.47505],[78.53549,17.47547],[78.53627,17.47617],[78.53652,17.47605],[78.53758,17.47636],[78.53768,17.47701],[78.5403,17.47354],[78.54067,17.4727],[78.54091,17.47173],[78.53909,17.47158],[78.539,17.46755],[78.53873,17.46617],[78.53865,17.46515],[78.5378,17.46344],[78.53676,17.46217],[78.536,17.4614],[78.53688,17.46092],[78.53826,17.46045],[78.53853,17.46181],[78.53875,17.46225],[78.53987,17.46183],[78.5398,17.4616],[78.5401,17.4615],[78.54012,17.45957],[78.54032,17.45824],[78.54106,17.45583],[78.54154,17.45511],[78.54431,17.4523],[78.54464,17.45153],[78.54428,17.45077],[78.54437,17.45049],[78.54432,17.45007],[78.54358,17.44996],[78.54443,17.44978],[78.54514,17.44931],[78.54516,17.44918],[78.54501,17.44882],[78.54325,17.44897],[78.54322,17.44891],[78.54072,17.44878],[78.54113,17.45004],[78.53989,17.45046],[78.53688,17.44963],[78.53629,17.44927],[78.53595,17.44983],[78.53567,17.45015],[78.53388,17.45032],[78.53235,17.45032],[78.53234,17.45047],[78.53301,17.45145],[78.53457,17.45416],[78.5351,17.45481],[78.53297,17.45576],[78.53256,17.45602],[78.53226,17.45647],[78.53201,17.45705],[78.53196,17.45724],[78.53273,17.4598],[78.53311,17.46136],[78.53314,17.46226],[78.53299,17.46231]]]}},{"type":"Feature","properties":{"ward_no":139,"ward":"East Anand Bagh","circle":"28-MALKAJGIRI","zone":"SECUNDERABAD ZONE"},"geometry":{"type":"Polygon","coordinates":[[[78.56312,17.46137],[78.56301,17.46074],[78.56168,17.45577],[78.56147,17.45533],[78.5613,17.45469],[78.56137,17.45466],[78.56111,17.45378],[78.56125,17.45372],[78.56108,17.45329],[78.56142,17.45316],[78.56115,17.45251],[78.56094,17.45046],[78.56029,17.45018],[78.56074,17.4494],[78.55736,17.44751],[78.55824,17.44609],[78.55829,17.44551],[78.55635,17.44481],[78.55481,17.44404],[78.55363,17.44319],[78.55277,17.44207],[78.55449,17.44162],[78.55525,17.44127],[78.55734,17.43991],[78.55726,17.43962],[78.55618,17.44027],[78.55539,17.43915],[78.55471,17.43896],[78.55421,17.43863],[78.55313,17.43928],[78.55249,17.43951],[78.55143,17.43975],[78.55085,17.44004],[78.54967,17.43848],[78.5496,17.43849],[78.54879,17.43909],[78.54858,17.43915],[78.54856,17.43951],[78.54815,17.43966],[78.54796,17.43983],[78.54787,17.44003],[78.54789,17.44062],[78.54807,17.44133],[78.54794,17.44143],[78.54774,17.44146],[78.54763,17.44139],[78.54721,17.44078],[78.54703,17.44073],[78.5467,17.44087],[78.54662,17.44108],[78.54667,17.4415],[78.54721,17.44283],[78.54539,17.44412],[78.54399,17.44462],[78.54366,17.44465],[78.54337,17.44358],[78.54332,17.44295],[78.54234,17.44311],[78.54121,17.44342],[78.541,17.44238],[78.54033,17.44252],[78.53953,17.44156],[78.53892,17.44148],[78.5383,17.44112],[78.53836,17.44065],[78.53566,17.44053],[78.53561,17.44071],[78.53546,17.44071],[78.53546,17.44078],[78.53441,17.44089],[78.53236,17.44184],[78.53231,17.44177],[78.53159,17.44203],[78.53174,17.44212],[78.53252,17.44218],[78.5327,17.4423],[78.53325,17.443],[78.5338,17.44426],[78.53547,17.44588],[78.53647,17.4488],[78.53626,17.44931],[78.53688,17.44963],[78.53989,17.45046],[78.54113,17.45004],[78.54072,17.44878],[78.54322,17.44891],[78.54325,17.44897],[78.54501,17.44882],[78.54516,17.44918],[78.54514,17.44931],[78.54443,17.44978],[78.54358,17.44996],[78.54432,17.45007],[78.54437,17.45049],[78.54428,17.45077],[78.54464,17.45153],[78.54431,17.4523],[78.54154,17.45511],[78.54109,17.4558],[78.54138,17.45621],[78.54162,17.45695],[78.54186,17.45693],[78.54196,17.45704],[78.5424,17.45693],[78.54269,17.4576],[78.54276,17.45811],[78.54283,17.45807],[78.54302,17.45877],[78.5434,17.45929],[78.54359,17.45925],[78.5436,17.45916],[78.54351,17.45904],[78.54328,17.45899],[78.54319,17.4587],[78.54327,17.45862],[78.54406,17.4585],[78.54466,17.4589],[78.54548,17.45916],[78.54694,17.46004],[78.5475,17.46],[78.54893,17.45951],[78.54931,17.45956],[78.54955,17.46062],[78.55011,17.46048],[78.55132,17.46038],[78.5513,17.46019],[78.55196,17.45983],[78.55212,17.46003],[78.55298,17.45998],[78.55529,17.45911],[78.55559,17.45884],[78.55688,17.4584],[78.55703,17.4587],[78.55846,17.45816],[78.55875,17.45894],[78.55904,17.45884],[78.5598,17.45959],[78.56017,17.46051],[78.55869,17.46104],[78.55844,17.46121],[78.55847,17.46127],[78.55829,17.46131],[78.55841,17.46147],[78.55915,17.46127],[78.55976,17.46195],[78.55973,17.46203],[78.56084,17.4628],[78.56106,17.4626],[78.56313,17.46166],[78.5632,17.46161],[78.56312,17.46137]]]}},{"type":"Feature","properties":{"ward_no":142,"ward":"Addagutta","circle":"29-SECUNDERABAD","zone":"SECUNDERABAD ZONE"},"geometry":{"type":"Polygon","coordinates":[[[78.53836,17.44065],[78.53846,17.44061],[78.53859,17.44026],[78.53848,17.43963],[78.53835,17.43746],[78.53865,17.43744],[78.53736,17.43587],[78.53728,17.43569],[78.5365,17.43581],[78.53594,17.4344],[78.53442,17.43601],[78.534,17.43635],[78.53311,17.4368],[78.53192,17.43708],[78.52946,17.43711],[78.5283,17.43724],[78.52761,17.43743],[78.52271,17.4393],[78.52102,17.4394],[78.52123,17.43947],[78.52016,17.43955],[78.51963,17.43946],[78.51739,17.43934],[78.51689,17.4392],[78.51638,17.43899],[78.5151,17.43811],[78.51345,17.43661],[78.51264,17.43608],[78.512,17.4358],[78.51194,17.43599],[78.51055,17.43554],[78.50581,17.43439],[78.50517,17.43674],[78.50478,17.43743],[78.50477,17.43811],[78.50501,17.4393],[78.50618,17.43906],[78.50752,17.43811],[78.50813,17.43812],[78.50862,17.43846],[78.50931,17.43933],[78.50915,17.43949],[78.5086,17.43974],[78.50938,17.44186],[78.5104,17.44151],[78.51078,17.44255],[78.51136,17.44234],[78.51197,17.44276],[78.5133,17.44237],[78.51372,17.44373],[78.51399,17.44396],[78.51421,17.44431],[78.51406,17.44457],[78.51408,17.44483],[78.51468,17.44476],[78.51481,17.44541],[78.51556,17.44485],[78.51717,17.44398],[78.51844,17.44619],[78.52104,17.44513],[78.52054,17.44382],[78.52273,17.44317],[78.52435,17.44275],[78.52457,17.44311],[78.52652,17.44226],[78.52707,17.4424],[78.5299,17.44206],[78.53147,17.44207],[78.53231,17.44177],[78.53236,17.44184],[78.53441,17.44089],[78.53546,17.44078],[78.53546,17.44071],[78.53561,17.44071],[78.53566,17.44053],[78.53836,17.44065]]]}},{"type":"Feature","properties":{"ward_no":137,"ward":"Vinayak Nagar","circle":"28-MALKAJGIRI","zone":"SECUNDERABAD ZONE"},"geometry":{"type":"Polygon","coordinates":[[[78.54986,17.48362],[78.55011,17.48323],[78.55022,17.48056],[78.54984,17.4806],[78.5491,17.48042],[78.5489,17.48027],[78.54854,17.48018],[78.54867,17.47975],[78.54903,17.47905],[78.5477,17.47836],[78.54715,17.47823],[78.54732,17.47737],[78.54726,17.47733],[78.54727,17.4759],[78.54695,17.47372],[78.5465,17.47253],[78.54652,17.4722],[78.54583,17.47052],[78.54603,17.47042],[78.54537,17.46865],[78.54387,17.46867],[78.54371,17.46875],[78.54357,17.46784],[78.54317,17.46789],[78.54303,17.46702],[78.54277,17.46675],[78.54249,17.46618],[78.54271,17.46611],[78.54279,17.46632],[78.5454,17.46532],[78.54519,17.46463],[78.54654,17.46424],[78.5466,17.46431],[78.54819,17.46379],[78.54839,17.46359],[78.54849,17.46295],[78.54844,17.46274],[78.54831,17.46264],[78.54762,17.46268],[78.54735,17.46235],[78.54684,17.46245],[78.5468,17.46227],[78.54687,17.46202],[78.54703,17.46156],[78.5476,17.46124],[78.54816,17.46106],[78.54904,17.46095],[78.54911,17.46068],[78.54951,17.4606],[78.54937,17.45962],[78.54893,17.45951],[78.5475,17.46],[78.54694,17.46004],[78.54548,17.45916],[78.54466,17.4589],[78.54406,17.4585],[78.54327,17.45862],[78.54319,17.4587],[78.54328,17.45899],[78.54351,17.45904],[78.5436,17.45916],[78.54359,17.45925],[78.5434,17.45929],[78.54302,17.45877],[78.54283,17.45807],[78.54276,17.45811],[78.54269,17.4576],[78.5424,17.45693],[78.54196,17.45704],[78.54186,17.45693],[78.54162,17.45695],[78.54138,17.45621],[78.54109,17.4558],[78.54032,17.45824],[78.54012,17.45957],[78.5401,17.4615],[78.5398,17.4616],[78.53987,17.46183],[78.53875,17.46225],[78.53853,17.46181],[78.53826,17.46045],[78.53688,17.46092],[78.536,17.4614],[78.53676,17.46217],[78.5378,17.46344],[78.53865,17.46515],[78.53873,17.46617],[78.539,17.46755],[78.53909,17.47158],[78.54091,17.47173],[78.54067,17.4727],[78.5403,17.47354],[78.53768,17.47701],[78.53729,17.47813],[78.53706,17.47923],[78.53807,17.47942],[78.54052,17.4795],[78.54085,17.47963],[78.54285,17.47981],[78.54362,17.47985],[78.54429,17.47976],[78.5444,17.48076],[78.5446,17.48159],[78.54451,17.48337],[78.54915,17.48402],[78.54986,17.48362]]]}},{"type":"Feature","properties":{"ward_no":134,"ward":"Alwal","circle":"27-ALWAL","zone":"KUKATPALLY ZONE"},"geometry":{"type":"Polygon","coordinates":[[[78.50914,17.50973],[78.50918,17.50923],[78.51014,17.50932],[78.51031,17.50954],[78.51041,17.50955],[78.51083,17.50916],[78.51201,17.50893],[78.51254,17.50898],[78.51275,17.50874],[78.51359,17.50844],[78.51377,17.50845],[78.51409,17.50889],[78.51475,17.50875],[78.51442,17.50733],[78.5144,17.5058],[78.51467,17.50464],[78.51507,17.50375],[78.51427,17.50265],[78.51411,17.50223],[78.51297,17.49535],[78.51251,17.49308],[78.51254,17.49261],[78.51275,17.49183],[78.51279,17.49107],[78.50714,17.49175],[78.50745,17.49329],[78.5055,17.49372],[78.50636,17.49524],[78.50556,17.49561],[78.5056,17.49586],[78.5046,17.49628],[78.50483,17.49735],[78.50615,17.49688],[78.50641,17.49747],[78.50663,17.49742],[78.50671,17.49761],[78.50677,17.4981],[78.50574,17.4982],[78.50591,17.50024],[78.50448,17.50031],[78.50438,17.50006],[78.50336,17.50035],[78.50329,17.5003],[78.50206,17.50074],[78.50216,17.50102],[78.50188,17.5012],[78.50203,17.50159],[78.50173,17.50171],[78.50054,17.49886],[78.49942,17.49925],[78.4975,17.49972],[78.49693,17.5009],[78.49655,17.50084],[78.49617,17.50063],[78.49646,17.49922],[78.49647,17.49775],[78.4962,17.49729],[78.49773,17.49506],[78.49646,17.4919],[78.49633,17.49132],[78.49608,17.49127],[78.49564,17.49026],[78.49446,17.49099],[78.49303,17.49169],[78.49324,17.4922],[78.49329,17.49306],[78.49254,17.49313],[78.49227,17.49323],[78.49291,17.49426],[78.49323,17.49617],[78.49322,17.49809],[78.49176,17.50476],[78.49058,17.50468],[78.48935,17.50432],[78.48192,17.50072],[78.48203,17.50156],[78.48402,17.50237],[78.48499,17.5029],[78.48715,17.50455],[78.48813,17.50503],[78.48958,17.50558],[78.49314,17.50652],[78.49735,17.50645],[78.49879,17.50679],[78.50067,17.50747],[78.502,17.50832],[78.5025,17.50849],[78.50581,17.50906],[78.50596,17.50911],[78.50594,17.50945],[78.5073,17.50948],[78.50757,17.51042],[78.50907,17.51013],[78.50914,17.50973]]]}},{"type":"Feature","properties":{"ward_no":132,"ward":"Jeedimetla","circle":"25-QUTUBULLAPUR","zone":"KUKATPALLY ZONE"},"geometry":{"type":"Polygon","coordinates":[[[78.46997,17.49585],[78.46959,17.49663],[78.46916,17.49703],[78.46788,17.49763],[78.46658,17.49804],[78.46638,17.49737],[78.4651,17.49808],[78.46387,17.4984],[78.4645,17.50047],[78.46475,17.5004],[78.46502,17.50118],[78.46437,17.50154],[78.4634,17.50191],[78.46295,17.50222],[78.46219,17.50176],[78.46204,17.50124],[78.46184,17.50098],[78.4614,17.50096],[78.4612,17.50073],[78.45921,17.50171],[78.45925,17.50176],[78.45711,17.50273],[78.45636,17.50303],[78.45551,17.50309],[78.45503,17.50402],[78.45494,17.50437],[78.45501,17.50485],[78.45514,17.50529],[78.45547,17.50573],[78.45656,17.50626],[78.45662,17.50714],[78.45597,17.50718],[78.45444,17.50771],[78.45506,17.51106],[78.45489,17.51153],[78.45523,17.5117],[78.45551,17.51201],[78.45564,17.5118],[78.4588,17.50911],[78.45961,17.50766],[78.46007,17.50774],[78.46173,17.50775],[78.4648,17.50761],[78.46672,17.50632],[78.46729,17.5057],[78.46746,17.50544],[78.46764,17.5049],[78.46816,17.50528],[78.4682,17.5056],[78.46767,17.50611],[78.46717,17.50696],[78.46673,17.50753],[78.46685,17.50777],[78.46697,17.50836],[78.46555,17.51073],[78.46554,17.51128],[78.46491,17.51163],[78.46496,17.51226],[78.4655,17.51357],[78.46557,17.51397],[78.46536,17.51436],[78.46538,17.51469],[78.46518,17.51529],[78.46533,17.51561],[78.46519,17.51579],[78.46501,17.51578],[78.46491,17.51586],[78.46496,17.51622],[78.46549,17.51821],[78.46574,17.5186],[78.46659,17.5224],[78.46492,17.52302],[78.46489,17.52618],[78.46514,17.5268],[78.46483,17.52703],[78.46448,17.52808],[78.46495,17.52971],[78.46584,17.52959],[78.47035,17.52805],[78.47069,17.5283],[78.47081,17.52861],[78.47385,17.52865],[78.47413,17.52835],[78.47533,17.528],[78.47562,17.52756],[78.47549,17.5267],[78.48053,17.52521],[78.48151,17.52481],[78.48188,17.52542],[78.48236,17.52557],[78.48385,17.5249],[78.48747,17.53058],[78.4886,17.53266],[78.4894,17.53265],[78.4913,17.53241],[78.49162,17.53228],[78.49269,17.52879],[78.49283,17.52809],[78.4931,17.52774],[78.49492,17.52799],[78.49727,17.52781],[78.49765,17.52784],[78.49815,17.52806],[78.49926,17.52784],[78.49991,17.52782],[78.50044,17.52793],[78.50214,17.52677],[78.50173,17.52466],[78.50141,17.52367],[78.5013,17.52285],[78.49975,17.52325],[78.4976,17.52364],[78.49747,17.52309],[78.49662,17.52317],[78.49635,17.52312],[78.49564,17.5236],[78.49523,17.52372],[78.4949,17.52365],[78.49463,17.5234],[78.49374,17.52194],[78.49147,17.52219],[78.49063,17.5221],[78.48964,17.52185],[78.48767,17.52112],[78.48666,17.52083],[78.4857,17.5209],[78.48534,17.51933],[78.48505,17.51882],[78.48507,17.51853],[78.48465,17.51738],[78.48474,17.51734],[78.48463,17.51702],[78.48482,17.51699],[78.48476,17.51666],[78.48485,17.51592],[78.48492,17.51583],[78.48474,17.51499],[78.4851,17.51491],[78.48478,17.51344],[78.48508,17.51182],[78.48522,17.5104],[78.48266,17.50284],[78.48205,17.50172],[78.48192,17.50072],[78.48172,17.50053],[78.48062,17.49832],[78.47886,17.49455],[78.47854,17.49456],[78.47515,17.49582],[78.47262,17.49615],[78.47237,17.49584],[78.47211,17.49576],[78.46997,17.49585]]]}},{"type":"Feature","properties":{"ward_no":null,"ward":"Contonment Area","circle":"CANTONMENT AREA","zone":null},"geometry":{"type":"Polygon","coordinates":[[[78.49077,17.48016],[78.48859,17.48053],[78.48815,17.48074],[78.48824,17.48132],[78.48789,17.4815],[78.48824,17.48152],[78.48867,17.483],[78.49268,17.48265],[78.49243,17.48131],[78.491,17.48132],[78.49077,17.48016]]]}},{"type":"Feature","properties":{"ward_no":120,"ward":"Bala Nagar","circle":"24-KUKATPALLY","zone":"KUKATPALLY ZONE"},"geometry":{"type":"Polygon","coordinates":[[[78.4494,17.48315],[78.44984,17.48347],[78.45193,17.48334],[78.45342,17.48272],[78.455,17.48266],[78.45511,17.48239],[78.45564,17.48323],[78.4561,17.48373],[78.45662,17.48364],[78.45716,17.48344],[78.45747,17.48345],[78.45794,17.48372],[78.45981,17.48526],[78.46013,17.48563],[78.46013,17.48632],[78.46085,17.48635],[78.46085,17.48669],[78.46106,17.48671],[78.46106,17.48676],[78.46225,17.48675],[78.46346,17.48716],[78.46417,17.48687],[78.46484,17.48599],[78.46503,17.48504],[78.46464,17.48159],[78.4635,17.48166],[78.4634,17.47929],[78.46362,17.47713],[78.46356,17.47211],[78.4633,17.46822],[78.46329,17.46635],[78.46339,17.46474],[78.46326,17.46227],[78.45959,17.46356],[78.45858,17.46383],[78.45813,17.46385],[78.45398,17.46346],[78.45275,17.46369],[78.44347,17.46803],[78.435,17.47091],[78.43086,17.47219],[78.42814,17.4732],[78.42803,17.47374],[78.42785,17.47418],[78.42787,17.47507],[78.42798,17.47565],[78.42802,17.47752],[78.42818,17.4783],[78.42877,17.47943],[78.42885,17.48035],[78.42867,17.48092],[78.42771,17.4811],[78.42755,17.48124],[78.42755,17.48164],[78.42742,17.4821],[78.42775,17.48253],[78.42776,17.48266],[78.42746,17.48343],[78.42758,17.4839],[78.42754,17.48409],[78.42728,17.48439],[78.42696,17.48451],[78.42679,17.48484],[78.42617,17.48551],[78.42624,17.48597],[78.42672,17.48645],[78.42676,17.48674],[78.42634,17.48746],[78.42601,17.48749],[78.42541,17.48785],[78.4251,17.48815],[78.42496,17.48841],[78.42502,17.48911],[78.42516,17.48924],[78.42608,17.48964],[78.42607,17.49124],[78.42905,17.49134],[78.42824,17.48999],[78.42863,17.48984],[78.4315,17.48793],[78.43334,17.48655],[78.43621,17.48407],[78.43773,17.48331],[78.44432,17.48135],[78.44476,17.48286],[78.44546,17.4834],[78.44812,17.4835],[78.44797,17.48279],[78.44927,17.4826],[78.4494,17.48315]]]}},{"type":"Feature","properties":{"ward_no":130,"ward":"Subhash Nagar","circle":"25-QUTUBULLAPUR","zone":"KUKATPALLY ZONE"},"geometry":{"type":"Polygon","coordinates":[[[78.44353,17.54688],[78.44438,17.53477],[78.44479,17.53499],[78.44923,17.53368],[78.45619,17.53266],[78.4558,17.53137],[78.45899,17.53323],[78.45994,17.53172],[78.45815,17.53056],[78.45901,17.53047],[78.45986,17.53021],[78.46098,17.52973],[78.46115,17.52957],[78.46154,17.52953],[78.46169,17.52961],[78.46204,17.52959],[78.46219,17.52968],[78.46285,17.52974],[78.46353,17.52964],[78.46481,17.52924],[78.46448,17.52808],[78.46483,17.52703],[78.46514,17.5268],[78.46489,17.52618],[78.46492,17.52302],[78.46659,17.5224],[78.46574,17.5186],[78.46549,17.51821],[78.46496,17.51622],[78.46491,17.51586],[78.46501,17.51578],[78.46519,17.51579],[78.46533,17.51561],[78.46518,17.51529],[78.46538,17.51469],[78.46536,17.51436],[78.46557,17.51397],[78.4655,17.51357],[78.46496,17.51226],[78.46491,17.51163],[78.46554,17.51128],[78.46555,17.51073],[78.46697,17.50836],[78.46685,17.50777],[78.46673,17.50753],[78.46717,17.50696],[78.46767,17.50611],[78.46823,17.50556],[78.46816,17.50528],[78.46776,17.50494],[78.46764,17.5049],[78.46746,17.50544],[78.46729,17.5057],[78.46672,17.50632],[78.4648,17.50761],[78.46173,17.50775],[78.46007,17.50774],[78.45961,17.50766],[78.4588,17.50911],[78.45564,17.5118],[78.45551,17.51201],[78.45523,17.5117],[78.45489,17.51153],[78.45506,17.51106],[78.45473,17.50931],[78.45301,17.51051],[78.44995,17.51179],[78.44883,17.51167],[78.44777,17.51141],[78.44658,17.51811],[78.44476,17.52103],[78.44306,17.52332],[78.44162,17.52548],[78.44105,17.52599],[78.43955,17.52709],[78.43728,17.52979],[78.43615,17.53195],[78.43497,17.53541],[78.43431,17.53749],[78.43392,17.53977],[78.43384,17.54112],[78.43529,17.54041],[78.43566,17.54143],[78.43553,17.54145],[78.43673,17.54502],[78.43639,17.54515],[78.43671,17.54623],[78.4368,17.54823],[78.43638,17.54961],[78.43552,17.55013],[78.43394,17.55134],[78.43392,17.55214],[78.4337,17.55219],[78.4337,17.55404],[78.44242,17.553],[78.44353,17.54688]]]}},{"type":"Feature","properties":{"ward_no":131,"ward":"Quthbullapur","circle":"25-QUTUBULLAPUR","zone":"KUKATPALLY ZONE"},"geometry":{"type":"Polygon","coordinates":[[[78.45503,17.50402],[78.45551,17.50309],[78.45636,17.50303],[78.45711,17.50273],[78.45925,17.50176],[78.45921,17.50171],[78.4612,17.50073],[78.4614,17.50096],[78.46184,17.50098],[78.46204,17.50124],[78.46219,17.50176],[78.46295,17.50222],[78.4634,17.50191],[78.46437,17.50154],[78.46502,17.50118],[78.46475,17.5004],[78.4645,17.50047],[78.46387,17.4984],[78.4651,17.49808],[78.46638,17.49737],[78.46658,17.49804],[78.46788,17.49763],[78.46916,17.49703],[78.46959,17.49663],[78.46997,17.49585],[78.4677,17.49328],[78.46469,17.48912],[78.46394,17.48864],[78.46158,17.48768],[78.46159,17.48714],[78.46103,17.4872],[78.46106,17.48671],[78.46085,17.48669],[78.46085,17.48635],[78.46013,17.48632],[78.46013,17.48563],[78.45981,17.48526],[78.45854,17.48419],[78.45747,17.48345],[78.45716,17.48344],[78.45662,17.48364],[78.4561,17.48373],[78.45564,17.48323],[78.45511,17.48239],[78.455,17.48266],[78.45342,17.48272],[78.45193,17.48334],[78.44984,17.48347],[78.4494,17.48315],[78.45004,17.4868],[78.45213,17.49481],[78.45225,17.49598],[78.45184,17.49884],[78.44804,17.50954],[78.44777,17.51141],[78.44883,17.51167],[78.44995,17.51179],[78.45301,17.51051],[78.45473,17.50931],[78.45444,17.50771],[78.45597,17.50718],[78.45662,17.50714],[78.45656,17.50626],[78.45547,17.50573],[78.45514,17.50529],[78.45494,17.50437],[78.45503,17.50402]]]}},{"type":"Feature","properties":{"ward_no":121,"ward":"Kukatpally","circle":"24-KUKATPALLY","zone":"KUKATPALLY ZONE"},"geometry":{"type":"Polygon","coordinates":[[[78.42697,17.49906],[78.42696,17.49889],[78.42764,17.49866],[78.42777,17.49887],[78.42798,17.49878],[78.4281,17.499],[78.42827,17.49906],[78.42837,17.499],[78.42844,17.49919],[78.42895,17.49904],[78.43274,17.49728],[78.4314,17.4943],[78.43057,17.49462],[78.43021,17.49382],[78.42841,17.49459],[78.42819,17.49428],[78.42753,17.49406],[78.42675,17.49342],[78.42678,17.49318],[78.42663,17.49285],[78.42668,17.49279],[78.42607,17.49124],[78.42608,17.48964],[78.42516,17.48924],[78.42499,17.48899],[78.42496,17.48841],[78.4251,17.48815],[78.42541,17.48785],[78.42601,17.48749],[78.42634,17.48746],[78.42676,17.48674],[78.42672,17.48645],[78.42624,17.48597],[78.42617,17.48551],[78.42679,17.48484],[78.42696,17.48451],[78.42728,17.48439],[78.42754,17.48409],[78.42758,17.4839],[78.42746,17.48343],[78.42776,17.48266],[78.42775,17.48253],[78.42742,17.4821],[78.42755,17.48164],[78.42755,17.48124],[78.42771,17.4811],[78.42867,17.48092],[78.42885,17.48035],[78.42877,17.47943],[78.42818,17.4783],[78.42802,17.47752],[78.42798,17.47565],[78.42787,17.47507],[78.42785,17.47418],[78.42803,17.47374],[78.42814,17.4732],[78.42439,17.47524],[78.42081,17.47757],[78.41821,17.47948],[78.41589,17.48173],[78.4133,17.48327],[78.41254,17.4839],[78.41325,17.486],[78.41327,17.48709],[78.41373,17.48764],[78.41411,17.48895],[78.41417,17.48971],[78.41409,17.49002],[78.41386,17.49037],[78.41372,17.49097],[78.41378,17.4915],[78.4149,17.49428],[78.4151,17.49494],[78.41689,17.49581],[78.41748,17.49627],[78.4187,17.49634],[78.42024,17.49602],[78.4202,17.49731],[78.42029,17.4975],[78.42075,17.49776],[78.42176,17.49765],[78.42273,17.49851],[78.42377,17.49919],[78.42438,17.49933],[78.42582,17.49887],[78.42579,17.49876],[78.42633,17.49859],[78.42648,17.49913],[78.42684,17.49901],[78.42688,17.49908],[78.42697,17.49906]]]}},{"type":"Feature","properties":{"ward_no":125,"ward":"Gajularamaram","circle":"26-GAJULARAMARAM","zone":"KUKATPALLY ZONE"},"geometry":{"type":"Polygon","coordinates":[[[78.40781,17.54625],[78.40781,17.54571],[78.4086,17.54573],[78.40868,17.54567],[78.4094,17.54274],[78.41043,17.5411],[78.41015,17.54061],[78.41073,17.54031],[78.41084,17.54013],[78.41089,17.53964],[78.41168,17.53833],[78.41232,17.53752],[78.4124,17.53746],[78.41267,17.53751],[78.41271,17.5374],[78.41248,17.53703],[78.41278,17.53673],[78.41276,17.53633],[78.41291,17.53581],[78.41328,17.53522],[78.41403,17.53461],[78.41659,17.53319],[78.42082,17.53269],[78.42123,17.53436],[78.42273,17.53359],[78.42345,17.53342],[78.4238,17.53341],[78.42395,17.53383],[78.4239,17.53495],[78.42422,17.53524],[78.4246,17.53585],[78.4251,17.53517],[78.4254,17.53497],[78.42619,17.53459],[78.42648,17.53458],[78.42664,17.5347],[78.42651,17.53372],[78.42653,17.53352],[78.42678,17.53307],[78.42763,17.53262],[78.4286,17.53223],[78.42848,17.53207],[78.42838,17.53152],[78.42834,17.53092],[78.42864,17.53082],[78.42843,17.52973],[78.42902,17.52957],[78.42897,17.52924],[78.42915,17.52908],[78.42914,17.52875],[78.43046,17.52855],[78.43137,17.52862],[78.43183,17.52832],[78.4321,17.52825],[78.43222,17.52807],[78.43223,17.5242],[78.43456,17.52409],[78.43424,17.523],[78.43533,17.52246],[78.43515,17.52209],[78.43609,17.52157],[78.43637,17.52151],[78.43584,17.52043],[78.43452,17.51939],[78.43511,17.51913],[78.43648,17.5175],[78.43751,17.51685],[78.43686,17.51606],[78.43653,17.51577],[78.43187,17.51282],[78.43116,17.51441],[78.43094,17.51448],[78.4303,17.51404],[78.42986,17.51248],[78.42869,17.5133],[78.42736,17.5127],[78.42699,17.51321],[78.42606,17.51363],[78.42614,17.5138],[78.42453,17.51446],[78.42133,17.51306],[78.42096,17.51326],[78.42072,17.51306],[78.42067,17.51272],[78.41976,17.5125],[78.4196,17.51251],[78.41829,17.51321],[78.41788,17.51332],[78.41399,17.51339],[78.40945,17.51397],[78.40926,17.51414],[78.40756,17.51458],[78.40715,17.51488],[78.40647,17.51498],[78.40623,17.51525],[78.40559,17.51551],[78.40062,17.51701],[78.4005,17.51734],[78.39932,17.51711],[78.39943,17.51688],[78.39835,17.51688],[78.39833,17.51823],[78.39757,17.51826],[78.39755,17.5197],[78.39632,17.51971],[78.39634,17.52241],[78.39486,17.52512],[78.39481,17.52532],[78.3947,17.52771],[78.39414,17.53121],[78.3939,17.53426],[78.39384,17.54068],[78.39404,17.54249],[78.3952,17.54234],[78.39531,17.54275],[78.39644,17.54258],[78.39705,17.54265],[78.40102,17.54405],[78.40203,17.54562],[78.40781,17.54625]]]}},{"type":"Feature","properties":{"ward_no":124,"ward":"Allywn Colony","circle":"24-KUKATPALLY","zone":"KUKATPALLY ZONE"},"geometry":{"type":"Polygon","coordinates":[[[78.41362,17.50872],[78.41484,17.50843],[78.41526,17.50846],[78.4165,17.50828],[78.41646,17.50761],[78.41719,17.50753],[78.41699,17.50662],[78.41721,17.50661],[78.41716,17.50571],[78.41691,17.50422],[78.41749,17.50402],[78.41853,17.504],[78.4188,17.50392],[78.41915,17.50361],[78.41944,17.50372],[78.41971,17.50336],[78.41974,17.50307],[78.41996,17.50253],[78.41603,17.50033],[78.41262,17.49881],[78.40959,17.49802],[78.40688,17.49687],[78.40616,17.49635],[78.40541,17.49547],[78.40299,17.4967],[78.40236,17.4967],[78.40235,17.49764],[78.40209,17.49764],[78.40154,17.49793],[78.40199,17.49873],[78.40197,17.49926],[78.4015,17.49926],[78.40155,17.50111],[78.40115,17.50206],[78.40107,17.50255],[78.40107,17.50316],[78.4014,17.50318],[78.40139,17.50356],[78.4011,17.50418],[78.40092,17.5044],[78.40078,17.50481],[78.40081,17.50508],[78.40051,17.50538],[78.40041,17.50572],[78.40009,17.50613],[78.39995,17.50686],[78.39963,17.50753],[78.40044,17.5073],[78.40093,17.50797],[78.4011,17.50831],[78.40171,17.51029],[78.40293,17.51218],[78.40331,17.51359],[78.40561,17.51394],[78.40666,17.51431],[78.41399,17.51339],[78.41408,17.51301],[78.41381,17.51228],[78.41243,17.51072],[78.41228,17.51023],[78.41238,17.50951],[78.41253,17.5092],[78.41362,17.50872]]]}},{"type":"Feature","properties":{"ward_no":114,"ward":"K.P.H.B.Colony","circle":"23-MOOSAPET","zone":"KUKATPALLY ZONE"},"geometry":{"type":"Polygon","coordinates":[[[78.39378,17.49673],[78.39725,17.49578],[78.39707,17.4955],[78.3968,17.4947],[78.39583,17.49279],[78.39494,17.49324],[78.39464,17.49273],[78.39535,17.49237],[78.3935,17.48843],[78.39527,17.48749],[78.39298,17.48308],[78.39425,17.48255],[78.39506,17.4803],[78.39572,17.47794],[78.39398,17.47388],[78.39153,17.46953],[78.38692,17.47169],[78.38665,17.4714],[78.38501,17.47034],[78.38447,17.4716],[78.38367,17.47294],[78.38102,17.47516],[78.37943,17.476],[78.3781,17.47702],[78.37858,17.478],[78.37901,17.47935],[78.3795,17.48052],[78.38305,17.49024],[78.38189,17.49151],[78.38005,17.49241],[78.37711,17.48764],[78.37689,17.48756],[78.37694,17.48437],[78.37632,17.48179],[78.37553,17.47909],[78.3736,17.48077],[78.37295,17.4812],[78.37192,17.48168],[78.37069,17.48198],[78.36598,17.48233],[78.36611,17.48441],[78.36724,17.48439],[78.36972,17.48991],[78.37183,17.494],[78.37249,17.49545],[78.37283,17.49647],[78.37414,17.49647],[78.37562,17.49693],[78.3772,17.49724],[78.38087,17.49896],[78.38191,17.49932],[78.38258,17.49942],[78.39083,17.49836],[78.39173,17.49804],[78.39378,17.49673]]]}},{"type":"Feature","properties":{"ward_no":116,"ward":"Allapur","circle":"23-MOOSAPET","zone":"KUKATPALLY ZONE"},"geometry":{"type":"Polygon","coordinates":[[[78.38913,17.46397],[78.39029,17.46378],[78.3919,17.4638],[78.39408,17.46413],[78.39519,17.46408],[78.39659,17.46363],[78.39845,17.46254],[78.40033,17.46132],[78.40103,17.46135],[78.4037,17.46049],[78.4038,17.46082],[78.40445,17.46159],[78.40485,17.46355],[78.41003,17.46359],[78.41416,17.46291],[78.41533,17.46232],[78.41582,17.46144],[78.41608,17.4596],[78.41737,17.45967],[78.41738,17.45947],[78.41532,17.45896],[78.41433,17.45511],[78.41498,17.45482],[78.41574,17.45643],[78.41604,17.45649],[78.4175,17.45585],[78.41891,17.45492],[78.41902,17.45505],[78.41924,17.45497],[78.41936,17.45394],[78.41743,17.454],[78.41606,17.45417],[78.41547,17.45434],[78.41365,17.45514],[78.41259,17.45537],[78.41131,17.45552],[78.41048,17.45577],[78.40983,17.45414],[78.4095,17.45425],[78.40933,17.45376],[78.40858,17.4531],[78.40535,17.45059],[78.40453,17.45061],[78.40426,17.45065],[78.40178,17.45172],[78.40112,17.45249],[78.39946,17.45382],[78.39757,17.45407],[78.39773,17.45468],[78.39739,17.45485],[78.39573,17.45487],[78.39386,17.45559],[78.39252,17.45662],[78.3924,17.45683],[78.38753,17.46214],[78.38755,17.46261],[78.38573,17.4652],[78.38394,17.46824],[78.38253,17.46993],[78.38019,17.47167],[78.37756,17.47277],[78.37709,17.47337],[78.37843,17.47657],[78.37803,17.47686],[78.3781,17.47702],[78.37943,17.476],[78.38102,17.47516],[78.38367,17.47294],[78.38449,17.47155],[78.3863,17.46731],[78.38745,17.46515],[78.38821,17.46451],[78.38913,17.46397]]]}},{"type":"Feature","properties":{"ward_no":115,"ward":"Balaji Nagar","circle":"23-MOOSAPET","zone":"KUKATPALLY ZONE"},"geometry":{"type":"Polygon","coordinates":[[[78.40366,17.49291],[78.4066,17.49151],[78.40717,17.49109],[78.40964,17.48802],[78.41092,17.48609],[78.41252,17.48392],[78.41288,17.48357],[78.41589,17.48173],[78.41868,17.47908],[78.42081,17.47757],[78.42334,17.47592],[78.42357,17.47549],[78.42715,17.47029],[78.42748,17.46967],[78.42761,17.46968],[78.42755,17.46961],[78.42514,17.46956],[78.42433,17.46997],[78.42397,17.46995],[78.42366,17.46985],[78.42331,17.46935],[78.42313,17.46929],[78.41914,17.46942],[78.41911,17.46896],[78.41843,17.46895],[78.41833,17.46888],[78.41798,17.46848],[78.41811,17.46834],[78.41808,17.46783],[78.41723,17.46631],[78.41654,17.46593],[78.41657,17.4655],[78.41678,17.46472],[78.41716,17.4637],[78.4172,17.46251],[78.4173,17.4622],[78.41734,17.46106],[78.41723,17.46075],[78.41723,17.46003],[78.41711,17.45966],[78.41608,17.4596],[78.41582,17.46144],[78.41533,17.46232],[78.41416,17.46291],[78.41003,17.46359],[78.40485,17.46355],[78.40445,17.46159],[78.4038,17.46082],[78.4037,17.46049],[78.40103,17.46135],[78.40033,17.46132],[78.39845,17.46254],[78.39659,17.46363],[78.39519,17.46408],[78.39408,17.46413],[78.3919,17.4638],[78.39029,17.46378],[78.38913,17.46397],[78.38821,17.46451],[78.38745,17.46515],[78.3863,17.46731],[78.38501,17.47034],[78.38665,17.4714],[78.38692,17.47169],[78.39153,17.46953],[78.39398,17.47388],[78.39451,17.47506],[78.39572,17.47794],[78.39506,17.4803],[78.39425,17.48255],[78.39298,17.48308],[78.39527,17.48749],[78.3935,17.48843],[78.39535,17.49237],[78.39464,17.49273],[78.39494,17.49324],[78.39583,17.49279],[78.3968,17.4947],[78.39707,17.4955],[78.39725,17.49578],[78.40366,17.49291]]]}},{"type":"Feature","properties":{"ward_no":117,"ward":"Moosapet","circle":"23-MOOSAPET","zone":"KUKATPALLY ZONE"},"geometry":{"type":"Polygon","coordinates":[[[78.42473,17.46978],[78.42514,17.46956],[78.42755,17.46961],[78.42722,17.46925],[78.42621,17.46773],[78.42562,17.46667],[78.42539,17.46641],[78.42556,17.46619],[78.42583,17.46601],[78.42725,17.46539],[78.42678,17.46435],[78.42912,17.46334],[78.42993,17.4626],[78.43108,17.46238],[78.43128,17.46196],[78.42917,17.46215],[78.4281,17.46202],[78.42839,17.45985],[78.42811,17.45979],[78.4279,17.45937],[78.42755,17.45933],[78.42695,17.45709],[78.42687,17.45695],[78.42642,17.45709],[78.42605,17.45541],[78.42503,17.45586],[78.42477,17.4553],[78.42457,17.45451],[78.42504,17.45449],[78.42483,17.45304],[78.42659,17.45288],[78.42638,17.45028],[78.42558,17.45051],[78.42501,17.45051],[78.4243,17.45063],[78.42435,17.45175],[78.42317,17.45193],[78.42337,17.45432],[78.42144,17.454],[78.41936,17.45394],[78.41924,17.45497],[78.41902,17.45505],[78.41891,17.45492],[78.4175,17.45585],[78.41604,17.45649],[78.41574,17.45643],[78.41498,17.45482],[78.41433,17.45511],[78.41532,17.45896],[78.41738,17.45947],[78.41737,17.45967],[78.41711,17.45966],[78.41723,17.46003],[78.41723,17.46075],[78.41734,17.46106],[78.41716,17.4637],[78.41678,17.46472],[78.41657,17.4655],[78.41654,17.46593],[78.41723,17.46631],[78.41808,17.46783],[78.41811,17.46834],[78.41798,17.46848],[78.41843,17.46895],[78.41911,17.46896],[78.41914,17.46942],[78.42313,17.46929],[78.42331,17.46935],[78.42366,17.46985],[78.42397,17.46995],[78.42433,17.46997],[78.42473,17.46978]]]}},{"type":"Feature","properties":{"ward_no":105,"ward":"Gachibowli","circle":"20-SERILINGAMPALLY","zone":"SERILINGAMPALLY ZONE"},"geometry":{"type":"Polygon","coordinates":[[[78.3203,17.47782],[78.32105,17.47772],[78.32135,17.47775],[78.32228,17.47831],[78.32265,17.4784],[78.32293,17.47837],[78.32357,17.47808],[78.324,17.47768],[78.32683,17.47344],[78.3298,17.47119],[78.33009,17.47062],[78.33051,17.46927],[78.33081,17.46872],[78.33391,17.46491],[78.33473,17.46358],[78.33553,17.46204],[78.33714,17.4604],[78.3397,17.4569],[78.34208,17.45454],[78.34414,17.45204],[78.34511,17.45132],[78.34677,17.45058],[78.34741,17.45013],[78.35217,17.44551],[78.35481,17.44342],[78.35937,17.44144],[78.36243,17.43957],[78.36464,17.438],[78.36623,17.43668],[78.36785,17.43518],[78.37044,17.43249],[78.37384,17.42977],[78.37579,17.42735],[78.37834,17.42556],[78.38124,17.42315],[78.38221,17.42254],[78.3836,17.4218],[78.3877,17.41872],[78.39178,17.41624],[78.39289,17.415],[78.39434,17.41397],[78.39471,17.41322],[78.39515,17.4127],[78.39482,17.41266],[78.39486,17.41073],[78.39271,17.41075],[78.39223,17.41064],[78.39119,17.41085],[78.3908,17.41042],[78.39055,17.40978],[78.38933,17.41019],[78.38878,17.41021],[78.38799,17.41047],[78.38774,17.41079],[78.38776,17.41147],[78.38763,17.41204],[78.38808,17.41398],[78.38716,17.41445],[78.38678,17.41434],[78.38656,17.41445],[78.38559,17.41511],[78.38479,17.41554],[78.38431,17.41604],[78.38382,17.41623],[78.38358,17.41621],[78.38295,17.4165],[78.38252,17.41681],[78.38173,17.4172],[78.38177,17.41728],[78.38148,17.4175],[78.38097,17.41769],[78.37947,17.41787],[78.37938,17.41747],[78.3782,17.41772],[78.37759,17.4158],[78.37716,17.41512],[78.37593,17.41629],[78.37526,17.41604],[78.37451,17.41595],[78.37431,17.41574],[78.37433,17.41546],[78.37408,17.41536],[78.374,17.41523],[78.37428,17.41492],[78.37423,17.41457],[78.37392,17.41431],[78.37324,17.41394],[78.37246,17.41273],[78.37181,17.41221],[78.37097,17.4121],[78.37061,17.41221],[78.37004,17.41251],[78.36949,17.41297],[78.36905,17.4132],[78.36891,17.41319],[78.3686,17.41292],[78.36794,17.41337],[78.36769,17.41371],[78.36753,17.41372],[78.3676,17.41312],[78.36682,17.41324],[78.36604,17.41317],[78.36608,17.41263],[78.36599,17.41233],[78.36609,17.41188],[78.3658,17.41199],[78.36568,17.41184],[78.36082,17.4131],[78.36055,17.41344],[78.35992,17.41389],[78.35905,17.41435],[78.3558,17.41576],[78.35574,17.41561],[78.3552,17.41602],[78.35385,17.41641],[78.3521,17.41342],[78.35084,17.41348],[78.3492,17.41286],[78.34824,17.41222],[78.3469,17.41338],[78.34512,17.41447],[78.34426,17.41479],[78.34241,17.41172],[78.34127,17.41194],[78.3409,17.41217],[78.33987,17.41236],[78.33928,17.41232],[78.33826,17.4125],[78.33805,17.41378],[78.3376,17.41437],[78.33702,17.4148],[78.33635,17.41509],[78.33587,17.41518],[78.33496,17.4152],[78.33404,17.41554],[78.33211,17.41517],[78.32981,17.41514],[78.32785,17.41568],[78.31571,17.4184],[78.31421,17.42083],[78.29404,17.43106],[78.29056,17.42649],[78.28841,17.42493],[78.2836,17.42403],[78.28057,17.42567],[78.27499,17.4314],[78.27275,17.43649],[78.27251,17.44194],[78.27542,17.44517],[78.28126,17.45045],[78.28309,17.45249],[78.28368,17.45333],[78.28454,17.45589],[78.28489,17.45619],[78.28677,17.45658],[78.28817,17.45841],[78.28914,17.46216],[78.29615,17.47301],[78.29504,17.47663],[78.29787,17.4778],[78.29756,17.47835],[78.29796,17.47842],[78.30376,17.48078],[78.30451,17.48102],[78.30556,17.48119],[78.30867,17.48139],[78.31018,17.48157],[78.31127,17.48266],[78.3111,17.48162],[78.3111,17.48019],[78.31974,17.47948],[78.31985,17.47942],[78.31991,17.47925],[78.3199,17.47837],[78.32002,17.47804],[78.3203,17.47782]]]}},{"type":"Feature","properties":{"ward_no":110,"ward":"Chandanagar","circle":"21-CHANDA NAGAR","zone":"SERILINGAMPALLY ZONE"},"geometry":{"type":"Polygon","coordinates":[[[78.34045,17.51803],[78.34123,17.51791],[78.34203,17.51808],[78.34281,17.518],[78.34318,17.51747],[78.34286,17.51689],[78.34477,17.51689],[78.34532,17.51662],[78.34749,17.51537],[78.34774,17.51517],[78.34825,17.51449],[78.3488,17.51437],[78.34967,17.51304],[78.34842,17.51178],[78.34824,17.51122],[78.34795,17.51115],[78.34728,17.51049],[78.34689,17.51034],[78.34679,17.51001],[78.34597,17.50886],[78.34389,17.50636],[78.3432,17.5053],[78.34274,17.50475],[78.34246,17.50427],[78.34229,17.50368],[78.34242,17.50197],[78.34239,17.4991],[78.34546,17.49905],[78.34546,17.49877],[78.34604,17.49873],[78.34607,17.49887],[78.34889,17.49833],[78.348,17.49436],[78.34644,17.49473],[78.34437,17.49502],[78.34201,17.49519],[78.33998,17.49509],[78.33732,17.49544],[78.33486,17.49553],[78.33411,17.49551],[78.3317,17.49505],[78.32943,17.49491],[78.32676,17.49497],[78.3266,17.49382],[78.32509,17.49397],[78.32452,17.49117],[78.32774,17.49071],[78.32779,17.48683],[78.32627,17.48692],[78.32559,17.48683],[78.32433,17.48635],[78.32089,17.48476],[78.32048,17.48494],[78.32023,17.48514],[78.32012,17.48541],[78.32011,17.48641],[78.3203,17.48767],[78.3201,17.48843],[78.31914,17.48984],[78.31756,17.4905],[78.31721,17.49072],[78.31673,17.49115],[78.3163,17.4919],[78.3161,17.49292],[78.31667,17.49312],[78.31687,17.49339],[78.31708,17.49453],[78.31744,17.49493],[78.31755,17.49527],[78.31763,17.49532],[78.31765,17.49554],[78.3174,17.4962],[78.31692,17.49689],[78.31699,17.4974],[78.31664,17.49781],[78.31662,17.49811],[78.31626,17.49885],[78.31561,17.49976],[78.31523,17.50006],[78.31483,17.50013],[78.3145,17.50042],[78.31452,17.50071],[78.31462,17.50085],[78.31507,17.50114],[78.31514,17.50137],[78.31448,17.50192],[78.31427,17.50245],[78.31432,17.50268],[78.31417,17.50339],[78.31369,17.50373],[78.31266,17.50415],[78.31211,17.50447],[78.31186,17.50466],[78.31167,17.50492],[78.31109,17.50504],[78.31051,17.5053],[78.31034,17.50546],[78.31,17.5062],[78.30949,17.50673],[78.30925,17.5071],[78.30866,17.50747],[78.30815,17.50759],[78.30787,17.50779],[78.30781,17.50802],[78.31042,17.50806],[78.31146,17.50778],[78.31203,17.50806],[78.31388,17.50808],[78.31419,17.50823],[78.31424,17.50847],[78.31465,17.50862],[78.3147,17.50879],[78.31516,17.50878],[78.31624,17.50855],[78.31697,17.50822],[78.31683,17.50639],[78.31792,17.5061],[78.32259,17.50632],[78.32244,17.50863],[78.32489,17.50847],[78.32758,17.50813],[78.32976,17.50665],[78.33159,17.50552],[78.33213,17.50597],[78.33467,17.50717],[78.33496,17.50802],[78.33494,17.50912],[78.33453,17.50914],[78.33429,17.51005],[78.33458,17.51105],[78.33444,17.51195],[78.33404,17.5123],[78.33501,17.5126],[78.3362,17.51447],[78.33644,17.5144],[78.33737,17.516],[78.33578,17.51577],[78.3356,17.51626],[78.33464,17.51623],[78.33454,17.51652],[78.33404,17.51645],[78.33389,17.51727],[78.33558,17.51724],[78.33572,17.51768],[78.33683,17.51756],[78.33674,17.51838],[78.3391,17.51811],[78.34045,17.51803]]]}},{"type":"Feature","properties":{"ward_no":111,"ward":"Bharathi Nagar","circle":"22-RAMACHANDRAPURAM & PATANCHERUVU","zone":"SERILINGAMPALLY ZONE"},"geometry":{"type":"MultiPolygon","coordinates":[[[[78.31235,17.48473],[78.31163,17.48346],[78.31126,17.48261],[78.31018,17.48157],[78.30867,17.48139],[78.30556,17.48119],[78.30451,17.48102],[78.30376,17.48078],[78.29768,17.47835],[78.29703,17.47853],[78.29638,17.47859],[78.29607,17.47877],[78.29587,17.47878],[78.29522,17.48433],[78.29804,17.48457],[78.29806,17.48441],[78.31224,17.48571],[78.31279,17.48554],[78.31235,17.48473]]],[[[78.29173,17.50228],[78.28542,17.50213],[78.28531,17.5067],[78.28202,17.50757],[78.28202,17.50797],[78.28231,17.50962],[78.28278,17.51158],[78.2831,17.51245],[78.28311,17.5087],[78.2889,17.5075],[78.29042,17.50706],[78.29162,17.50404],[78.29173,17.50228]]],[[[78.30142,17.50698],[78.30378,17.50681],[78.30404,17.50698],[78.30734,17.50511],[78.30728,17.50494],[78.30737,17.50233],[78.30662,17.50165],[78.30626,17.50173],[78.30562,17.5025],[78.30576,17.50283],[78.30364,17.50375],[78.30347,17.5035],[78.2989,17.50541],[78.29966,17.50691],[78.30028,17.50688],[78.30094,17.50702],[78.30142,17.50698]]],[[[78.28405,17.4839],[78.28966,17.48005],[78.2897,17.47896],[78.28804,17.47893],[78.288,17.47991],[78.28396,17.47979],[78.28394,17.48088],[78.28118,17.48082],[78.28107,17.48452],[78.28405,17.4839]]],[[[78.28261,17.49173],[78.28109,17.49164],[78.28077,17.49389],[78.28128,17.49392],[78.2812,17.49625],[78.28161,17.49625],[78.28159,17.49688],[78.28202,17.49696],[78.28198,17.4976],[78.2824,17.49809],[78.28261,17.49173]]]]}},{"type":"Feature","properties":{"ward_no":106,"ward":"Serilingampally","circle":"20-SERILINGAMPALLY","zone":"SERILINGAMPALLY ZONE"},"geometry":{"type":"Polygon","coordinates":[[[78.31606,17.49316],[78.3163,17.4919],[78.31673,17.49115],[78.31756,17.4905],[78.31914,17.48984],[78.3201,17.48843],[78.3203,17.48767],[78.32011,17.48641],[78.32015,17.48527],[78.32035,17.48503],[78.32089,17.48476],[78.32433,17.48635],[78.32559,17.48683],[78.32685,17.48692],[78.32942,17.48666],[78.3308,17.48671],[78.33708,17.48857],[78.33777,17.48871],[78.33876,17.48874],[78.33989,17.48851],[78.34106,17.48787],[78.34522,17.48428],[78.3463,17.48344],[78.34697,17.48312],[78.34808,17.48279],[78.34885,17.48267],[78.34968,17.48265],[78.34964,17.47853],[78.34972,17.47774],[78.34961,17.47691],[78.34932,17.47582],[78.34909,17.46814],[78.34729,17.46343],[78.35061,17.46223],[78.35243,17.46138],[78.35464,17.46017],[78.35801,17.45851],[78.36125,17.45669],[78.36311,17.4559],[78.36401,17.45535],[78.36387,17.45501],[78.36369,17.45178],[78.36371,17.4509],[78.36394,17.44999],[78.36393,17.4497],[78.36364,17.4485],[78.36349,17.44663],[78.3628,17.44325],[78.36266,17.44185],[78.36277,17.44116],[78.36331,17.44036],[78.36411,17.43851],[78.36408,17.4384],[78.36243,17.43957],[78.35937,17.44144],[78.35481,17.44342],[78.35217,17.44551],[78.34741,17.45013],[78.34677,17.45058],[78.34511,17.45132],[78.34414,17.45204],[78.34208,17.45454],[78.3397,17.4569],[78.33714,17.4604],[78.33553,17.46204],[78.33473,17.46358],[78.33391,17.46491],[78.33081,17.46872],[78.33051,17.46927],[78.33009,17.47062],[78.3298,17.47119],[78.32683,17.47344],[78.324,17.47768],[78.32357,17.47808],[78.32293,17.47837],[78.32265,17.4784],[78.32228,17.47831],[78.32135,17.47775],[78.32105,17.47772],[78.3203,17.47782],[78.32002,17.47804],[78.3199,17.47837],[78.31991,17.47925],[78.31985,17.47942],[78.31974,17.47948],[78.3111,17.48019],[78.3111,17.48162],[78.31126,17.48261],[78.31163,17.48346],[78.31285,17.48567],[78.31328,17.48661],[78.31389,17.48941],[78.31445,17.49141],[78.315,17.49269],[78.31517,17.4929],[78.31545,17.49307],[78.31606,17.49316]]]}},{"type":"Feature","properties":{"ward_no":104,"ward":"Kondapur","circle":"20-SERILINGAMPALLY","zone":"SERILINGAMPALLY ZONE"},"geometry":{"type":"Polygon","coordinates":[[[78.35189,17.48265],[78.36059,17.48271],[78.36091,17.48066],[78.3612,17.47945],[78.36298,17.47657],[78.36352,17.47487],[78.36457,17.47244],[78.36514,17.47079],[78.36566,17.46973],[78.36677,17.46785],[78.36718,17.467],[78.36744,17.46604],[78.36744,17.46556],[78.36715,17.46373],[78.36709,17.46164],[78.36646,17.46021],[78.36609,17.45901],[78.36697,17.45871],[78.37069,17.45806],[78.37238,17.45759],[78.37531,17.45737],[78.37593,17.45713],[78.3771,17.45624],[78.38019,17.45249],[78.38187,17.45071],[78.38269,17.44955],[78.38399,17.44807],[78.38475,17.44671],[78.38727,17.44377],[78.38813,17.44155],[78.38875,17.44131],[78.39043,17.44127],[78.39159,17.441],[78.39306,17.44079],[78.39521,17.44011],[78.39559,17.43992],[78.39624,17.43938],[78.39515,17.43713],[78.39717,17.43622],[78.39779,17.43556],[78.39829,17.43479],[78.39791,17.43455],[78.3972,17.43384],[78.3984,17.43321],[78.39889,17.43284],[78.39855,17.43216],[78.39861,17.43175],[78.39848,17.43107],[78.39575,17.43048],[78.39446,17.43055],[78.39362,17.43049],[78.39337,17.4304],[78.39326,17.43009],[78.39332,17.42987],[78.3935,17.4297],[78.39466,17.42918],[78.3943,17.42826],[78.39481,17.42785],[78.39485,17.42739],[78.39469,17.42699],[78.3946,17.42695],[78.39468,17.42682],[78.39636,17.42623],[78.39722,17.42568],[78.3976,17.42488],[78.39792,17.42365],[78.39773,17.42314],[78.39788,17.423],[78.39808,17.42227],[78.39805,17.42098],[78.39833,17.42089],[78.39843,17.42066],[78.39821,17.41991],[78.39874,17.41844],[78.39824,17.41792],[78.39769,17.41749],[78.39827,17.41662],[78.39881,17.41461],[78.39886,17.41404],[78.39794,17.41203],[78.39756,17.41133],[78.39719,17.41091],[78.39564,17.41221],[78.39495,17.41291],[78.39471,17.41322],[78.39434,17.41397],[78.39289,17.415],[78.39162,17.41637],[78.39044,17.41701],[78.3877,17.41872],[78.3836,17.4218],[78.38221,17.42254],[78.38124,17.42315],[78.37834,17.42556],[78.37579,17.42735],[78.37384,17.42977],[78.37044,17.43249],[78.36737,17.43564],[78.36544,17.43734],[78.36408,17.4384],[78.36411,17.43851],[78.36331,17.44036],[78.36277,17.44116],[78.36266,17.44185],[78.3628,17.44325],[78.36349,17.44663],[78.36364,17.4485],[78.36393,17.4497],[78.36394,17.44999],[78.36371,17.4509],[78.36369,17.45178],[78.36387,17.45501],[78.36401,17.45535],[78.36311,17.4559],[78.36125,17.45669],[78.35801,17.45851],[78.35464,17.46017],[78.35243,17.46138],[78.35061,17.46223],[78.34729,17.46343],[78.34909,17.46814],[78.34932,17.47582],[78.34961,17.47691],[78.34972,17.47774],[78.34964,17.47853],[78.34968,17.48265],[78.35189,17.48265]]]}},{"type":"Feature","properties":{"ward_no":109,"ward":"Hafeezpet","circle":"21-CHANDA NAGAR","zone":"SERILINGAMPALLY ZONE"},"geometry":{"type":"Polygon","coordinates":[[[78.35863,17.49449],[78.35861,17.49392],[78.35897,17.49367],[78.35955,17.49241],[78.35994,17.4918],[78.36,17.49154],[78.35999,17.49069],[78.3597,17.48997],[78.35955,17.48932],[78.35973,17.48911],[78.35993,17.48902],[78.36112,17.48865],[78.36096,17.4879],[78.36133,17.48772],[78.36152,17.48703],[78.36186,17.48679],[78.36193,17.48664],[78.3626,17.48643],[78.36296,17.48591],[78.36328,17.48581],[78.3633,17.48591],[78.36346,17.48591],[78.36339,17.48345],[78.36134,17.48379],[78.36034,17.4841],[78.36058,17.48271],[78.34948,17.48265],[78.34808,17.48279],[78.34697,17.48312],[78.3463,17.48344],[78.34522,17.48428],[78.34106,17.48787],[78.33989,17.48851],[78.33903,17.48871],[78.33813,17.48874],[78.33708,17.48857],[78.3308,17.48671],[78.32942,17.48666],[78.32779,17.48683],[78.32774,17.49071],[78.32452,17.49117],[78.32509,17.49397],[78.3266,17.49382],[78.32676,17.49497],[78.32943,17.49491],[78.3317,17.49505],[78.33411,17.49551],[78.33732,17.49544],[78.33998,17.49509],[78.34201,17.49519],[78.34437,17.49502],[78.34644,17.49473],[78.34768,17.49447],[78.3491,17.49403],[78.34981,17.49396],[78.35263,17.49439],[78.35833,17.49589],[78.35863,17.49449]]]}},{"type":"Feature","properties":{"ward_no":118,"ward":"Fateh Nagar","circle":"23-MOOSAPET","zone":"KUKATPALLY ZONE"},"geometry":{"type":"Polygon","coordinates":[[[78.42814,17.4732],[78.43086,17.47219],[78.435,17.47091],[78.44347,17.46803],[78.45275,17.46369],[78.45398,17.46346],[78.45813,17.46385],[78.45858,17.46383],[78.45959,17.46356],[78.46158,17.46284],[78.45987,17.45778],[78.45902,17.45805],[78.45757,17.45901],[78.4554,17.45995],[78.45506,17.46006],[78.45474,17.45979],[78.45457,17.45957],[78.4545,17.45906],[78.45453,17.45849],[78.45496,17.45743],[78.45494,17.4568],[78.45468,17.45635],[78.45371,17.45511],[78.45354,17.45464],[78.45361,17.45409],[78.45385,17.45368],[78.45395,17.45139],[78.45386,17.45068],[78.45348,17.45003],[78.45289,17.44973],[78.45272,17.44948],[78.45246,17.44877],[78.45235,17.44764],[78.45175,17.44721],[78.44982,17.45763],[78.44937,17.45882],[78.44876,17.45965],[78.44831,17.46006],[78.4478,17.46041],[78.44714,17.46069],[78.44671,17.46083],[78.44562,17.46099],[78.44017,17.46131],[78.43128,17.46196],[78.43108,17.46238],[78.42993,17.4626],[78.42912,17.46334],[78.42678,17.46435],[78.42725,17.46539],[78.42583,17.46601],[78.42556,17.46619],[78.42539,17.46641],[78.42562,17.46667],[78.42621,17.46773],[78.42722,17.46925],[78.42761,17.46968],[78.42748,17.46967],[78.42715,17.47029],[78.42357,17.47549],[78.42334,17.47592],[78.42439,17.47524],[78.42814,17.4732]]]}},{"type":"Feature","properties":{"ward_no":143,"ward":"Tarnaka","circle":"29-SECUNDERABAD","zone":"SECUNDERABAD ZONE"},"geometry":{"type":"MultiPolygon","coordinates":[[[[78.54685,17.44312],[78.54721,17.44283],[78.54667,17.4415],[78.54662,17.44108],[78.5467,17.44087],[78.54703,17.44073],[78.54721,17.44078],[78.54774,17.44146],[78.54807,17.44133],[78.54789,17.44062],[78.54787,17.44003],[78.54802,17.43975],[78.54856,17.43951],[78.54858,17.43915],[78.54898,17.43894],[78.54865,17.43757],[78.54873,17.43557],[78.54814,17.43456],[78.54764,17.43466],[78.54756,17.43452],[78.5473,17.43451],[78.54707,17.4343],[78.54698,17.43335],[78.54708,17.43316],[78.54711,17.43258],[78.547,17.43225],[78.54587,17.43268],[78.54576,17.43131],[78.54519,17.4291],[78.54488,17.42843],[78.54516,17.42834],[78.54494,17.42777],[78.5442,17.42784],[78.544,17.42771],[78.543,17.42654],[78.54242,17.42547],[78.54214,17.42559],[78.54188,17.42522],[78.54082,17.42423],[78.53904,17.42594],[78.53579,17.42472],[78.53534,17.42491],[78.53385,17.42519],[78.53292,17.4255],[78.53164,17.42617],[78.53092,17.42677],[78.53211,17.42776],[78.53341,17.42902],[78.53532,17.43095],[78.53695,17.43278],[78.53824,17.43343],[78.5373,17.43361],[78.53671,17.43385],[78.53594,17.4344],[78.5365,17.43581],[78.53728,17.43569],[78.53736,17.43587],[78.53865,17.43744],[78.53835,17.43746],[78.53848,17.43963],[78.53859,17.44026],[78.53846,17.44061],[78.53836,17.44065],[78.5383,17.44112],[78.53892,17.44148],[78.53953,17.44156],[78.54033,17.44252],[78.541,17.44238],[78.54121,17.44342],[78.54234,17.44311],[78.54332,17.44295],[78.54337,17.44358],[78.54366,17.44465],[78.54399,17.44462],[78.54521,17.44421],[78.54685,17.44312]]],[[[78.52062,17.4268],[78.5209,17.4268],[78.52194,17.42651],[78.52417,17.42605],[78.52337,17.42546],[78.52189,17.42473],[78.52169,17.42453],[78.52176,17.42437],[78.52212,17.42407],[78.52415,17.42277],[78.5242,17.42284],[78.52436,17.42272],[78.52444,17.42252],[78.52425,17.42102],[78.52369,17.42109],[78.52364,17.41982],[78.52346,17.41982],[78.52348,17.4194],[78.52265,17.41948],[78.52084,17.42051],[78.52039,17.42067],[78.521,17.42302],[78.52117,17.42404],[78.52118,17.42505],[78.52102,17.42584],[78.52062,17.4268]]]]}},{"type":"Feature","properties":{"ward_no":8,"ward":"Habsiguda","circle":"2-UPPAL","zone":"L.B.NAGAR ZONE"},"geometry":{"type":"Polygon","coordinates":[[[78.53579,17.42472],[78.53659,17.42409],[78.53807,17.42244],[78.53991,17.42105],[78.54117,17.41943],[78.54166,17.41892],[78.55216,17.40955],[78.55421,17.40749],[78.55478,17.40666],[78.55823,17.40297],[78.56014,17.40174],[78.56021,17.40153],[78.55959,17.40143],[78.55502,17.40112],[78.54697,17.40132],[78.54571,17.40126],[78.54417,17.40107],[78.53987,17.4003],[78.5386,17.39982],[78.53491,17.39865],[78.53301,17.39786],[78.5336,17.39562],[78.53337,17.39556],[78.53364,17.3944],[78.53365,17.39354],[78.53353,17.39241],[78.53335,17.39246],[78.53305,17.39128],[78.53366,17.39087],[78.53345,17.39053],[78.53372,17.39038],[78.53351,17.39005],[78.53353,17.38959],[78.53237,17.38931],[78.53146,17.38946],[78.53139,17.38877],[78.53113,17.3877],[78.53097,17.38665],[78.53054,17.38541],[78.53072,17.38536],[78.53062,17.38506],[78.53075,17.38502],[78.53059,17.3844],[78.53186,17.38408],[78.53084,17.38367],[78.53048,17.38333],[78.53019,17.38253],[78.52946,17.38145],[78.52894,17.38024],[78.5287,17.38],[78.52839,17.37988],[78.52744,17.37991],[78.52694,17.38008],[78.52678,17.38034],[78.52649,17.38052],[78.52658,17.38074],[78.5273,17.3804],[78.52795,17.38026],[78.52802,17.38034],[78.52827,17.38159],[78.52825,17.38216],[78.52795,17.38325],[78.52802,17.38355],[78.52742,17.38378],[78.52749,17.38393],[78.52719,17.38407],[78.52727,17.38467],[78.5269,17.38477],[78.52707,17.38621],[78.52721,17.38648],[78.52695,17.38651],[78.52776,17.38994],[78.52776,17.39149],[78.52744,17.39149],[78.52747,17.39214],[78.52759,17.39267],[78.52782,17.39281],[78.52795,17.3942],[78.52795,17.3951],[78.52815,17.39518],[78.52836,17.39561],[78.52852,17.3957],[78.52848,17.39597],[78.52901,17.39619],[78.52904,17.39627],[78.52778,17.3969],[78.52798,17.39824],[78.52993,17.39937],[78.53069,17.40084],[78.53155,17.40144],[78.53215,17.40224],[78.53294,17.40465],[78.5331,17.40663],[78.53305,17.40864],[78.53316,17.40895],[78.53316,17.40929],[78.5334,17.41003],[78.53385,17.41473],[78.53502,17.41469],[78.5352,17.41557],[78.53523,17.41607],[78.535,17.41913],[78.53445,17.42078],[78.53222,17.42213],[78.53225,17.42266],[78.533,17.42279],[78.5332,17.42302],[78.53334,17.42349],[78.53335,17.42414],[78.53292,17.4255],[78.53385,17.42519],[78.53534,17.42491],[78.53579,17.42472]]]}},{"type":"Feature","properties":{"ward_no":40,"ward":"Riyasatnagar","circle":"8-CHANDRAYANGUTTA","zone":"CHARMINAR ZONE"},"geometry":{"type":"Polygon","coordinates":[[[78.49609,17.35004],[78.49713,17.34906],[78.49822,17.34895],[78.49972,17.34799],[78.5004,17.3473],[78.50165,17.34713],[78.50169,17.34685],[78.50179,17.3468],[78.50172,17.34613],[78.502,17.34602],[78.50244,17.34538],[78.50246,17.34429],[78.50239,17.34396],[78.50193,17.34409],[78.50176,17.34378],[78.50077,17.34371],[78.50064,17.3429],[78.50096,17.34275],[78.50094,17.34231],[78.50133,17.34201],[78.50125,17.34163],[78.50109,17.34163],[78.5011,17.34144],[78.50092,17.34126],[78.50094,17.3409],[78.50083,17.34078],[78.50081,17.34063],[78.50121,17.33998],[78.5012,17.3399],[78.49855,17.33826],[78.49591,17.33647],[78.49305,17.3341],[78.49236,17.33468],[78.49219,17.33497],[78.49213,17.33526],[78.4923,17.33585],[78.49225,17.33638],[78.49172,17.33752],[78.49138,17.33783],[78.49079,17.33938],[78.49171,17.33946],[78.49178,17.3399],[78.49167,17.33991],[78.49163,17.34013],[78.4918,17.34013],[78.49161,17.34122],[78.49138,17.34128],[78.49119,17.34153],[78.49114,17.34182],[78.49161,17.34205],[78.49296,17.34216],[78.49362,17.34232],[78.49419,17.34256],[78.49412,17.34417],[78.49418,17.34522],[78.49484,17.34517],[78.49493,17.34577],[78.4947,17.34577],[78.4947,17.34612],[78.4949,17.34614],[78.49503,17.34753],[78.49513,17.34753],[78.49526,17.34856],[78.4954,17.34861],[78.4957,17.34917],[78.495,17.34926],[78.49498,17.34938],[78.49538,17.34984],[78.49571,17.34983],[78.49575,17.35037],[78.49609,17.35004]]]}},{"type":"Feature","properties":{"ward_no":36,"ward":"Lalithabagh","circle":"8-CHANDRAYANGUTTA","zone":"CHARMINAR ZONE"},"geometry":{"type":"Polygon","coordinates":[[[78.49571,17.35001],[78.49571,17.34983],[78.49538,17.34984],[78.49498,17.34938],[78.495,17.34926],[78.4957,17.34917],[78.4954,17.34861],[78.49526,17.34856],[78.49513,17.34753],[78.49503,17.34753],[78.4949,17.34614],[78.4947,17.34612],[78.4947,17.34577],[78.49493,17.34577],[78.49484,17.34517],[78.49418,17.34522],[78.49412,17.34417],[78.49419,17.34256],[78.49362,17.34232],[78.49296,17.34216],[78.49161,17.34205],[78.49114,17.34182],[78.49119,17.34153],[78.49138,17.34128],[78.49161,17.34122],[78.4918,17.34013],[78.49163,17.34013],[78.49167,17.33991],[78.49178,17.3399],[78.49171,17.33946],[78.49079,17.33938],[78.49047,17.34008],[78.48982,17.34112],[78.48702,17.34186],[78.48679,17.3421],[78.48652,17.34224],[78.48589,17.34244],[78.48364,17.34226],[78.48388,17.34277],[78.48783,17.3473],[78.48901,17.34884],[78.48945,17.34963],[78.48994,17.35087],[78.49059,17.35428],[78.49159,17.35404],[78.49335,17.35296],[78.49409,17.35209],[78.49575,17.35037],[78.49571,17.35001]]]}},{"type":"Feature","properties":{"ward_no":34,"ward":"Talabchanchalam","circle":"7-SANTOSH NAGAR","zone":"CHARMINAR ZONE"},"geometry":{"type":"Polygon","coordinates":[[[78.4887,17.35441],[78.48916,17.35428],[78.49,17.35438],[78.49059,17.35428],[78.48994,17.35087],[78.48945,17.34963],[78.48901,17.34884],[78.48783,17.3473],[78.48668,17.34595],[78.48584,17.34664],[78.48526,17.34752],[78.48454,17.34787],[78.48379,17.34806],[78.48383,17.35094],[78.48374,17.35253],[78.48154,17.35297],[78.48092,17.35327],[78.48051,17.35336],[78.4806,17.3538],[78.48035,17.35392],[78.48087,17.35562],[78.4816,17.357],[78.48402,17.3554],[78.48718,17.35485],[78.4887,17.35441]]]}},{"type":"Feature","properties":{"ward_no":22,"ward":"Chaithanyapuri","circle":"5-SAROOR NAGAR","zone":"L.B.NAGAR ZONE"},"geometry":{"type":"Polygon","coordinates":[[[78.52535,17.37687],[78.52614,17.37659],[78.52747,17.37638],[78.52824,17.37639],[78.5295,17.37655],[78.53073,17.37681],[78.53175,17.37721],[78.53301,17.37783],[78.53399,17.37868],[78.53606,17.38082],[78.53731,17.38167],[78.53842,17.38224],[78.53927,17.38256],[78.5407,17.38289],[78.5429,17.38326],[78.54292,17.38191],[78.54285,17.38142],[78.54299,17.3803],[78.54299,17.37952],[78.54288,17.37855],[78.5429,17.37788],[78.54275,17.37551],[78.54226,17.37551],[78.54182,17.37562],[78.54106,17.37548],[78.54027,17.37636],[78.54039,17.37727],[78.54002,17.37733],[78.53988,17.37648],[78.53899,17.37654],[78.53907,17.37561],[78.53809,17.37553],[78.53825,17.37377],[78.53765,17.37371],[78.53778,17.37258],[78.53796,17.37243],[78.53824,17.37244],[78.5384,17.3712],[78.53983,17.37157],[78.54011,17.37131],[78.54092,17.3715],[78.54087,17.37084],[78.5401,17.37038],[78.53818,17.3681],[78.53676,17.36828],[78.52462,17.36857],[78.52486,17.3697],[78.52485,17.37034],[78.52428,17.37034],[78.52436,17.36991],[78.52356,17.36986],[78.5241,17.37172],[78.52489,17.37548],[78.52535,17.37687]]]}},{"type":"Feature","properties":{"ward_no":37,"ward":"Kurmaguda","circle":"7-SANTOSH NAGAR","zone":"CHARMINAR ZONE"},"geometry":{"type":"Polygon","coordinates":[[[78.504,17.3622],[78.50524,17.35796],[78.50557,17.35628],[78.5063,17.35419],[78.50667,17.35234],[78.50547,17.35194],[78.50237,17.35019],[78.50245,17.35068],[78.50209,17.35179],[78.50204,17.3528],[78.5009,17.35276],[78.50091,17.3526],[78.50079,17.3526],[78.50076,17.35275],[78.50016,17.35273],[78.50009,17.353],[78.49898,17.353],[78.49895,17.35502],[78.49854,17.3549],[78.4964,17.35481],[78.4949,17.35509],[78.49486,17.35486],[78.49459,17.35444],[78.49342,17.3536],[78.49304,17.35316],[78.49196,17.35379],[78.49211,17.3542],[78.49195,17.35502],[78.49171,17.35547],[78.49176,17.35551],[78.49207,17.35543],[78.49336,17.35552],[78.49545,17.35601],[78.49543,17.35664],[78.49606,17.35675],[78.496,17.35726],[78.4961,17.35775],[78.49584,17.358],[78.49626,17.35957],[78.49706,17.35941],[78.4975,17.36073],[78.49761,17.36123],[78.49756,17.3615],[78.50113,17.36187],[78.50223,17.3619],[78.50375,17.36221],[78.504,17.3622]]]}},{"type":"Feature","properties":{"ward_no":31,"ward":"Rein Bazar","circle":"7-SANTOSH NAGAR","zone":"CHARMINAR ZONE"},"geometry":{"type":"Polygon","coordinates":[[[78.48847,17.3617],[78.49122,17.36151],[78.49128,17.36114],[78.49152,17.36082],[78.49264,17.36092],[78.49346,17.35999],[78.49382,17.3597],[78.49412,17.35956],[78.49586,17.35808],[78.49584,17.358],[78.4961,17.35775],[78.496,17.35726],[78.49606,17.35675],[78.49543,17.35664],[78.49545,17.35601],[78.49336,17.35552],[78.49207,17.35543],[78.49176,17.35551],[78.49171,17.35547],[78.49195,17.35502],[78.49211,17.3542],[78.49196,17.35379],[78.49159,17.35404],[78.49059,17.35428],[78.49,17.35438],[78.48916,17.35428],[78.48846,17.3545],[78.48963,17.35681],[78.48879,17.3573],[78.48842,17.35743],[78.48673,17.3583],[78.48466,17.35864],[78.48445,17.35889],[78.48427,17.35878],[78.48321,17.35902],[78.48338,17.35988],[78.48334,17.36098],[78.48351,17.36143],[78.4836,17.362],[78.48515,17.36179],[78.48847,17.3617]]]}},{"type":"Feature","properties":{"ward_no":29,"ward":"Chawani","circle":"6-MALAKPET","zone":"CHARMINAR ZONE"},"geometry":{"type":"Polygon","coordinates":[[[78.50167,17.36728],[78.50159,17.36624],[78.50125,17.36436],[78.50371,17.36308],[78.5038,17.36299],[78.50373,17.36291],[78.50392,17.36223],[78.50223,17.3619],[78.50113,17.36187],[78.49756,17.3615],[78.49761,17.36123],[78.4975,17.36073],[78.49706,17.35941],[78.49626,17.35957],[78.49586,17.35808],[78.49412,17.35956],[78.49382,17.3597],[78.49346,17.35999],[78.49264,17.36092],[78.49234,17.36091],[78.4925,17.36151],[78.49251,17.36233],[78.49236,17.3628],[78.49085,17.36553],[78.49017,17.36692],[78.49203,17.36702],[78.49204,17.36709],[78.49331,17.36689],[78.49418,17.36734],[78.49547,17.36749],[78.49664,17.36785],[78.49714,17.36813],[78.49771,17.3687],[78.49821,17.3697],[78.49883,17.37035],[78.49904,17.37112],[78.49987,17.37146],[78.50025,17.37084],[78.50115,17.37002],[78.50151,17.36958],[78.5016,17.36907],[78.50167,17.36728]]]}},{"type":"Feature","properties":{"ward_no":38,"ward":"I.S.Sadan","circle":"7-SANTOSH NAGAR","zone":"CHARMINAR ZONE"},"geometry":{"type":"Polygon","coordinates":[[[78.52595,17.35842],[78.52764,17.35752],[78.53001,17.35667],[78.53033,17.35643],[78.53072,17.35562],[78.53101,17.35544],[78.53085,17.35537],[78.5309,17.355],[78.53077,17.35421],[78.53073,17.35331],[78.53038,17.35218],[78.53064,17.35199],[78.53067,17.35129],[78.53035,17.35126],[78.5298,17.35087],[78.52945,17.35057],[78.5293,17.35023],[78.52887,17.35018],[78.52849,17.34951],[78.52787,17.34884],[78.52769,17.34887],[78.52768,17.34916],[78.52799,17.34971],[78.52818,17.35041],[78.52813,17.35059],[78.52794,17.35077],[78.52798,17.35159],[78.52786,17.35216],[78.52733,17.35308],[78.52734,17.35321],[78.52697,17.35393],[78.52664,17.35443],[78.52512,17.35436],[78.52511,17.35307],[78.52518,17.35299],[78.52521,17.35224],[78.52501,17.35202],[78.52478,17.35034],[78.52479,17.3485],[78.52492,17.34762],[78.525,17.34762],[78.525,17.34725],[78.52514,17.34726],[78.52515,17.34684],[78.52506,17.34681],[78.52507,17.3466],[78.52518,17.34661],[78.52521,17.3464],[78.52541,17.34641],[78.5255,17.34572],[78.52572,17.34568],[78.52572,17.34524],[78.52587,17.34522],[78.52588,17.34461],[78.52692,17.34454],[78.52694,17.34433],[78.52702,17.3443],[78.52699,17.34407],[78.5271,17.34355],[78.52651,17.34334],[78.52635,17.34362],[78.52613,17.34349],[78.52603,17.34358],[78.52634,17.34379],[78.52634,17.34413],[78.52574,17.3441],[78.52565,17.34398],[78.5257,17.34387],[78.52565,17.3436],[78.5248,17.34376],[78.52471,17.34326],[78.52313,17.3436],[78.52224,17.34392],[78.52221,17.34371],[78.52104,17.34397],[78.52087,17.34337],[78.52052,17.34354],[78.52009,17.34365],[78.52002,17.34342],[78.5189,17.34373],[78.51903,17.34435],[78.51867,17.34477],[78.51875,17.34498],[78.51818,17.34526],[78.51823,17.34553],[78.51675,17.34659],[78.51698,17.34799],[78.5166,17.34814],[78.51731,17.35033],[78.51722,17.35037],[78.51729,17.35054],[78.51709,17.35061],[78.51717,17.3508],[78.51691,17.35091],[78.51678,17.35064],[78.51641,17.35079],[78.51636,17.35071],[78.51614,17.35077],[78.5161,17.35069],[78.51478,17.35124],[78.51391,17.34917],[78.51143,17.35032],[78.51048,17.35063],[78.51017,17.34954],[78.50998,17.34957],[78.5099,17.34918],[78.50942,17.3492],[78.50939,17.349],[78.50856,17.34901],[78.50667,17.35234],[78.5063,17.35419],[78.50584,17.35539],[78.50555,17.35651],[78.50615,17.35677],[78.51025,17.35734],[78.51334,17.35752],[78.51596,17.35797],[78.51829,17.35776],[78.51895,17.35778],[78.51913,17.3583],[78.51944,17.35823],[78.52105,17.35846],[78.52298,17.35899],[78.52404,17.35939],[78.5244,17.35927],[78.52487,17.35894],[78.52575,17.35859],[78.52595,17.35842]]]}},{"type":"Feature","properties":{"ward_no":18,"ward":"Lingojiguda","circle":"4-LB. NAGAR","zone":"L.B.NAGAR ZONE"},"geometry":{"type":"Polygon","coordinates":[[[78.53836,17.35147],[78.5411,17.35032],[78.54155,17.35121],[78.54136,17.35129],[78.54178,17.35267],[78.54201,17.35295],[78.5431,17.35339],[78.545,17.35304],[78.54626,17.35297],[78.54668,17.35163],[78.54709,17.35096],[78.54754,17.35111],[78.55076,17.35139],[78.55071,17.35249],[78.55153,17.35255],[78.55205,17.35138],[78.55209,17.3515],[78.55416,17.35104],[78.55439,17.35092],[78.55096,17.34648],[78.54666,17.34215],[78.54565,17.34267],[78.54463,17.34298],[78.54258,17.34308],[78.541,17.34301],[78.54037,17.34307],[78.52572,17.34524],[78.52572,17.34568],[78.5255,17.34572],[78.52541,17.34641],[78.52521,17.3464],[78.52518,17.34661],[78.52507,17.3466],[78.52506,17.34681],[78.52515,17.34684],[78.52514,17.34726],[78.525,17.34725],[78.525,17.34762],[78.52492,17.34762],[78.52475,17.34946],[78.52478,17.35034],[78.52501,17.35202],[78.52521,17.35224],[78.52518,17.35299],[78.52511,17.35307],[78.52512,17.35436],[78.52664,17.35443],[78.52697,17.35393],[78.52734,17.35321],[78.52733,17.35308],[78.52786,17.35216],[78.52798,17.35159],[78.52794,17.35077],[78.52813,17.35059],[78.52818,17.35041],[78.52799,17.34971],[78.52768,17.34916],[78.52769,17.34887],[78.52774,17.34885],[78.52787,17.34884],[78.52833,17.34929],[78.52887,17.35018],[78.5293,17.35023],[78.52945,17.35057],[78.5298,17.35087],[78.53035,17.35126],[78.53067,17.35129],[78.53064,17.35199],[78.53038,17.35218],[78.53073,17.35331],[78.53077,17.35421],[78.5309,17.355],[78.53085,17.35537],[78.53101,17.35544],[78.5316,17.35513],[78.53276,17.35408],[78.53466,17.35335],[78.53723,17.35193],[78.53836,17.35147]]]}},{"type":"Feature","properties":{"ward_no":16,"ward":"Hasthinapuram","circle":"4-LB. NAGAR","zone":"L.B.NAGAR ZONE"},"geometry":{"type":"MultiPolygon","coordinates":[[[[78.55199,17.33507],[78.55284,17.33239],[78.55304,17.33072],[78.5532,17.3302],[78.55357,17.3297],[78.5554,17.32801],[78.55659,17.32656],[78.55693,17.32601],[78.55776,17.32417],[78.55851,17.3233],[78.55804,17.32262],[78.55733,17.3228],[78.55569,17.32344],[78.55516,17.32202],[78.55423,17.32019],[78.55362,17.32052],[78.55319,17.31992],[78.55209,17.32065],[78.54926,17.31647],[78.5458,17.31863],[78.54378,17.32027],[78.54249,17.32109],[78.54174,17.3215],[78.54132,17.32155],[78.53927,17.32231],[78.53877,17.32272],[78.53849,17.32282],[78.53851,17.32304],[78.53836,17.32306],[78.53831,17.32356],[78.538,17.32355],[78.53798,17.3238],[78.53709,17.32382],[78.5371,17.3245],[78.53699,17.325],[78.53679,17.32504],[78.53666,17.3255],[78.53668,17.32579],[78.5356,17.32573],[78.53556,17.32527],[78.53537,17.32487],[78.53556,17.32486],[78.5355,17.32421],[78.53434,17.32417],[78.53429,17.32394],[78.53418,17.32391],[78.53322,17.32413],[78.53366,17.32626],[78.53385,17.32666],[78.53492,17.32624],[78.53504,17.32656],[78.53493,17.32905],[78.53429,17.32905],[78.53428,17.32984],[78.53521,17.32988],[78.53518,17.33109],[78.53506,17.33115],[78.53499,17.33195],[78.53547,17.33199],[78.53545,17.33253],[78.53529,17.33262],[78.53529,17.33291],[78.53437,17.33332],[78.53462,17.334],[78.53469,17.33399],[78.53497,17.33455],[78.53533,17.33458],[78.53536,17.33472],[78.53561,17.33479],[78.53652,17.33478],[78.53656,17.33472],[78.53672,17.33482],[78.53736,17.33479],[78.53638,17.33644],[78.53626,17.3367],[78.53613,17.33751],[78.53737,17.33773],[78.54027,17.33789],[78.54102,17.33803],[78.54206,17.3384],[78.54331,17.33919],[78.54666,17.34215],[78.54735,17.34192],[78.54768,17.34166],[78.54862,17.33906],[78.54884,17.33863],[78.55004,17.33728],[78.55153,17.33597],[78.55178,17.3356],[78.55199,17.33507]]],[[[78.51624,17.33144],[78.51559,17.32986],[78.51515,17.32905],[78.51573,17.32887],[78.51565,17.3284],[78.51662,17.32821],[78.51766,17.32775],[78.51828,17.32766],[78.51828,17.32746],[78.5186,17.32742],[78.51852,17.32646],[78.51822,17.3265],[78.51819,17.3263],[78.51647,17.32662],[78.51373,17.32666],[78.51277,17.32683],[78.5129,17.32795],[78.51266,17.32949],[78.51243,17.32996],[78.51279,17.33055],[78.51307,17.33076],[78.51343,17.33082],[78.51455,17.33075],[78.51496,17.33125],[78.51527,17.33132],[78.5157,17.33119],[78.51587,17.33156],[78.51624,17.33144]]],[[[78.51053,17.31274],[78.5105,17.31188],[78.51059,17.3114],[78.50983,17.31128],[78.50974,17.30945],[78.50847,17.30935],[78.50635,17.30947],[78.50639,17.31257],[78.50751,17.31261],[78.50789,17.31245],[78.50852,17.31253],[78.50888,17.31303],[78.50904,17.31351],[78.509,17.31422],[78.51044,17.31451],[78.51056,17.31324],[78.51053,17.31274]]],[[[78.52311,17.33916],[78.52275,17.33813],[78.52289,17.33806],[78.52253,17.33742],[78.5213,17.33782],[78.52113,17.33742],[78.52084,17.33747],[78.52071,17.33729],[78.52038,17.33737],[78.52024,17.33696],[78.5185,17.33723],[78.51839,17.33718],[78.5178,17.33817],[78.51803,17.33932],[78.51821,17.33944],[78.5212,17.33854],[78.52144,17.33851],[78.52168,17.33866],[78.52023,17.34029],[78.51934,17.34108],[78.51921,17.34133],[78.52333,17.33989],[78.52311,17.33916]]],[[[78.52673,17.33513],[78.52702,17.33503],[78.52719,17.33483],[78.52741,17.33479],[78.52747,17.33465],[78.52793,17.33442],[78.52792,17.33435],[78.5281,17.33425],[78.52795,17.33368],[78.52896,17.33348],[78.52868,17.33227],[78.52847,17.33185],[78.52807,17.33181],[78.52781,17.33188],[78.52766,17.33204],[78.52763,17.33252],[78.52709,17.33257],[78.527,17.33181],[78.52589,17.33178],[78.52604,17.33408],[78.52615,17.33483],[78.52647,17.33479],[78.5265,17.33508],[78.52672,17.33506],[78.52673,17.33513]]],[[[78.49668,17.31969],[78.49678,17.31699],[78.49469,17.3178],[78.49491,17.3172],[78.49499,17.31637],[78.49458,17.31679],[78.4948,17.31706],[78.49449,17.31723],[78.4946,17.31745],[78.49412,17.31776],[78.49425,17.31802],[78.49399,17.31811],[78.49407,17.31841],[78.49399,17.31845],[78.49392,17.3183],[78.49363,17.31847],[78.49382,17.31878],[78.49407,17.31878],[78.49389,17.31896],[78.49468,17.31922],[78.49668,17.31969]]],[[[78.51944,17.33169],[78.51944,17.33154],[78.51835,17.33165],[78.51792,17.33124],[78.51687,17.33127],[78.51681,17.3314],[78.51706,17.33247],[78.51708,17.33311],[78.51723,17.33366],[78.51754,17.33387],[78.51902,17.334],[78.51904,17.33283],[78.51929,17.33274],[78.51944,17.33169]]],[[[78.50782,17.31645],[78.50717,17.31634],[78.50599,17.31647],[78.50574,17.31707],[78.50549,17.31837],[78.50563,17.31852],[78.50592,17.31863],[78.5065,17.31858],[78.50762,17.31832],[78.50803,17.31805],[78.50805,17.31667],[78.50782,17.31645]]],[[[78.52645,17.33755],[78.52642,17.33705],[78.52687,17.33691],[78.52682,17.33676],[78.52749,17.33669],[78.52769,17.33711],[78.52796,17.33708],[78.52778,17.33652],[78.52734,17.33658],[78.52721,17.33604],[78.52618,17.33603],[78.52464,17.33704],[78.5249,17.33752],[78.52513,17.33743],[78.52545,17.33811],[78.52612,17.33824],[78.52634,17.33817],[78.52647,17.33805],[78.5264,17.33769],[78.52645,17.33755]]],[[[78.50987,17.34253],[78.50966,17.34214],[78.50707,17.34297],[78.5065,17.34326],[78.50699,17.34358],[78.51008,17.34307],[78.50987,17.34253]]],[[[78.50599,17.31336],[78.50501,17.31333],[78.505,17.31367],[78.5058,17.31367],[78.50591,17.3136],[78.50599,17.31336]]]]}},{"type":"Feature","properties":{"ward_no":20,"ward":"R.K.Puram","circle":"5-SAROOR NAGAR","zone":"L.B.NAGAR ZONE"},"geometry":{"type":"Polygon","coordinates":[[[78.55163,17.37157],[78.55177,17.37145],[78.55189,17.37157],[78.55216,17.37156],[78.55218,17.37126],[78.55452,17.3693],[78.55447,17.36925],[78.55467,17.36909],[78.55459,17.3689],[78.55562,17.36775],[78.55535,17.36741],[78.55583,17.36641],[78.55595,17.36587],[78.55638,17.36595],[78.55631,17.36508],[78.55673,17.36503],[78.5568,17.36415],[78.55693,17.36408],[78.55704,17.36221],[78.55667,17.36222],[78.55667,17.36111],[78.55682,17.3611],[78.55664,17.36024],[78.55609,17.35883],[78.55506,17.35711],[78.55403,17.35501],[78.55325,17.35373],[78.55384,17.35274],[78.55071,17.35249],[78.55076,17.35139],[78.54754,17.35111],[78.54709,17.35096],[78.54668,17.35163],[78.54651,17.35207],[78.54348,17.36368],[78.54261,17.36531],[78.54392,17.36639],[78.54518,17.36688],[78.54525,17.36762],[78.54578,17.36754],[78.54591,17.36867],[78.54599,17.36866],[78.54647,17.37267],[78.54923,17.37362],[78.54955,17.37269],[78.54944,17.37241],[78.55053,17.37222],[78.55163,17.37157]]]}},{"type":"Feature","properties":{"ward_no":19,"ward":"Saroornagar","circle":"5-SAROOR NAGAR","zone":"L.B.NAGAR ZONE"},"geometry":{"type":"Polygon","coordinates":[[[78.54589,17.35298],[78.545,17.35304],[78.5431,17.35339],[78.54201,17.35295],[78.54178,17.35267],[78.54136,17.35129],[78.54155,17.35121],[78.5411,17.35032],[78.54012,17.35079],[78.53741,17.35184],[78.53466,17.35335],[78.53276,17.35408],[78.5316,17.35513],[78.53076,17.35557],[78.53035,17.3564],[78.53014,17.3566],[78.5305,17.35693],[78.53083,17.35742],[78.53113,17.35934],[78.5313,17.35926],[78.53228,17.35918],[78.53293,17.35894],[78.53331,17.36066],[78.53366,17.36183],[78.53421,17.36261],[78.53443,17.36309],[78.53531,17.36269],[78.53605,17.3625],[78.53605,17.36326],[78.53613,17.3633],[78.53618,17.36378],[78.53615,17.36443],[78.53626,17.36484],[78.53672,17.36486],[78.53745,17.36664],[78.53823,17.3681],[78.53818,17.3681],[78.5401,17.37038],[78.54218,17.37158],[78.54368,17.37224],[78.54647,17.37267],[78.54599,17.36866],[78.54591,17.36867],[78.54578,17.36754],[78.54525,17.36762],[78.54518,17.36688],[78.54392,17.36639],[78.54261,17.36531],[78.54348,17.36368],[78.54626,17.35297],[78.54589,17.35298]]]}},{"type":"Feature","properties":{"ward_no":14,"ward":"B.N.Reddy Nagar","circle":"3-HAYAT NAGAR","zone":"L.B.NAGAR ZONE"},"geometry":{"type":"Polygon","coordinates":[[[78.55163,17.31997],[78.55209,17.32065],[78.55319,17.31992],[78.55362,17.32052],[78.55423,17.32019],[78.55516,17.32202],[78.55569,17.32344],[78.55733,17.3228],[78.55804,17.32262],[78.55851,17.3233],[78.55776,17.32417],[78.55729,17.32516],[78.56042,17.32524],[78.56047,17.32553],[78.56158,17.32548],[78.56301,17.32958],[78.56352,17.32943],[78.56356,17.32955],[78.56428,17.32944],[78.57536,17.32856],[78.57522,17.32796],[78.57454,17.3267],[78.57462,17.32618],[78.57529,17.32621],[78.57566,17.32579],[78.57595,17.3252],[78.57761,17.32522],[78.5777,17.32449],[78.57948,17.32459],[78.57967,17.32268],[78.57997,17.32254],[78.58118,17.32232],[78.58173,17.32244],[78.58246,17.32199],[78.58416,17.32209],[78.58519,17.32207],[78.5872,17.32222],[78.58881,17.3221],[78.5887,17.32168],[78.58871,17.32045],[78.59011,17.31651],[78.59147,17.31123],[78.59303,17.30668],[78.59298,17.30476],[78.59305,17.30238],[78.59211,17.30219],[78.5801,17.30239],[78.57615,17.30235],[78.5757,17.30244],[78.57176,17.30379],[78.57112,17.30421],[78.56766,17.3076],[78.56514,17.31048],[78.56346,17.31015],[78.56067,17.31046],[78.56025,17.31057],[78.55949,17.31048],[78.55757,17.31047],[78.55754,17.31087],[78.55772,17.31158],[78.55792,17.3119],[78.55826,17.31291],[78.55519,17.31373],[78.55335,17.31408],[78.55246,17.31471],[78.55238,17.31459],[78.55158,17.31499],[78.54926,17.31647],[78.55163,17.31997]]]}},{"type":"Feature","properties":{"ward_no":12,"ward":"Mansoorabad","circle":"3-HAYAT NAGAR","zone":"L.B.NAGAR ZONE"},"geometry":{"type":"Polygon","coordinates":[[[78.56692,17.35512],[78.56672,17.3545],[78.56662,17.35452],[78.56657,17.35409],[78.56669,17.35358],[78.56627,17.35139],[78.56651,17.35136],[78.56642,17.35038],[78.56946,17.35006],[78.57169,17.35018],[78.57433,17.34932],[78.57544,17.34888],[78.57617,17.34873],[78.57673,17.34879],[78.57799,17.34912],[78.58054,17.34933],[78.58243,17.3496],[78.58388,17.35019],[78.58611,17.35054],[78.58614,17.34759],[78.58763,17.3476],[78.59044,17.3473],[78.59826,17.34569],[78.60106,17.34605],[78.60286,17.34711],[78.61065,17.34721],[78.61601,17.34455],[78.62103,17.3412],[78.62171,17.33958],[78.62155,17.33865],[78.6208,17.33853],[78.61935,17.33801],[78.61715,17.33691],[78.61449,17.33622],[78.61133,17.33284],[78.60847,17.33148],[78.60739,17.33036],[78.60842,17.32968],[78.61192,17.32823],[78.61011,17.32632],[78.60888,17.32469],[78.6066,17.32641],[78.60594,17.32675],[78.60137,17.32764],[78.59442,17.3299],[78.59281,17.33066],[78.58809,17.33347],[78.58393,17.3354],[78.58072,17.33589],[78.5733,17.33681],[78.56819,17.33843],[78.56431,17.3404],[78.56348,17.34059],[78.55943,17.34118],[78.55841,17.34146],[78.55724,17.34218],[78.55495,17.34383],[78.55096,17.34648],[78.5551,17.35185],[78.5557,17.35303],[78.55608,17.35298],[78.55836,17.35343],[78.559,17.35346],[78.55918,17.35337],[78.55976,17.35279],[78.55996,17.3527],[78.56171,17.35267],[78.56238,17.3545],[78.56253,17.35446],[78.56272,17.35472],[78.56336,17.35461],[78.56376,17.35486],[78.56529,17.35539],[78.56578,17.35593],[78.56709,17.35573],[78.56692,17.35512]]]}},{"type":"Feature","properties":{"ward_no":21,"ward":"Kothapet","circle":"5-SAROOR NAGAR","zone":"L.B.NAGAR ZONE"},"geometry":{"type":"Polygon","coordinates":[[[78.55827,17.38292],[78.5571,17.36574],[78.55717,17.36415],[78.55771,17.36101],[78.5577,17.36004],[78.55755,17.35918],[78.55574,17.35313],[78.55523,17.35206],[78.55439,17.35092],[78.55416,17.35104],[78.55209,17.3515],[78.55205,17.35138],[78.55153,17.35255],[78.55384,17.35274],[78.55325,17.35373],[78.55403,17.35501],[78.55496,17.35693],[78.55609,17.35883],[78.55638,17.35946],[78.55682,17.3611],[78.55667,17.36111],[78.55667,17.36222],[78.55704,17.36221],[78.55693,17.36408],[78.5568,17.36415],[78.55673,17.36503],[78.55631,17.36508],[78.55638,17.36595],[78.55595,17.36587],[78.55583,17.36641],[78.55535,17.36741],[78.55562,17.36775],[78.55459,17.3689],[78.55467,17.36909],[78.55447,17.36925],[78.55452,17.3693],[78.55218,17.37126],[78.55216,17.37156],[78.55189,17.37157],[78.55177,17.37145],[78.55147,17.37171],[78.55125,17.37176],[78.55053,17.37222],[78.54944,17.37241],[78.54955,17.37269],[78.54923,17.37362],[78.54623,17.37259],[78.54368,17.37224],[78.54218,17.37158],[78.54087,17.37084],[78.54092,17.3715],[78.54011,17.37131],[78.53983,17.37157],[78.5384,17.3712],[78.53824,17.37244],[78.53796,17.37243],[78.53778,17.37258],[78.53765,17.37371],[78.53825,17.37377],[78.53809,17.37553],[78.53907,17.37561],[78.53899,17.37654],[78.53988,17.37648],[78.54002,17.37733],[78.54039,17.37727],[78.54027,17.37636],[78.54106,17.37548],[78.54182,17.37562],[78.54226,17.37551],[78.54275,17.37551],[78.5429,17.37788],[78.54288,17.37855],[78.54299,17.37952],[78.54299,17.3803],[78.54285,17.38142],[78.54292,17.38191],[78.5429,17.38326],[78.54431,17.38336],[78.54534,17.38314],[78.54624,17.38276],[78.54734,17.38211],[78.54823,17.38114],[78.54916,17.38058],[78.54966,17.38039],[78.55101,17.38023],[78.55336,17.3806],[78.5547,17.38111],[78.55827,17.38292]]]}},{"type":"Feature","properties":{"ward_no":11,"ward":"Nagole","circle":"3-HAYAT NAGAR","zone":"L.B.NAGAR ZONE"},"geometry":{"type":"Polygon","coordinates":[[[78.58857,17.38762],[78.58844,17.38718],[78.58886,17.38619],[78.58895,17.38551],[78.5885,17.38454],[78.58178,17.38308],[78.58182,17.37933],[78.58647,17.37734],[78.58475,17.37357],[78.58223,17.37189],[78.58166,17.37044],[78.58116,17.37046],[78.58074,17.37058],[78.5804,17.36981],[78.58015,17.36961],[78.58077,17.36867],[78.58164,17.36761],[78.58144,17.36647],[78.5782,17.36679],[78.57774,17.3656],[78.58064,17.36052],[78.58314,17.35917],[78.58566,17.35716],[78.58605,17.35509],[78.58611,17.35054],[78.58388,17.35019],[78.58243,17.3496],[78.58054,17.34933],[78.57799,17.34912],[78.57673,17.34879],[78.57617,17.34873],[78.57544,17.34888],[78.57433,17.34932],[78.57169,17.35018],[78.56946,17.35006],[78.56642,17.35038],[78.56651,17.35136],[78.56627,17.35139],[78.56669,17.35358],[78.56657,17.35409],[78.56662,17.35452],[78.56672,17.3545],[78.5668,17.35488],[78.56686,17.35486],[78.56709,17.35573],[78.56578,17.35593],[78.56529,17.35539],[78.56504,17.35528],[78.56388,17.3549],[78.56336,17.35461],[78.56272,17.35472],[78.56253,17.35446],[78.56238,17.3545],[78.56171,17.35267],[78.55996,17.3527],[78.55976,17.35279],[78.55918,17.35337],[78.559,17.35346],[78.55836,17.35343],[78.55608,17.35298],[78.5557,17.35303],[78.55755,17.35918],[78.55773,17.3603],[78.55768,17.36125],[78.55717,17.36415],[78.5571,17.36574],[78.55827,17.38292],[78.55974,17.38404],[78.56056,17.38479],[78.56143,17.38538],[78.5629,17.38601],[78.56345,17.38609],[78.5658,17.38595],[78.56928,17.38698],[78.57414,17.38829],[78.57677,17.3892],[78.57836,17.38958],[78.57934,17.38967],[78.58027,17.38964],[78.58249,17.38917],[78.58582,17.38807],[78.58857,17.38762]]]}},{"type":"Feature","properties":{"ward_no":10,"ward":"Uppal","circle":"2-UPPAL","zone":"L.B.NAGAR ZONE"},"geometry":{"type":"Polygon","coordinates":[[[78.56488,17.41296],[78.56654,17.41285],[78.56693,17.41289],[78.56742,17.41278],[78.56743,17.41286],[78.56752,17.41285],[78.56851,17.41153],[78.57647,17.40687],[78.58263,17.40545],[78.58076,17.39532],[78.58248,17.38973],[78.58249,17.38917],[78.58027,17.38964],[78.57934,17.38967],[78.57836,17.38958],[78.57677,17.3892],[78.57414,17.38829],[78.56928,17.38698],[78.5658,17.38595],[78.56345,17.38609],[78.5629,17.38601],[78.56143,17.38538],[78.56056,17.38479],[78.55974,17.38404],[78.55827,17.38292],[78.5547,17.38111],[78.55336,17.3806],[78.55101,17.38023],[78.54966,17.38039],[78.54916,17.38058],[78.54823,17.38114],[78.54734,17.38211],[78.54624,17.38276],[78.54534,17.38314],[78.54452,17.38332],[78.5445,17.38381],[78.54415,17.38451],[78.54409,17.38506],[78.54373,17.38609],[78.54381,17.3862],[78.54368,17.38646],[78.54376,17.3867],[78.54365,17.38688],[78.54371,17.38708],[78.54367,17.38775],[78.54321,17.388],[78.54286,17.38846],[78.54271,17.38851],[78.54294,17.39142],[78.54392,17.39132],[78.54629,17.39075],[78.54596,17.39216],[78.54521,17.39442],[78.54512,17.39758],[78.54552,17.40123],[78.54697,17.40132],[78.55502,17.40112],[78.55959,17.40143],[78.56021,17.40153],[78.56242,17.40145],[78.56231,17.4021],[78.56215,17.40249],[78.56246,17.40256],[78.56293,17.4033],[78.56351,17.40525],[78.56391,17.4059],[78.56442,17.40806],[78.56425,17.40864],[78.56425,17.41004],[78.56438,17.41082],[78.56459,17.41128],[78.56488,17.41296]]]}},{"type":"Feature","properties":{"ward_no":null,"ward":"Grampanchayat Peerzadi Guda","circle":"GRAMPANCHAYAT PEERZADIGUDA","zone":null},"geometry":{"type":"Polygon","coordinates":[[[78.57131,17.40691],[78.57076,17.40669],[78.56943,17.40665],[78.56909,17.40514],[78.56887,17.40522],[78.56839,17.40524],[78.56845,17.40605],[78.5676,17.40619],[78.56805,17.40798],[78.56815,17.40796],[78.56829,17.40849],[78.5696,17.40825],[78.56996,17.40959],[78.57104,17.40926],[78.57119,17.40968],[78.57155,17.40955],[78.57127,17.40897],[78.57186,17.40869],[78.5717,17.40831],[78.57259,17.40791],[78.5722,17.40672],[78.57131,17.40691]]]}},{"type":"Feature","properties":{"ward_no":null,"ward":"Kalavancha Gram Panchayath","circle":"KALAVANCHA GRAMPANCHAYATH","zone":null},"geometry":{"type":"Polygon","coordinates":[[[78.58758,17.32971],[78.58852,17.32939],[78.59014,17.32918],[78.59001,17.32777],[78.59083,17.32767],[78.59071,17.3264],[78.5908,17.32633],[78.59219,17.32621],[78.59209,17.32535],[78.59215,17.32508],[78.59235,17.32496],[78.59225,17.32468],[78.59196,17.32206],[78.58929,17.32216],[78.58896,17.32343],[78.58842,17.32429],[78.58785,17.32502],[78.58722,17.32516],[78.58734,17.32578],[78.58735,17.32637],[78.58694,17.32642],[78.58709,17.32747],[78.58709,17.32811],[78.58754,17.32808],[78.58758,17.32971]]]}},{"type":"Feature","properties":{"ward_no":13,"ward":"Hayathnagar","circle":"3-HAYAT NAGAR","zone":"L.B.NAGAR ZONE"},"geometry":{"type":"Polygon","coordinates":[[[78.61726,17.33053],[78.61698,17.32544],[78.61773,17.32423],[78.61912,17.32397],[78.61917,17.32384],[78.61903,17.32318],[78.61918,17.32307],[78.61968,17.32301],[78.61912,17.31991],[78.61987,17.32005],[78.62171,17.31556],[78.62107,17.31427],[78.62127,17.31399],[78.62113,17.31155],[78.62086,17.3114],[78.61947,17.31132],[78.61756,17.31153],[78.61292,17.30861],[78.60548,17.30645],[78.60162,17.30402],[78.59305,17.30238],[78.59298,17.30476],[78.59303,17.30668],[78.59147,17.31123],[78.59011,17.31651],[78.58871,17.32045],[78.5887,17.32168],[78.58881,17.3221],[78.5872,17.32222],[78.58259,17.32198],[78.58239,17.32201],[78.58166,17.32246],[78.58118,17.32232],[78.57997,17.32254],[78.57967,17.32268],[78.57948,17.32459],[78.5777,17.32449],[78.57761,17.32522],[78.57595,17.3252],[78.57566,17.32579],[78.57529,17.32621],[78.57462,17.32618],[78.57454,17.3267],[78.57531,17.3282],[78.57553,17.33036],[78.575,17.33394],[78.57395,17.33625],[78.57387,17.3367],[78.58072,17.33589],[78.58393,17.3354],[78.58809,17.33347],[78.59281,17.33066],[78.59442,17.3299],[78.60137,17.32764],[78.60594,17.32675],[78.6066,17.32641],[78.60888,17.32469],[78.61011,17.32632],[78.61192,17.32823],[78.60842,17.32968],[78.60739,17.33036],[78.60847,17.33148],[78.61133,17.33284],[78.61449,17.33622],[78.61715,17.33691],[78.61935,17.33801],[78.6208,17.33853],[78.62155,17.33865],[78.62109,17.33605],[78.6204,17.33433],[78.61726,17.33053]]]}},{"type":"Feature","properties":{"ward_no":15,"ward":"Vanasthalipuram","circle":"4-LB. NAGAR","zone":"L.B.NAGAR ZONE"},"geometry":{"type":"Polygon","coordinates":[[[78.57552,17.33003],[78.57536,17.32856],[78.56428,17.32944],[78.56356,17.32955],[78.56352,17.32943],[78.56301,17.32958],[78.56158,17.32548],[78.56047,17.32553],[78.56042,17.32524],[78.55729,17.32516],[78.55683,17.3262],[78.55621,17.32704],[78.5552,17.32823],[78.55357,17.3297],[78.5532,17.3302],[78.55304,17.33072],[78.55292,17.33194],[78.55278,17.3326],[78.55174,17.33568],[78.5514,17.33609],[78.54991,17.3374],[78.54884,17.33863],[78.54862,17.33906],[78.54768,17.34166],[78.54735,17.34192],[78.54666,17.34215],[78.55096,17.34648],[78.55495,17.34383],[78.55724,17.34218],[78.55841,17.34146],[78.55943,17.34118],[78.56348,17.34059],[78.56431,17.3404],[78.56819,17.33843],[78.57314,17.33685],[78.57387,17.3367],[78.57395,17.33625],[78.575,17.33394],[78.57544,17.33127],[78.57552,17.33003]]]}},{"type":"Feature","properties":{"ward_no":26,"ward":"Old Malakpet","circle":"6-MALAKPET","zone":"CHARMINAR ZONE"},"geometry":{"type":"Polygon","coordinates":[[[78.49806,17.37543],[78.49722,17.37557],[78.49674,17.37573],[78.49645,17.37596],[78.49592,17.37686],[78.49514,17.37711],[78.49501,17.37864],[78.49496,17.38078],[78.49532,17.38095],[78.49857,17.38347],[78.49983,17.38459],[78.50121,17.38531],[78.50317,17.38602],[78.50385,17.38609],[78.50797,17.38585],[78.5094,17.38586],[78.51053,17.38574],[78.51123,17.38551],[78.51181,17.38516],[78.51228,17.38475],[78.51539,17.3811],[78.51687,17.37983],[78.51602,17.37871],[78.51361,17.38017],[78.51303,17.38085],[78.51285,17.3808],[78.51165,17.37993],[78.5111,17.37973],[78.51129,17.37894],[78.51132,17.37803],[78.51106,17.37751],[78.51064,17.37688],[78.51027,17.37656],[78.50985,17.37634],[78.50913,17.37633],[78.50878,17.37623],[78.50831,17.37594],[78.50809,17.37563],[78.50719,17.37284],[78.5007,17.37382],[78.49944,17.37442],[78.49863,17.37508],[78.49806,17.37543]]]}},{"type":"Feature","properties":{"ward_no":17,"ward":"Champapet","circle":"4-LB. NAGAR","zone":"L.B.NAGAR ZONE"},"geometry":{"type":"Polygon","coordinates":[[[78.51589,17.35077],[78.5161,17.35069],[78.51614,17.35077],[78.51636,17.35071],[78.51641,17.35079],[78.51678,17.35064],[78.51691,17.35091],[78.51717,17.3508],[78.51709,17.35061],[78.51729,17.35054],[78.51722,17.35037],[78.51731,17.35033],[78.5166,17.34814],[78.51698,17.34799],[78.51675,17.34659],[78.51823,17.34553],[78.51818,17.34526],[78.51875,17.34498],[78.51867,17.34477],[78.51903,17.34435],[78.5189,17.34373],[78.51982,17.34346],[78.52002,17.34342],[78.52009,17.34365],[78.52052,17.34354],[78.52087,17.34337],[78.52104,17.34397],[78.52221,17.34371],[78.52224,17.34392],[78.52313,17.3436],[78.52471,17.34326],[78.5248,17.34376],[78.52565,17.3436],[78.5257,17.34387],[78.52565,17.34398],[78.52574,17.3441],[78.52634,17.34413],[78.52634,17.34379],[78.52603,17.34358],[78.52606,17.34353],[78.52613,17.34349],[78.52635,17.34362],[78.52651,17.34334],[78.5271,17.34355],[78.52699,17.34407],[78.52702,17.3443],[78.52694,17.34433],[78.52692,17.34454],[78.52588,17.34461],[78.52587,17.34522],[78.54037,17.34307],[78.541,17.34301],[78.54258,17.34308],[78.54463,17.34298],[78.54565,17.34267],[78.54666,17.34215],[78.54331,17.33919],[78.54241,17.33857],[78.54102,17.33803],[78.54002,17.33786],[78.53737,17.33773],[78.53613,17.33751],[78.53507,17.33854],[78.53479,17.33914],[78.53403,17.33926],[78.53376,17.33913],[78.53354,17.33888],[78.53302,17.33896],[78.53225,17.3392],[78.53225,17.33947],[78.53207,17.33998],[78.53171,17.34008],[78.5311,17.34007],[78.53079,17.33996],[78.53096,17.33858],[78.5311,17.33821],[78.53103,17.33762],[78.53064,17.33772],[78.53062,17.33978],[78.52894,17.33995],[78.5286,17.33814],[78.52776,17.33832],[78.52504,17.33927],[78.52515,17.34003],[78.52544,17.34087],[78.52472,17.34092],[78.52459,17.34066],[78.5245,17.34075],[78.52385,17.34095],[78.52333,17.33989],[78.5168,17.3422],[78.51108,17.3429],[78.50699,17.34358],[78.50751,17.34403],[78.50773,17.34439],[78.50857,17.34817],[78.50856,17.34901],[78.50939,17.349],[78.50942,17.3492],[78.5099,17.34918],[78.50998,17.34957],[78.51017,17.34954],[78.51048,17.35063],[78.51143,17.35032],[78.51391,17.34917],[78.51478,17.35124],[78.51589,17.35077]]]}},{"type":"Feature","properties":{"ward_no":39,"ward":"Santosh Nagar","circle":"7-SANTOSH NAGAR","zone":"CHARMINAR ZONE"},"geometry":{"type":"Polygon","coordinates":[[[78.50249,17.35025],[78.50402,17.35118],[78.50547,17.35194],[78.50667,17.35234],[78.50856,17.34901],[78.50857,17.34817],[78.50773,17.34439],[78.50751,17.34403],[78.50705,17.34362],[78.50493,17.3422],[78.50415,17.34256],[78.50391,17.3433],[78.50293,17.3435],[78.50239,17.34396],[78.50246,17.34429],[78.50244,17.34538],[78.502,17.34602],[78.50172,17.34613],[78.50179,17.3468],[78.50169,17.34685],[78.50165,17.34713],[78.5004,17.3473],[78.49972,17.34799],[78.49822,17.34895],[78.49713,17.34906],[78.497,17.34915],[78.49538,17.35072],[78.49335,17.35296],[78.49304,17.35316],[78.49342,17.3536],[78.49459,17.35444],[78.49486,17.35486],[78.4949,17.35509],[78.4964,17.35481],[78.49854,17.3549],[78.49895,17.35502],[78.49898,17.353],[78.50009,17.353],[78.50016,17.35273],[78.50076,17.35275],[78.50079,17.3526],[78.50091,17.3526],[78.5009,17.35276],[78.50204,17.3528],[78.50209,17.35179],[78.50245,17.35068],[78.50237,17.35019],[78.50249,17.35025]]]}},{"type":"Feature","properties":{"ward_no":66,"ward":"Lunger House","circle":"13-KARWAN","zone":"KHAIRATHABAD ZONE"},"geometry":{"type":"Polygon","coordinates":[[[78.3832,17.38803],[78.38401,17.38629],[78.38453,17.38596],[78.38663,17.38623],[78.38715,17.38655],[78.3884,17.3881],[78.38945,17.38896],[78.39003,17.38933],[78.39157,17.39001],[78.3916,17.39029],[78.3922,17.39032],[78.39246,17.39047],[78.3929,17.39097],[78.3932,17.39271],[78.39404,17.39252],[78.3958,17.39258],[78.3998,17.39228],[78.39983,17.39203],[78.40014,17.39181],[78.39801,17.39107],[78.39749,17.39108],[78.39672,17.39037],[78.39625,17.3901],[78.3961,17.38978],[78.39607,17.38957],[78.39615,17.3894],[78.39598,17.3888],[78.39592,17.38818],[78.39606,17.38802],[78.39634,17.38786],[78.39661,17.38788],[78.3969,17.38795],[78.39718,17.38816],[78.39736,17.3882],[78.39768,17.38817],[78.39878,17.38784],[78.39898,17.38824],[78.39907,17.38821],[78.39905,17.38813],[78.39986,17.38778],[78.40099,17.38699],[78.40137,17.38633],[78.40237,17.38522],[78.40326,17.38453],[78.40327,17.38394],[78.40338,17.38375],[78.40553,17.38283],[78.40853,17.3813],[78.41039,17.38019],[78.41212,17.37941],[78.41215,17.37949],[78.41244,17.37926],[78.41275,17.37928],[78.41289,17.37918],[78.41308,17.37927],[78.41437,17.37925],[78.4159,17.37938],[78.41788,17.37854],[78.42093,17.37817],[78.42593,17.37729],[78.42602,17.37582],[78.42634,17.37571],[78.42653,17.37468],[78.42725,17.37464],[78.42723,17.37422],[78.42717,17.37418],[78.42734,17.37397],[78.42758,17.37252],[78.4256,17.37197],[78.41859,17.37147],[78.41446,17.37075],[78.41427,17.37096],[78.41427,17.37126],[78.41333,17.37139],[78.4129,17.37154],[78.41202,17.37199],[78.4117,17.37233],[78.41127,17.37236],[78.41076,17.37251],[78.40972,17.37233],[78.40899,17.37235],[78.40799,17.37217],[78.40665,17.37213],[78.40398,17.37278],[78.40121,17.37298],[78.40059,17.37289],[78.39868,17.37225],[78.39802,17.37211],[78.39592,17.37212],[78.39525,17.37222],[78.39287,17.37222],[78.39153,17.37232],[78.38958,17.37223],[78.38882,17.37229],[78.38686,17.3727],[78.38472,17.37303],[78.38277,17.37363],[78.38138,17.37378],[78.38015,17.37414],[78.37838,17.37502],[78.3771,17.37544],[78.37653,17.37576],[78.37429,17.37655],[78.37458,17.37723],[78.37506,17.37773],[78.37568,17.37778],[78.37688,17.37842],[78.3773,17.37897],[78.3774,17.37961],[78.37745,17.3809],[78.37784,17.38144],[78.37894,17.38226],[78.37918,17.38285],[78.37823,17.38377],[78.37847,17.38437],[78.37904,17.38469],[78.37943,17.38519],[78.37957,17.38579],[78.3792,17.38768],[78.37921,17.3885],[78.38034,17.38785],[78.38101,17.38775],[78.38154,17.39034],[78.38203,17.39156],[78.38266,17.39422],[78.3829,17.39485],[78.38333,17.39435],[78.38366,17.39311],[78.38366,17.39247],[78.38355,17.39183],[78.38292,17.38931],[78.38301,17.38862],[78.3832,17.38803]]]}},{"type":"Feature","properties":{"ward_no":112,"ward":"Ramachandrapuram","circle":"22-RAMACHANDRAPURAM & PATANCHERUVU","zone":"SERILINGAMPALLY ZONE"},"geometry":{"type":"Polygon","coordinates":[[[78.29193,17.51407],[78.29231,17.51403],[78.29332,17.51429],[78.29335,17.51416],[78.29326,17.51389],[78.29335,17.51371],[78.29375,17.51357],[78.29415,17.51355],[78.29437,17.51307],[78.29459,17.51295],[78.29531,17.51302],[78.29575,17.51281],[78.29628,17.51272],[78.29723,17.5128],[78.29771,17.51269],[78.29813,17.51278],[78.29866,17.51304],[78.30033,17.51262],[78.30071,17.51243],[78.30098,17.51217],[78.30139,17.51144],[78.30197,17.51091],[78.30313,17.51021],[78.30355,17.51022],[78.30394,17.51035],[78.30454,17.5108],[78.30482,17.51088],[78.30513,17.51089],[78.30538,17.51079],[78.30637,17.51081],[78.30684,17.51049],[78.30736,17.51002],[78.30751,17.50969],[78.30787,17.50778],[78.30815,17.50759],[78.30866,17.50747],[78.30925,17.5071],[78.30949,17.50673],[78.31,17.5062],[78.31034,17.50546],[78.31051,17.5053],[78.31109,17.50504],[78.31167,17.50492],[78.31186,17.50466],[78.31211,17.50447],[78.31266,17.50415],[78.31369,17.50373],[78.31417,17.50339],[78.31432,17.50268],[78.31427,17.50245],[78.31448,17.50192],[78.31514,17.50137],[78.31507,17.50114],[78.31462,17.50085],[78.31452,17.50071],[78.3145,17.50042],[78.31483,17.50013],[78.31523,17.50006],[78.31561,17.49976],[78.31626,17.49885],[78.31662,17.49811],[78.31664,17.49781],[78.31699,17.4974],[78.31692,17.49689],[78.31758,17.49586],[78.31763,17.49532],[78.31755,17.49527],[78.31744,17.49493],[78.31708,17.49453],[78.31687,17.49339],[78.31667,17.49312],[78.3161,17.49292],[78.31603,17.4932],[78.31525,17.49296],[78.31518,17.49302],[78.31549,17.49491],[78.31615,17.4955],[78.31517,17.4962],[78.31493,17.49651],[78.31373,17.49887],[78.31207,17.50179],[78.31157,17.50251],[78.31115,17.50291],[78.31049,17.50336],[78.30404,17.50698],[78.30378,17.50681],[78.30094,17.50702],[78.30028,17.50688],[78.29966,17.50691],[78.29981,17.50721],[78.29882,17.50719],[78.29737,17.50783],[78.29424,17.51001],[78.29292,17.51056],[78.29067,17.51034],[78.28961,17.51056],[78.28881,17.51008],[78.28975,17.50868],[78.29042,17.50706],[78.2889,17.5075],[78.28311,17.5087],[78.2831,17.51245],[78.28326,17.51285],[78.28372,17.51357],[78.28292,17.51423],[78.28235,17.51424],[78.28254,17.5161],[78.2847,17.51926],[78.28434,17.51952],[78.28759,17.52315],[78.28863,17.52302],[78.28864,17.52205],[78.28895,17.52182],[78.28919,17.52091],[78.28918,17.52062],[78.28946,17.52032],[78.28947,17.51953],[78.29041,17.51948],[78.29074,17.51917],[78.29088,17.51882],[78.29084,17.51796],[78.29134,17.51766],[78.29132,17.51705],[78.2914,17.51678],[78.29133,17.51612],[78.29117,17.51595],[78.29104,17.51562],[78.29105,17.51499],[78.29157,17.51427],[78.29193,17.51407]]]}},{"type":"Feature","properties":{"ward_no":128,"ward":"Chintal","circle":"26-GAJULARAMARAM","zone":"KUKATPALLY ZONE"},"geometry":{"type":"Polygon","coordinates":[[[78.45195,17.49823],[78.45225,17.49598],[78.45222,17.49537],[78.45089,17.48996],[78.45031,17.48797],[78.44605,17.48879],[78.4456,17.49299],[78.44586,17.49301],[78.44579,17.49381],[78.44583,17.4939],[78.44469,17.49526],[78.44442,17.49473],[78.44166,17.4961],[78.43999,17.49604],[78.4398,17.49621],[78.4376,17.49697],[78.43543,17.49626],[78.43425,17.49714],[78.4341,17.49734],[78.43351,17.49761],[78.4329,17.49765],[78.43312,17.49818],[78.43277,17.49835],[78.4329,17.49902],[78.43279,17.49935],[78.43124,17.50169],[78.43001,17.50372],[78.43083,17.50557],[78.43073,17.50568],[78.43174,17.50804],[78.43126,17.50819],[78.43133,17.50837],[78.43101,17.50847],[78.43137,17.50933],[78.43121,17.50945],[78.4317,17.51035],[78.43156,17.51039],[78.43181,17.51108],[78.43184,17.51149],[78.43207,17.51191],[78.43226,17.51209],[78.43199,17.51289],[78.43653,17.51577],[78.43751,17.51686],[78.43935,17.51547],[78.44032,17.51487],[78.44144,17.5144],[78.44215,17.51385],[78.44214,17.5134],[78.44226,17.51308],[78.44788,17.51075],[78.44804,17.50954],[78.4516,17.49956],[78.45195,17.49823]]]}},{"type":"Feature","properties":{"ward_no":126,"ward":"Jagadgiri Gutta","circle":"26-GAJULARAMARAM","zone":"KUKATPALLY ZONE"},"geometry":{"type":"Polygon","coordinates":[[[78.43199,17.51289],[78.43226,17.51209],[78.43207,17.51191],[78.43184,17.51149],[78.43181,17.51108],[78.43156,17.51039],[78.4317,17.51035],[78.43121,17.50945],[78.43137,17.50933],[78.43101,17.50847],[78.43133,17.50837],[78.43126,17.50819],[78.43174,17.50804],[78.43073,17.50568],[78.43083,17.50557],[78.43001,17.50372],[78.43124,17.50169],[78.43279,17.49935],[78.4329,17.49902],[78.43277,17.49835],[78.43312,17.49818],[78.4327,17.4973],[78.42927,17.49891],[78.42844,17.49919],[78.42837,17.499],[78.42827,17.49906],[78.4281,17.499],[78.42798,17.49878],[78.42777,17.49887],[78.42764,17.49866],[78.42696,17.49889],[78.42696,17.50058],[78.42654,17.50069],[78.42666,17.50138],[78.42034,17.50275],[78.41996,17.50253],[78.41974,17.50307],[78.41971,17.50336],[78.41944,17.50372],[78.41915,17.50361],[78.4188,17.50392],[78.41853,17.504],[78.41749,17.50402],[78.41691,17.50422],[78.41716,17.50571],[78.41721,17.50661],[78.41699,17.50662],[78.41719,17.50753],[78.41646,17.50761],[78.4165,17.50828],[78.41526,17.50846],[78.41484,17.50843],[78.41338,17.50879],[78.41253,17.5092],[78.41238,17.50951],[78.41228,17.51023],[78.41243,17.51072],[78.41381,17.51228],[78.41408,17.51301],[78.41399,17.51339],[78.41788,17.51332],[78.41829,17.51321],[78.4196,17.51251],[78.41976,17.5125],[78.42067,17.51272],[78.42072,17.51306],[78.42096,17.51326],[78.42133,17.51306],[78.42453,17.51446],[78.42614,17.5138],[78.42606,17.51363],[78.42699,17.51321],[78.42736,17.5127],[78.42869,17.5133],[78.42986,17.51248],[78.4303,17.51404],[78.43094,17.51448],[78.43116,17.51441],[78.43187,17.51282],[78.43199,17.51289]]]}},{"type":"Feature","properties":{"ward_no":129,"ward":"Suraram","circle":"26-GAJULARAMARAM","zone":"KUKATPALLY ZONE"},"geometry":{"type":"Polygon","coordinates":[[[78.44777,17.51141],[78.44788,17.51075],[78.44226,17.51308],[78.44214,17.5134],[78.44215,17.51385],[78.44144,17.5144],[78.44032,17.51487],[78.43935,17.51547],[78.43751,17.51686],[78.43648,17.5175],[78.4352,17.51905],[78.43452,17.51939],[78.43584,17.52043],[78.43637,17.52151],[78.43609,17.52157],[78.43515,17.52209],[78.43533,17.52246],[78.43424,17.523],[78.43456,17.52409],[78.43223,17.5242],[78.43222,17.52807],[78.4321,17.52825],[78.43183,17.52832],[78.43137,17.52862],[78.43046,17.52855],[78.42914,17.52875],[78.42915,17.52908],[78.42897,17.52924],[78.42902,17.52957],[78.42843,17.52973],[78.42864,17.53082],[78.42834,17.53092],[78.42838,17.53152],[78.42848,17.53207],[78.4286,17.53223],[78.42763,17.53262],[78.42678,17.53307],[78.42653,17.53352],[78.42651,17.53372],[78.42664,17.5347],[78.42648,17.53458],[78.42619,17.53459],[78.4254,17.53497],[78.4251,17.53517],[78.4246,17.53585],[78.42422,17.53524],[78.4239,17.53495],[78.42395,17.53383],[78.4238,17.53341],[78.42345,17.53342],[78.42273,17.53359],[78.42123,17.53436],[78.42082,17.53269],[78.41659,17.53319],[78.41403,17.53461],[78.41328,17.53522],[78.41303,17.53556],[78.41276,17.53633],[78.41278,17.53673],[78.41248,17.53703],[78.41271,17.5374],[78.41267,17.53751],[78.4124,17.53746],[78.41232,17.53752],[78.41168,17.53833],[78.41089,17.53964],[78.41084,17.54013],[78.41073,17.54031],[78.41015,17.54061],[78.41043,17.5411],[78.4094,17.54274],[78.40868,17.54567],[78.4086,17.54573],[78.40781,17.54571],[78.40781,17.54625],[78.4094,17.54671],[78.41291,17.54971],[78.41407,17.55228],[78.41463,17.55501],[78.41615,17.55913],[78.41772,17.56041],[78.41852,17.56082],[78.41982,17.561],[78.4208,17.56094],[78.42283,17.55964],[78.42389,17.55912],[78.42499,17.5587],[78.42666,17.55786],[78.42826,17.55633],[78.43031,17.55567],[78.43208,17.55424],[78.4337,17.55404],[78.4337,17.55219],[78.43392,17.55214],[78.43394,17.55134],[78.43552,17.55013],[78.43638,17.54961],[78.4368,17.54823],[78.43671,17.54623],[78.43639,17.54515],[78.43673,17.54502],[78.43553,17.54145],[78.43566,17.54143],[78.43529,17.54041],[78.43384,17.54112],[78.43392,17.53977],[78.43431,17.53749],[78.43497,17.53541],[78.43615,17.53195],[78.43728,17.52979],[78.43955,17.52709],[78.44105,17.52599],[78.44162,17.52548],[78.44306,17.52332],[78.44476,17.52103],[78.44658,17.51811],[78.44777,17.51141]]]}},{"type":"Feature","properties":{"ward_no":133,"ward":"Machabolarum","circle":"27-ALWAL","zone":"KUKATPALLY ZONE"},"geometry":{"type":"MultiPolygon","coordinates":[[[[78.50397,17.53376],[78.50484,17.53486],[78.50595,17.53738],[78.50589,17.53882],[78.50615,17.53987],[78.50635,17.54403],[78.50597,17.54703],[78.50993,17.54627],[78.51224,17.54552],[78.51297,17.54501],[78.51307,17.54516],[78.515,17.54499],[78.51518,17.54582],[78.51647,17.54525],[78.51689,17.54498],[78.51722,17.54492],[78.51787,17.54441],[78.51747,17.54335],[78.51742,17.54255],[78.51803,17.54234],[78.51803,17.54218],[78.51818,17.54215],[78.51817,17.54202],[78.51804,17.54203],[78.518,17.54176],[78.51771,17.54159],[78.51733,17.5417],[78.51729,17.54158],[78.51687,17.54168],[78.5167,17.5413],[78.5163,17.54125],[78.51626,17.54109],[78.51619,17.54047],[78.51657,17.53951],[78.51666,17.53937],[78.51728,17.539],[78.51715,17.53781],[78.51723,17.53773],[78.51773,17.53778],[78.51787,17.53809],[78.51896,17.53804],[78.51902,17.53772],[78.5195,17.53773],[78.52032,17.5379],[78.52144,17.53787],[78.5218,17.53767],[78.52241,17.53688],[78.52222,17.53606],[78.52173,17.53485],[78.52008,17.53327],[78.51966,17.53301],[78.5195,17.53237],[78.51927,17.53193],[78.51871,17.53089],[78.51847,17.53099],[78.51775,17.52941],[78.51762,17.52944],[78.51722,17.52831],[78.5171,17.52834],[78.51699,17.52791],[78.51641,17.52798],[78.51627,17.52707],[78.51378,17.52762],[78.51376,17.52754],[78.51358,17.5262],[78.51361,17.52525],[78.51377,17.52426],[78.51611,17.51658],[78.51635,17.51512],[78.51628,17.51356],[78.51606,17.5125],[78.51475,17.50875],[78.51409,17.50889],[78.51377,17.50845],[78.51359,17.50844],[78.51275,17.50874],[78.51254,17.50898],[78.51201,17.50893],[78.51083,17.50916],[78.51041,17.50955],[78.51031,17.50954],[78.51014,17.50932],[78.50918,17.50923],[78.50907,17.51013],[78.50757,17.51042],[78.5073,17.50948],[78.50594,17.50945],[78.50596,17.50911],[78.50581,17.50906],[78.5025,17.50849],[78.502,17.50832],[78.50067,17.50747],[78.49879,17.50679],[78.49735,17.50645],[78.49314,17.50652],[78.48958,17.50558],[78.48813,17.50503],[78.48715,17.50455],[78.48499,17.5029],[78.48402,17.50237],[78.48203,17.50156],[78.48205,17.50172],[78.48266,17.50284],[78.48522,17.5104],[78.48508,17.51182],[78.48478,17.51344],[78.4851,17.51491],[78.48474,17.51499],[78.48492,17.51583],[78.48485,17.51592],[78.48476,17.51666],[78.48482,17.51699],[78.48463,17.51702],[78.48474,17.51734],[78.48465,17.51738],[78.48507,17.51853],[78.48505,17.51882],[78.48534,17.51933],[78.4857,17.5209],[78.48666,17.52083],[78.48767,17.52112],[78.48964,17.52185],[78.49063,17.5221],[78.49147,17.52219],[78.49374,17.52194],[78.49463,17.5234],[78.4949,17.52365],[78.49523,17.52372],[78.49564,17.5236],[78.49635,17.52312],[78.49662,17.52317],[78.49747,17.52309],[78.4976,17.52364],[78.49975,17.52325],[78.5013,17.52285],[78.50141,17.52367],[78.50173,17.52466],[78.50214,17.52677],[78.50044,17.52793],[78.50035,17.52823],[78.50061,17.52825],[78.50086,17.52839],[78.50171,17.5294],[78.50335,17.53299],[78.50397,17.53376]]],[[[78.54254,17.51928],[78.54193,17.51926],[78.54077,17.51949],[78.54024,17.51767],[78.54009,17.51613],[78.5383,17.51606],[78.5385,17.51743],[78.53844,17.51774],[78.53822,17.51779],[78.53824,17.51793],[78.53657,17.51794],[78.53783,17.52443],[78.53733,17.52416],[78.53662,17.52413],[78.5365,17.52383],[78.53628,17.52388],[78.53623,17.52354],[78.53592,17.52353],[78.53505,17.52432],[78.53432,17.52477],[78.53321,17.5256],[78.53275,17.5282],[78.53202,17.5339],[78.53258,17.53768],[78.53285,17.53836],[78.53653,17.53908],[78.53918,17.53791],[78.54104,17.53738],[78.5426,17.53671],[78.54368,17.53635],[78.54402,17.5365],[78.54529,17.53667],[78.54832,17.54172],[78.54994,17.54241],[78.55266,17.54002],[78.54741,17.53453],[78.54739,17.53187],[78.54817,17.53149],[78.54842,17.53068],[78.54958,17.53022],[78.55015,17.53008],[78.55017,17.52985],[78.54873,17.52761],[78.54743,17.52734],[78.54752,17.52405],[78.54581,17.52208],[78.546,17.52166],[78.54356,17.51909],[78.54254,17.51928]]]]}},{"type":"Feature","properties":{"ward_no":138,"ward":"Moula-Ali","circle":"28-MALKAJGIRI","zone":"SECUNDERABAD ZONE"},"geometry":{"type":"Polygon","coordinates":[[[78.55424,17.48112],[78.55357,17.47958],[78.55403,17.47939],[78.55351,17.47818],[78.55468,17.47768],[78.55443,17.47717],[78.55577,17.47556],[78.5566,17.47474],[78.55725,17.47418],[78.55776,17.47395],[78.55764,17.47368],[78.55988,17.47261],[78.56018,17.47336],[78.5603,17.4735],[78.56243,17.47306],[78.56239,17.47298],[78.56468,17.47168],[78.56462,17.47159],[78.56507,17.47134],[78.56501,17.47124],[78.56653,17.47035],[78.56577,17.46951],[78.56509,17.4685],[78.5656,17.46822],[78.56522,17.46626],[78.56511,17.46611],[78.56481,17.46598],[78.56477,17.46559],[78.56404,17.46559],[78.56371,17.4628],[78.56346,17.46286],[78.56313,17.46166],[78.56106,17.4626],[78.56084,17.4628],[78.55973,17.46203],[78.55976,17.46195],[78.55915,17.46127],[78.55841,17.46147],[78.55829,17.46131],[78.55847,17.46127],[78.55844,17.46121],[78.55869,17.46104],[78.56017,17.46051],[78.5598,17.45959],[78.55904,17.45884],[78.55875,17.45894],[78.55846,17.45816],[78.55703,17.4587],[78.55688,17.4584],[78.55559,17.45884],[78.55529,17.45911],[78.55298,17.45998],[78.55212,17.46003],[78.55196,17.45983],[78.5513,17.46019],[78.55132,17.46038],[78.55028,17.46046],[78.54915,17.46065],[78.54904,17.46095],[78.54816,17.46106],[78.5476,17.46124],[78.54703,17.46156],[78.5468,17.46241],[78.54735,17.46235],[78.54762,17.46268],[78.54837,17.46267],[78.54847,17.46283],[78.54846,17.46317],[78.54839,17.46359],[78.54819,17.46379],[78.5466,17.46431],[78.54654,17.46424],[78.54519,17.46463],[78.5454,17.46532],[78.54279,17.46632],[78.54271,17.46611],[78.54249,17.46618],[78.54277,17.46675],[78.54303,17.46702],[78.54317,17.46789],[78.54357,17.46784],[78.54371,17.46875],[78.54387,17.46867],[78.54537,17.46865],[78.54603,17.47042],[78.54583,17.47052],[78.54652,17.4722],[78.5465,17.47253],[78.54695,17.47372],[78.54727,17.4759],[78.54726,17.47733],[78.54732,17.47737],[78.54715,17.47823],[78.5477,17.47836],[78.54903,17.47905],[78.54867,17.47975],[78.54854,17.48018],[78.5489,17.48027],[78.5491,17.48042],[78.54984,17.4806],[78.55022,17.48056],[78.55011,17.48323],[78.54986,17.48362],[78.5518,17.48258],[78.55178,17.4821],[78.55424,17.48112]]]}},{"type":"Feature","properties":{"ward_no":107,"ward":"Madhapur","circle":"21-CHANDA NAGAR","zone":"SERILINGAMPALLY ZONE"},"geometry":{"type":"Polygon","coordinates":[[[78.36467,17.49647],[78.36719,17.49653],[78.37283,17.49647],[78.37249,17.49545],[78.37183,17.494],[78.36972,17.48991],[78.36724,17.48439],[78.36611,17.48441],[78.36598,17.48233],[78.37069,17.48198],[78.37192,17.48168],[78.37295,17.4812],[78.3736,17.48077],[78.37553,17.47909],[78.37632,17.48179],[78.37694,17.48437],[78.37689,17.48756],[78.37711,17.48764],[78.38005,17.49241],[78.38189,17.49151],[78.38305,17.49024],[78.3795,17.48052],[78.37901,17.47935],[78.37858,17.478],[78.37803,17.47686],[78.37843,17.47657],[78.37709,17.47337],[78.37756,17.47277],[78.38019,17.47167],[78.38253,17.46993],[78.38394,17.46824],[78.38573,17.4652],[78.38755,17.46261],[78.38753,17.46214],[78.3924,17.45683],[78.39252,17.45662],[78.39297,17.45621],[78.39325,17.45608],[78.39386,17.45559],[78.39503,17.45517],[78.39545,17.45494],[78.39573,17.45487],[78.39739,17.45485],[78.39773,17.45468],[78.39757,17.45407],[78.39946,17.45382],[78.40112,17.45249],[78.40178,17.45172],[78.40426,17.45065],[78.40504,17.45059],[78.40484,17.45007],[78.40414,17.44902],[78.40396,17.44861],[78.40473,17.44841],[78.40538,17.44838],[78.40529,17.44814],[78.40509,17.44808],[78.40536,17.44692],[78.40647,17.44398],[78.4067,17.44244],[78.40665,17.44229],[78.40525,17.44206],[78.40361,17.44159],[78.40286,17.44161],[78.4008,17.44046],[78.39894,17.43919],[78.39926,17.43883],[78.39867,17.43841],[78.39838,17.43843],[78.39692,17.4389],[78.39649,17.43912],[78.39559,17.43992],[78.39521,17.44011],[78.39306,17.44079],[78.39159,17.441],[78.39043,17.44127],[78.38875,17.44131],[78.38826,17.44145],[78.38802,17.44177],[78.38727,17.44377],[78.3871,17.44402],[78.38475,17.44671],[78.38399,17.44807],[78.38269,17.44955],[78.38187,17.45071],[78.38019,17.45249],[78.37691,17.45642],[78.37593,17.45713],[78.37542,17.45735],[78.37238,17.45759],[78.37069,17.45806],[78.36697,17.45871],[78.36609,17.45901],[78.36646,17.46021],[78.36709,17.46164],[78.36715,17.46373],[78.36744,17.46556],[78.36744,17.46604],[78.36718,17.467],[78.36677,17.46785],[78.36566,17.46973],[78.36514,17.47079],[78.36457,17.47244],[78.36352,17.47487],[78.36298,17.47657],[78.3612,17.47945],[78.36091,17.48066],[78.36034,17.4841],[78.36134,17.48379],[78.36339,17.48345],[78.36346,17.48591],[78.3633,17.48591],[78.36328,17.48581],[78.36296,17.48591],[78.3626,17.48643],[78.36193,17.48664],[78.36186,17.48679],[78.36152,17.48703],[78.36133,17.48772],[78.36096,17.4879],[78.36112,17.48865],[78.35993,17.48902],[78.3596,17.48922],[78.35955,17.4894],[78.36002,17.49085],[78.35997,17.4917],[78.35936,17.49277],[78.35897,17.49367],[78.35861,17.49392],[78.35862,17.49473],[78.35833,17.4959],[78.36123,17.4966],[78.36177,17.49665],[78.36467,17.49647]]]}},{"type":"Feature","properties":{"ward_no":null,"ward":"Ou","circle":"OU","zone":null},"geometry":{"type":"Polygon","coordinates":[[[78.53329,17.4244],[78.53336,17.42378],[78.5332,17.42302],[78.533,17.42279],[78.53225,17.42266],[78.53222,17.42213],[78.53445,17.42078],[78.535,17.41913],[78.53523,17.41607],[78.53502,17.41469],[78.53385,17.41473],[78.5334,17.41003],[78.53316,17.40929],[78.53316,17.40895],[78.53305,17.40864],[78.5331,17.40663],[78.53294,17.40465],[78.53215,17.40224],[78.53155,17.40144],[78.53069,17.40084],[78.52993,17.39937],[78.52798,17.39824],[78.52778,17.3969],[78.52668,17.3972],[78.52631,17.39636],[78.52578,17.39664],[78.52542,17.39592],[78.52482,17.39613],[78.52479,17.39644],[78.52462,17.39665],[78.52459,17.39736],[78.52421,17.39749],[78.52409,17.39727],[78.52264,17.39766],[78.52265,17.3978],[78.52242,17.39785],[78.52237,17.39776],[78.52119,17.39806],[78.5211,17.39824],[78.52149,17.399],[78.52155,17.39928],[78.52244,17.4004],[78.52286,17.40118],[78.52178,17.40166],[78.522,17.40332],[78.51617,17.40561],[78.515,17.40619],[78.51714,17.40859],[78.51761,17.40932],[78.51791,17.41],[78.52051,17.42064],[78.52265,17.41948],[78.52348,17.4194],[78.52346,17.41982],[78.52364,17.41982],[78.52369,17.42109],[78.52425,17.42102],[78.52444,17.42243],[78.52436,17.42272],[78.5242,17.42284],[78.52415,17.42277],[78.52212,17.42407],[78.52176,17.42437],[78.52169,17.42453],[78.52176,17.42461],[78.52337,17.42546],[78.52417,17.42605],[78.52544,17.42521],[78.52803,17.42413],[78.53092,17.42677],[78.53164,17.42617],[78.53292,17.4255],[78.53329,17.4244]]]}},{"type":"Feature","properties":{"ward_no":149,"ward":"Begumpet","circle":"30-BEGUMPET","zone":"SECUNDERABAD ZONE"},"geometry":{"type":"Polygon","coordinates":[[[78.4682,17.45001],[78.46837,17.44735],[78.46985,17.44718],[78.47026,17.44582],[78.47055,17.44423],[78.47266,17.44424],[78.47447,17.44378],[78.47538,17.44364],[78.47973,17.44343],[78.49839,17.4431],[78.49864,17.44171],[78.49854,17.44155],[78.49674,17.44048],[78.49622,17.44032],[78.49569,17.4403],[78.49481,17.44045],[78.4933,17.44093],[78.49302,17.43967],[78.49277,17.43929],[78.4921,17.43863],[78.49132,17.43885],[78.49031,17.43939],[78.48952,17.43937],[78.48848,17.43902],[78.4876,17.44155],[78.48695,17.44072],[78.48576,17.44014],[78.48487,17.43992],[78.48323,17.43988],[78.48204,17.44029],[78.48129,17.44041],[78.47934,17.44039],[78.48031,17.43896],[78.48266,17.43624],[78.48439,17.43434],[78.48527,17.4337],[78.48516,17.4334],[78.48408,17.43371],[78.48403,17.43379],[78.48293,17.43419],[78.48251,17.43345],[78.47866,17.43454],[78.47807,17.4339],[78.47782,17.43343],[78.47789,17.43309],[78.47853,17.43224],[78.47858,17.43184],[78.47844,17.43159],[78.47731,17.43078],[78.47734,17.43028],[78.47653,17.42982],[78.47421,17.42878],[78.47372,17.42865],[78.47336,17.42872],[78.47289,17.42889],[78.47261,17.4292],[78.47259,17.42997],[78.47273,17.43029],[78.4726,17.4312],[78.47377,17.43273],[78.47383,17.43291],[78.47305,17.43367],[78.47297,17.4342],[78.47304,17.4345],[78.47427,17.43575],[78.47259,17.43694],[78.47093,17.43757],[78.4682,17.43709],[78.46729,17.4367],[78.46668,17.43618],[78.46627,17.43566],[78.46544,17.43428],[78.46433,17.43267],[78.46444,17.43437],[78.46418,17.43542],[78.4638,17.4361],[78.46327,17.43671],[78.46285,17.43706],[78.46115,17.43791],[78.46054,17.43812],[78.45744,17.43869],[78.45669,17.43899],[78.45607,17.43935],[78.45529,17.43994],[78.45457,17.44074],[78.45414,17.44145],[78.4519,17.44669],[78.45175,17.44721],[78.45235,17.44764],[78.45246,17.44877],[78.45272,17.44948],[78.45289,17.44973],[78.45348,17.45003],[78.45386,17.45068],[78.45395,17.45139],[78.45385,17.45368],[78.45361,17.45409],[78.45354,17.45464],[78.45371,17.45511],[78.45468,17.45635],[78.45494,17.4568],[78.45497,17.45736],[78.45459,17.45827],[78.4545,17.45906],[78.45457,17.45957],[78.45487,17.45995],[78.45506,17.46006],[78.45757,17.45901],[78.45902,17.45805],[78.46074,17.45745],[78.46307,17.45602],[78.46599,17.45441],[78.46789,17.45189],[78.46817,17.45134],[78.4682,17.45001]]]}},{"type":"Feature","properties":{"ward_no":135,"ward":"Venkatapuram","circle":"27-ALWAL","zone":"KUKATPALLY ZONE"},"geometry":{"type":"Polygon","coordinates":[[[78.50278,17.48482],[78.50189,17.48489],[78.50165,17.48483],[78.50129,17.48446],[78.50076,17.48423],[78.49961,17.48316],[78.49993,17.48295],[78.49968,17.48265],[78.49903,17.48224],[78.49875,17.48225],[78.49852,17.48212],[78.49836,17.48193],[78.49906,17.48053],[78.499,17.48038],[78.49841,17.48036],[78.49811,17.47955],[78.49767,17.47952],[78.49739,17.4779],[78.49767,17.47789],[78.49748,17.47717],[78.49849,17.47703],[78.49842,17.47623],[78.49847,17.47575],[78.49887,17.47468],[78.49903,17.47396],[78.49964,17.47303],[78.50032,17.47236],[78.5004,17.47221],[78.50033,17.4721],[78.50018,17.47209],[78.49964,17.47237],[78.49951,17.47226],[78.49906,17.4724],[78.49899,17.47224],[78.49772,17.47251],[78.49785,17.47295],[78.49735,17.47319],[78.49646,17.47379],[78.49581,17.47403],[78.49536,17.47486],[78.49528,17.47528],[78.49563,17.47641],[78.49593,17.47686],[78.49636,17.47829],[78.49658,17.47822],[78.49681,17.47959],[78.49702,17.47974],[78.49739,17.48241],[78.49732,17.4829],[78.49697,17.48332],[78.4964,17.48245],[78.49605,17.48242],[78.49592,17.48249],[78.49582,17.48267],[78.49602,17.48299],[78.49533,17.48312],[78.49559,17.48433],[78.49501,17.48445],[78.4947,17.48354],[78.49455,17.48345],[78.4943,17.48346],[78.49388,17.48252],[78.49416,17.48238],[78.49401,17.48222],[78.49364,17.48045],[78.49229,17.48081],[78.49162,17.48011],[78.49136,17.48004],[78.49077,17.48016],[78.491,17.48132],[78.49243,17.48131],[78.49268,17.48265],[78.48867,17.483],[78.48824,17.48152],[78.48789,17.4815],[78.48663,17.48215],[78.48574,17.48266],[78.48559,17.48283],[78.48535,17.48378],[78.48475,17.48499],[78.4847,17.48691],[78.48486,17.48758],[78.485,17.48762],[78.48559,17.48746],[78.48631,17.48716],[78.48665,17.48785],[78.48785,17.48715],[78.49049,17.48606],[78.49054,17.48829],[78.49092,17.4906],[78.49127,17.4916],[78.49227,17.49323],[78.49254,17.49313],[78.49329,17.49306],[78.49324,17.4922],[78.49303,17.49169],[78.49446,17.49099],[78.49564,17.49026],[78.49608,17.49127],[78.49633,17.49132],[78.49646,17.4919],[78.49773,17.49506],[78.4962,17.49729],[78.49647,17.49775],[78.49646,17.49922],[78.49617,17.50063],[78.49655,17.50084],[78.49693,17.5009],[78.4975,17.49972],[78.49942,17.49925],[78.50054,17.49886],[78.50173,17.50171],[78.50203,17.50159],[78.50188,17.5012],[78.50216,17.50102],[78.50206,17.50074],[78.50329,17.5003],[78.50336,17.50035],[78.50438,17.50006],[78.50448,17.50031],[78.50591,17.50024],[78.50574,17.4982],[78.50677,17.4981],[78.50671,17.49761],[78.50663,17.49742],[78.50641,17.49747],[78.50615,17.49688],[78.50483,17.49735],[78.5046,17.49628],[78.5056,17.49586],[78.50556,17.49561],[78.50636,17.49524],[78.5055,17.49372],[78.50745,17.49329],[78.50714,17.49175],[78.50997,17.49139],[78.50977,17.49093],[78.50882,17.48942],[78.50824,17.48948],[78.50776,17.49016],[78.50699,17.48974],[78.50693,17.48982],[78.50655,17.48961],[78.50515,17.48874],[78.50487,17.48842],[78.50421,17.48737],[78.50469,17.48704],[78.50446,17.48665],[78.50413,17.48616],[78.50281,17.48556],[78.50278,17.48482]]]}},{"type":"Feature","properties":{"ward_no":123,"ward":"Hyder Nagar","circle":"24-KUKATPALLY","zone":"KUKATPALLY ZONE"},"geometry":{"type":"Polygon","coordinates":[[[78.38891,17.5118],[78.38901,17.51174],[78.38918,17.51192],[78.39105,17.51044],[78.39156,17.50995],[78.39307,17.50894],[78.39894,17.50774],[78.39963,17.50753],[78.39995,17.50686],[78.40009,17.50613],[78.40041,17.50572],[78.40051,17.50538],[78.40081,17.50508],[78.40078,17.50481],[78.40092,17.5044],[78.4011,17.50418],[78.40139,17.50356],[78.4014,17.50318],[78.40107,17.50316],[78.40107,17.50255],[78.40115,17.50206],[78.40155,17.50111],[78.4015,17.49926],[78.40197,17.49926],[78.40199,17.49873],[78.40154,17.49793],[78.40209,17.49764],[78.40235,17.49764],[78.40236,17.4967],[78.40299,17.4967],[78.40541,17.49547],[78.40399,17.49276],[78.39765,17.49566],[78.39378,17.49673],[78.39146,17.49817],[78.39083,17.49836],[78.38309,17.49939],[78.38258,17.49942],[78.38191,17.49932],[78.38087,17.49896],[78.3772,17.49724],[78.37562,17.49693],[78.37414,17.49647],[78.37333,17.49647],[78.37404,17.49648],[78.37433,17.49932],[78.37467,17.50166],[78.37484,17.50428],[78.37573,17.507],[78.37639,17.50695],[78.37694,17.50803],[78.37913,17.50786],[78.37917,17.50975],[78.38544,17.50786],[78.38566,17.50788],[78.38552,17.50827],[78.38691,17.50884],[78.38683,17.50899],[78.38709,17.51037],[78.38724,17.51072],[78.3878,17.51051],[78.38791,17.51084],[78.38827,17.51096],[78.3879,17.51201],[78.38836,17.51215],[78.38891,17.5118]]]}},{"type":"Feature","properties":{"ward_no":122,"ward":"Vivekananda Nagar Colony","circle":"24-KUKATPALLY","zone":"KUKATPALLY ZONE"},"geometry":{"type":"Polygon","coordinates":[[[78.42696,17.50058],[78.42697,17.49906],[78.42688,17.49908],[78.42684,17.49901],[78.42648,17.49913],[78.42633,17.49859],[78.42579,17.49876],[78.42582,17.49887],[78.42438,17.49933],[78.42377,17.49919],[78.42273,17.49851],[78.42176,17.49765],[78.42075,17.49776],[78.42029,17.4975],[78.4202,17.49731],[78.42024,17.49602],[78.4187,17.49634],[78.41748,17.49627],[78.41689,17.49581],[78.4151,17.49494],[78.4149,17.49428],[78.41378,17.4915],[78.41372,17.49097],[78.41386,17.49037],[78.41409,17.49002],[78.41417,17.48971],[78.41411,17.48895],[78.41373,17.48764],[78.41327,17.48709],[78.41325,17.486],[78.41256,17.48392],[78.41092,17.48609],[78.40964,17.48802],[78.40717,17.49109],[78.4066,17.49151],[78.40399,17.49276],[78.40554,17.49569],[78.40616,17.49635],[78.40688,17.49687],[78.40959,17.49802],[78.41262,17.49881],[78.41603,17.50033],[78.42034,17.50275],[78.42666,17.50138],[78.42654,17.50069],[78.42696,17.50058]]]}},{"type":"Feature","properties":{"ward_no":113,"ward":"Patancheruvu","circle":"22-RAMACHANDRAPURAM & PATANCHERUVU","zone":"SERILINGAMPALLY ZONE"},"geometry":{"type":"Polygon","coordinates":[[[78.28862,17.52302],[78.28759,17.52315],[78.28434,17.51952],[78.2847,17.51926],[78.28254,17.5161],[78.28235,17.51425],[78.28102,17.51428],[78.28059,17.51382],[78.28037,17.51424],[78.27974,17.51471],[78.27877,17.51691],[78.27754,17.51785],[78.27384,17.51882],[78.27205,17.51945],[78.27015,17.52144],[78.2682,17.52261],[78.26552,17.51867],[78.26489,17.51872],[78.26401,17.51745],[78.26374,17.51676],[78.26255,17.5127],[78.26236,17.51104],[78.26197,17.5099],[78.26154,17.50735],[78.25762,17.50642],[78.25721,17.50681],[78.25652,17.50701],[78.25548,17.50777],[78.25485,17.5086],[78.25334,17.5093],[78.25211,17.51],[78.25178,17.51104],[78.25202,17.51168],[78.25242,17.51201],[78.25298,17.51214],[78.25282,17.51253],[78.25238,17.51321],[78.25224,17.51372],[78.25224,17.51399],[78.25261,17.51435],[78.25266,17.51486],[78.25193,17.51581],[78.25093,17.51585],[78.25095,17.51654],[78.25195,17.51656],[78.25283,17.5181],[78.25145,17.51886],[78.25134,17.51955],[78.25273,17.52097],[78.25191,17.5236],[78.2523,17.5243],[78.25225,17.52528],[78.25188,17.52543],[78.25169,17.52575],[78.24844,17.52592],[78.24794,17.52567],[78.24758,17.52534],[78.24683,17.52524],[78.24625,17.52645],[78.24587,17.52651],[78.24576,17.52564],[78.24525,17.52476],[78.2438,17.52555],[78.24376,17.52627],[78.24406,17.5269],[78.2444,17.52715],[78.24537,17.52863],[78.24483,17.52931],[78.24458,17.52949],[78.24405,17.52942],[78.24328,17.52857],[78.24266,17.52868],[78.24154,17.53067],[78.24063,17.533],[78.23996,17.53374],[78.23935,17.53502],[78.23918,17.53576],[78.23914,17.53648],[78.2394,17.53795],[78.23921,17.53819],[78.23911,17.54026],[78.23897,17.54121],[78.23936,17.5408],[78.23998,17.54066],[78.2412,17.54056],[78.24227,17.54018],[78.2469,17.53893],[78.24756,17.53885],[78.24921,17.53884],[78.24967,17.53924],[78.24986,17.54116],[78.25015,17.54095],[78.25045,17.54123],[78.2513,17.54298],[78.25186,17.5429],[78.25189,17.54314],[78.25176,17.54341],[78.25176,17.54368],[78.25203,17.54395],[78.25214,17.54491],[78.2523,17.54506],[78.25245,17.54509],[78.25242,17.54533],[78.25223,17.54569],[78.25216,17.54614],[78.25197,17.54635],[78.25214,17.54701],[78.25214,17.54749],[78.25198,17.54766],[78.2501,17.54806],[78.24946,17.54907],[78.24942,17.54948],[78.24953,17.55039],[78.24971,17.55108],[78.25002,17.5512],[78.25086,17.55142],[78.2518,17.55141],[78.25288,17.54989],[78.25454,17.54941],[78.25803,17.54991],[78.25928,17.55151],[78.2595,17.5517],[78.26015,17.55195],[78.26086,17.55202],[78.26195,17.55236],[78.26264,17.55237],[78.26314,17.55226],[78.26361,17.55197],[78.2639,17.5511],[78.26397,17.55062],[78.26341,17.54879],[78.26364,17.5481],[78.26396,17.54772],[78.26487,17.54734],[78.26604,17.54778],[78.26689,17.54965],[78.26965,17.551],[78.27058,17.55105],[78.27254,17.55152],[78.27441,17.5517],[78.27583,17.55265],[78.2771,17.5533],[78.27828,17.55371],[78.27999,17.55403],[78.28046,17.55398],[78.28096,17.55377],[78.28164,17.55171],[78.28257,17.55056],[78.28167,17.5477],[78.28154,17.54416],[78.28156,17.5426],[78.28134,17.54116],[78.28156,17.54048],[78.28145,17.53976],[78.28166,17.53829],[78.28294,17.53792],[78.28452,17.53701],[78.28467,17.53689],[78.28468,17.53639],[78.2859,17.53622],[78.28637,17.53602],[78.28656,17.53566],[78.28666,17.53357],[78.28714,17.53288],[78.28767,17.5325],[78.28787,17.53179],[78.2884,17.53152],[78.28866,17.53078],[78.28936,17.5301],[78.28956,17.52929],[78.28939,17.52845],[78.28923,17.52824],[78.28899,17.52812],[78.28869,17.52733],[78.28826,17.52655],[78.28801,17.5263],[78.28809,17.52553],[78.28804,17.52484],[78.28862,17.52302]]]}},{"type":"Feature","properties":{"ward_no":108,"ward":"Miyapur","circle":"21-CHANDA NAGAR","zone":"SERILINGAMPALLY ZONE"},"geometry":{"type":"Polygon","coordinates":[[[78.34943,17.52085],[78.35048,17.52081],[78.35133,17.52136],[78.35441,17.52056],[78.35629,17.52048],[78.35972,17.51984],[78.36058,17.51959],[78.36086,17.51972],[78.36111,17.5202],[78.36255,17.52128],[78.36474,17.51997],[78.36577,17.51899],[78.36794,17.5189],[78.36874,17.51899],[78.3708,17.51873],[78.37121,17.5161],[78.37138,17.51562],[78.37143,17.51481],[78.37248,17.51493],[78.37325,17.51303],[78.37362,17.51304],[78.37356,17.50719],[78.37574,17.50705],[78.37484,17.50428],[78.37467,17.50166],[78.37433,17.49932],[78.37404,17.49648],[78.36719,17.49653],[78.36467,17.49647],[78.36177,17.49665],[78.36123,17.4966],[78.35731,17.49564],[78.35263,17.49439],[78.35039,17.494],[78.34952,17.49398],[78.3491,17.49403],[78.348,17.49436],[78.34889,17.49833],[78.34607,17.49887],[78.34604,17.49873],[78.34546,17.49877],[78.34546,17.49905],[78.34239,17.4991],[78.34242,17.50197],[78.34227,17.50347],[78.34232,17.50392],[78.34246,17.50427],[78.34274,17.50475],[78.3432,17.5053],[78.34357,17.50596],[78.34597,17.50886],[78.34679,17.51001],[78.34689,17.51034],[78.34728,17.51049],[78.34795,17.51115],[78.34824,17.51122],[78.34842,17.51178],[78.34967,17.51304],[78.3488,17.51437],[78.34825,17.51449],[78.34774,17.51517],[78.34749,17.51537],[78.34532,17.51662],[78.34477,17.51689],[78.34286,17.51689],[78.34318,17.51747],[78.34281,17.518],[78.34173,17.51804],[78.34162,17.51895],[78.34243,17.52129],[78.34943,17.52085]]]}},{"type":"Feature","properties":{"ward_no":41,"ward":"Kanchanbagh","circle":"8-CHANDRAYANGUTTA","zone":"CHARMINAR ZONE"},"geometry":{"type":"Polygon","coordinates":[[[78.50331,17.34341],[78.50366,17.3434],[78.50391,17.3433],[78.50415,17.34256],[78.50493,17.3422],[78.50482,17.34211],[78.50551,17.34131],[78.50569,17.34088],[78.50607,17.34042],[78.50602,17.33854],[78.50587,17.3378],[78.50553,17.33726],[78.50538,17.33661],[78.50581,17.33616],[78.50648,17.33616],[78.50705,17.33583],[78.50738,17.33528],[78.50752,17.33472],[78.50713,17.33344],[78.50754,17.32891],[78.50762,17.32688],[78.5079,17.32427],[78.50809,17.32368],[78.50852,17.32317],[78.50937,17.32238],[78.50989,17.32206],[78.51008,17.32142],[78.51016,17.31812],[78.50992,17.31752],[78.50924,17.3164],[78.50836,17.31663],[78.50807,17.31681],[78.50803,17.31805],[78.50762,17.31832],[78.50669,17.31855],[78.50592,17.31863],[78.50563,17.31852],[78.50549,17.31837],[78.50574,17.31707],[78.50602,17.31641],[78.50681,17.31502],[78.50676,17.31501],[78.50626,17.31269],[78.5061,17.31329],[78.50597,17.31355],[78.5058,17.31367],[78.5045,17.31365],[78.50442,17.31392],[78.50323,17.31461],[78.50257,17.31476],[78.50038,17.31486],[78.49857,17.31509],[78.49785,17.31509],[78.49651,17.31533],[78.49619,17.31647],[78.49567,17.31685],[78.4949,17.31723],[78.49469,17.3178],[78.49678,17.31699],[78.49668,17.31969],[78.49468,17.31922],[78.49389,17.31896],[78.49407,17.31878],[78.49382,17.31878],[78.49363,17.31847],[78.49392,17.3183],[78.49399,17.31845],[78.49407,17.31841],[78.49399,17.31811],[78.49425,17.31802],[78.49412,17.31776],[78.4946,17.31745],[78.49454,17.31738],[78.49177,17.31805],[78.49109,17.31801],[78.48808,17.31545],[78.48673,17.31399],[78.48609,17.31347],[78.48641,17.3128],[78.48564,17.31284],[78.4847,17.31234],[78.48428,17.31233],[78.48326,17.31265],[78.4833,17.31414],[78.48323,17.3161],[78.48312,17.31643],[78.48306,17.31714],[78.4844,17.31732],[78.48511,17.3176],[78.48673,17.31783],[78.48519,17.319],[78.48506,17.3193],[78.48574,17.31967],[78.48617,17.32006],[78.48559,17.32134],[78.48465,17.32178],[78.48409,17.32228],[78.48317,17.32328],[78.48529,17.32325],[78.48837,17.32338],[78.48873,17.32283],[78.49167,17.32299],[78.49178,17.32497],[78.49166,17.32526],[78.49128,17.32534],[78.49111,17.3259],[78.49159,17.32605],[78.49169,17.32618],[78.492,17.32628],[78.49189,17.3267],[78.4926,17.3269],[78.49261,17.32757],[78.49256,17.32859],[78.49219,17.32901],[78.49217,17.33007],[78.49198,17.33079],[78.492,17.33105],[78.49184,17.33224],[78.49167,17.3328],[78.49326,17.33431],[78.49539,17.3361],[78.49855,17.33826],[78.5012,17.3399],[78.50121,17.33998],[78.50081,17.34063],[78.50083,17.34078],[78.50094,17.3409],[78.50092,17.34126],[78.5011,17.34144],[78.50109,17.34163],[78.50125,17.34163],[78.50133,17.34201],[78.50094,17.34231],[78.50096,17.34275],[78.50064,17.3429],[78.50077,17.34371],[78.50176,17.34378],[78.50193,17.34409],[78.50226,17.34402],[78.50293,17.3435],[78.50331,17.34341]]]}},{"type":"Feature","properties":{"ward_no":7,"ward":"Chiluka Nagar","circle":"2-UPPAL","zone":"L.B.NAGAR ZONE"},"geometry":{"type":"Polygon","coordinates":[[[78.56286,17.42377],[78.565,17.42094],[78.56597,17.41953],[78.56675,17.41786],[78.56672,17.41758],[78.56725,17.4132],[78.56752,17.41285],[78.56743,17.41286],[78.56742,17.41278],[78.56693,17.41289],[78.56654,17.41285],[78.56484,17.41296],[78.56459,17.41128],[78.56438,17.41082],[78.56425,17.41004],[78.56425,17.40864],[78.56442,17.40806],[78.56391,17.4059],[78.56351,17.40525],[78.56293,17.4033],[78.56246,17.40256],[78.56215,17.40249],[78.56231,17.4021],[78.56242,17.40145],[78.56021,17.40153],[78.56014,17.40174],[78.55823,17.40297],[78.55478,17.40666],[78.55421,17.40749],[78.55216,17.40955],[78.5453,17.41567],[78.5465,17.4168],[78.5488,17.4156],[78.54913,17.41601],[78.55014,17.41679],[78.55109,17.41774],[78.55299,17.41832],[78.55773,17.42036],[78.55799,17.42029],[78.55817,17.42089],[78.55859,17.42172],[78.55834,17.42189],[78.5585,17.42242],[78.55894,17.42312],[78.55978,17.42299],[78.5611,17.42353],[78.56158,17.42336],[78.56162,17.42345],[78.56255,17.42396],[78.56286,17.42377]]]}},{"type":"Feature","properties":{"ward_no":9,"ward":"Ramanthapur","circle":"2-UPPAL","zone":"L.B.NAGAR ZONE"},"geometry":{"type":"Polygon","coordinates":[[[78.54452,17.38332],[78.54351,17.38334],[78.54203,17.38314],[78.53927,17.38256],[78.53842,17.38224],[78.53731,17.38167],[78.53606,17.38082],[78.53399,17.37868],[78.53301,17.37783],[78.53175,17.37721],[78.53073,17.37681],[78.5295,17.37655],[78.52824,17.37639],[78.52747,17.37638],[78.52614,17.37659],[78.52512,17.37691],[78.52649,17.38052],[78.52678,17.38034],[78.52694,17.38008],[78.52744,17.37991],[78.52839,17.37988],[78.5287,17.38],[78.52894,17.38024],[78.52946,17.38145],[78.53019,17.38253],[78.53048,17.38333],[78.53084,17.38367],[78.53186,17.38408],[78.53059,17.3844],[78.53075,17.38502],[78.53062,17.38506],[78.53072,17.38536],[78.53054,17.38541],[78.53097,17.38665],[78.53113,17.3877],[78.53139,17.38877],[78.53146,17.38946],[78.53237,17.38931],[78.53353,17.38959],[78.53351,17.39005],[78.53372,17.39038],[78.53345,17.39053],[78.53366,17.39087],[78.53305,17.39128],[78.53335,17.39246],[78.53353,17.39241],[78.53365,17.39354],[78.53364,17.3944],[78.53337,17.39556],[78.5336,17.39562],[78.53301,17.39786],[78.53491,17.39865],[78.5386,17.39982],[78.53987,17.4003],[78.54322,17.40094],[78.54552,17.40123],[78.54512,17.39758],[78.54521,17.39442],[78.54596,17.39216],[78.54629,17.39075],[78.54392,17.39132],[78.54294,17.39142],[78.54271,17.38851],[78.54286,17.38846],[78.54321,17.388],[78.54367,17.38775],[78.54371,17.38708],[78.54365,17.38688],[78.54376,17.3867],[78.54368,17.38646],[78.54381,17.3862],[78.54373,17.38609],[78.54409,17.38506],[78.54415,17.38451],[78.5445,17.38381],[78.54452,17.38332]]]}},{"type":"Feature","properties":{"ward_no":25,"ward":"Moosarambagh","circle":"6-MALAKPET","zone":"CHARMINAR ZONE"},"geometry":{"type":"Polygon","coordinates":[[[78.51444,17.37967],[78.51602,17.37871],[78.51687,17.37983],[78.51913,17.37835],[78.5217,17.37743],[78.52535,17.37687],[78.52489,17.37548],[78.5241,17.37172],[78.52356,17.36986],[78.52436,17.36991],[78.52428,17.37034],[78.52485,17.37034],[78.52486,17.3697],[78.52468,17.36874],[78.52462,17.36857],[78.52317,17.36862],[78.52306,17.36716],[78.52342,17.36717],[78.5234,17.36689],[78.52425,17.36653],[78.52427,17.36605],[78.52442,17.36601],[78.52446,17.36563],[78.52341,17.36586],[78.52337,17.36525],[78.52386,17.36506],[78.52375,17.36474],[78.52346,17.36482],[78.52332,17.36418],[78.52391,17.36405],[78.52383,17.36352],[78.52334,17.36358],[78.52326,17.36334],[78.52329,17.36313],[78.52352,17.36311],[78.52355,17.36283],[78.52332,17.36282],[78.5233,17.36267],[78.52286,17.36272],[78.52195,17.36263],[78.52174,17.3635],[78.52156,17.36522],[78.52104,17.36619],[78.52034,17.36716],[78.5199,17.3677],[78.51883,17.36875],[78.51885,17.36891],[78.51664,17.36949],[78.51401,17.37001],[78.5104,17.3719],[78.50863,17.37249],[78.50719,17.37284],[78.50809,17.37563],[78.50831,17.37594],[78.50878,17.37623],[78.50913,17.37633],[78.50985,17.37634],[78.51027,17.37656],[78.51064,17.37688],[78.51106,17.37751],[78.51132,17.37803],[78.51129,17.37894],[78.5111,17.37973],[78.51165,17.37993],[78.51285,17.3808],[78.51303,17.38085],[78.51361,17.38017],[78.51444,17.37967]]]}},{"type":"Feature","properties":{"ward_no":null,"ward":"Bandla Guda","circle":"BANDLAGUDA","zone":null},"geometry":{"type":"Polygon","coordinates":[[[78.28305,17.53341],[78.28369,17.53311],[78.28442,17.53306],[78.28448,17.53137],[78.28391,17.53122],[78.28379,17.53091],[78.28277,17.53082],[78.28278,17.53044],[78.28257,17.53024],[78.28274,17.53014],[78.2827,17.52968],[78.28336,17.52937],[78.28332,17.52858],[78.2837,17.52764],[78.28393,17.52668],[78.28396,17.52515],[78.2842,17.52385],[78.28398,17.52359],[78.28377,17.52264],[78.28341,17.52246],[78.28311,17.52163],[78.28248,17.52097],[78.28176,17.52151],[78.28092,17.52169],[78.28061,17.52029],[78.2811,17.51994],[78.28106,17.51969],[78.28244,17.51949],[78.28149,17.51684],[78.2787,17.51903],[78.27798,17.51977],[78.27574,17.52168],[78.27608,17.52219],[78.27615,17.52263],[78.27609,17.52297],[78.27591,17.52327],[78.27534,17.52385],[78.27408,17.52492],[78.27568,17.5266],[78.27449,17.52748],[78.27557,17.52878],[78.27409,17.52995],[78.27441,17.5305],[78.27446,17.53131],[78.27463,17.53221],[78.27543,17.53194],[78.27676,17.53207],[78.27899,17.533],[78.27902,17.53332],[78.28104,17.53318],[78.28305,17.53341]]]}},{"type":"Feature","properties":{"ward_no":28,"ward":"Azampura","circle":"6-MALAKPET","zone":"CHARMINAR ZONE"},"geometry":{"type":"Polygon","coordinates":[[[78.49806,17.37543],[78.49773,17.37419],[78.49756,17.3729],[78.49738,17.37279],[78.49694,17.37216],[78.49644,17.37133],[78.49626,17.37086],[78.49702,17.37042],[78.4973,17.37005],[78.49853,17.37008],[78.49821,17.3697],[78.49771,17.3687],[78.49691,17.36799],[78.49547,17.36749],[78.49418,17.36734],[78.49331,17.36689],[78.49204,17.36709],[78.49203,17.36702],[78.49136,17.36703],[78.49085,17.3669],[78.48898,17.36693],[78.48615,17.36772],[78.48579,17.36783],[78.48572,17.36793],[78.48604,17.36848],[78.48645,17.36893],[78.48759,17.36994],[78.4882,17.37037],[78.48799,17.37077],[78.48778,17.37329],[78.48818,17.37443],[78.48814,17.37528],[78.48819,17.37584],[78.48801,17.37614],[78.48805,17.37761],[78.48835,17.37767],[78.48851,17.37802],[78.48785,17.37822],[78.48781,17.37811],[78.48761,17.37817],[78.4875,17.3787],[78.48751,17.38011],[78.4885,17.38001],[78.49313,17.38014],[78.49496,17.38078],[78.49501,17.37864],[78.49514,17.37711],[78.49592,17.37686],[78.49645,17.37596],[78.49674,17.37573],[78.49722,17.37557],[78.49806,17.37543]]]}},{"type":"Feature","properties":{"ward_no":56,"ward":"Kishan Bagh","circle":"10-FALAKNUMA","zone":"CHARMINAR ZONE"},"geometry":{"type":"Polygon","coordinates":[[[78.45565,17.36412],[78.45649,17.36396],[78.45542,17.36033],[78.45506,17.35866],[78.45481,17.35691],[78.45454,17.35608],[78.45364,17.35648],[78.45079,17.35704],[78.44901,17.35764],[78.44857,17.35793],[78.44783,17.3587],[78.44735,17.35894],[78.44549,17.35895],[78.44525,17.35802],[78.44522,17.35734],[78.44561,17.3573],[78.4455,17.35688],[78.44579,17.35679],[78.44563,17.35615],[78.44579,17.35572],[78.44592,17.35565],[78.44592,17.35526],[78.4447,17.35494],[78.44388,17.35296],[78.44369,17.35272],[78.44357,17.35276],[78.44372,17.35299],[78.44376,17.35322],[78.44315,17.35437],[78.44271,17.35456],[78.44253,17.35432],[78.44209,17.35431],[78.44183,17.35401],[78.44071,17.35449],[78.44103,17.3552],[78.43899,17.35592],[78.43877,17.35485],[78.43822,17.35362],[78.43777,17.35306],[78.43705,17.35237],[78.43628,17.3526],[78.43657,17.35264],[78.43656,17.35316],[78.43646,17.35316],[78.43645,17.35328],[78.43653,17.3533],[78.43653,17.35372],[78.43615,17.35379],[78.43617,17.35427],[78.43608,17.35429],[78.43642,17.35532],[78.43649,17.35634],[78.43757,17.35653],[78.44031,17.35683],[78.44007,17.35721],[78.43904,17.35777],[78.43849,17.35868],[78.43818,17.35903],[78.43835,17.35965],[78.4375,17.36075],[78.43722,17.36131],[78.43708,17.36195],[78.4378,17.36304],[78.43809,17.36423],[78.43857,17.36542],[78.43862,17.36606],[78.43848,17.3667],[78.43853,17.36735],[78.43906,17.36776],[78.43949,17.36826],[78.43963,17.36876],[78.4399,17.36929],[78.44043,17.3697],[78.4423,17.36751],[78.44412,17.36557],[78.4469,17.36213],[78.44796,17.36069],[78.44895,17.35998],[78.44977,17.3598],[78.45089,17.35987],[78.45142,17.36003],[78.45315,17.36082],[78.45466,17.36211],[78.45516,17.36274],[78.45565,17.36412]]]}},{"type":"Feature","properties":{"ward_no":52,"ward":"Puranapool","circle":"9-CHARMINAR","zone":"CHARMINAR ZONE"},"geometry":{"type":"Polygon","coordinates":[[[78.46762,17.35538],[78.46715,17.35544],[78.46648,17.35527],[78.4656,17.35412],[78.46571,17.35522],[78.46518,17.3562],[78.4649,17.35697],[78.46456,17.3574],[78.46423,17.35764],[78.46424,17.35782],[78.46196,17.35943],[78.46118,17.3606],[78.46035,17.36159],[78.46017,17.36174],[78.45958,17.36197],[78.45874,17.36292],[78.45876,17.36315],[78.45835,17.36331],[78.45741,17.36424],[78.45712,17.36379],[78.45565,17.36412],[78.45612,17.36517],[78.45739,17.36687],[78.45757,17.36699],[78.4591,17.36596],[78.45982,17.36568],[78.46864,17.36287],[78.46846,17.36186],[78.46877,17.36163],[78.46844,17.36126],[78.46835,17.36085],[78.46847,17.36075],[78.4684,17.36052],[78.46897,17.36036],[78.46893,17.36018],[78.46918,17.36008],[78.46895,17.35977],[78.46791,17.35612],[78.46762,17.35538]]]}},{"type":"Feature","properties":{"ward_no":59,"ward":"Mailardevpally","circle":"11-RAJENDRA NAGAR","zone":"CHARMINAR ZONE"},"geometry":{"type":"Polygon","coordinates":[[[78.432,17.32166],[78.43319,17.32077],[78.43388,17.32143],[78.43504,17.32225],[78.43836,17.32395],[78.43999,17.32453],[78.44078,17.32463],[78.44154,17.32461],[78.44222,17.32452],[78.44311,17.32426],[78.45007,17.32139],[78.45151,17.32098],[78.4547,17.32027],[78.45467,17.31953],[78.45421,17.31919],[78.45404,17.31889],[78.45404,17.31744],[78.45369,17.31629],[78.45614,17.31554],[78.45613,17.31475],[78.45622,17.31453],[78.45652,17.31432],[78.45656,17.3132],[78.45676,17.31265],[78.45682,17.31209],[78.45682,17.31155],[78.4567,17.31105],[78.45663,17.31014],[78.45676,17.3092],[78.45673,17.30824],[78.45606,17.30513],[78.4556,17.30509],[78.45556,17.30458],[78.45511,17.3046],[78.4551,17.30443],[78.45418,17.30444],[78.45419,17.30415],[78.45362,17.30398],[78.4535,17.30418],[78.45297,17.30377],[78.4522,17.30365],[78.45191,17.30336],[78.45161,17.30364],[78.45144,17.30312],[78.45152,17.30159],[78.45022,17.30157],[78.44994,17.30054],[78.44899,17.3003],[78.44835,17.30001],[78.44791,17.30022],[78.44791,17.30055],[78.44663,17.30044],[78.44624,17.30062],[78.44577,17.30054],[78.44567,17.30084],[78.44517,17.30087],[78.44472,17.30123],[78.44428,17.30094],[78.44403,17.30096],[78.44319,17.30185],[78.44275,17.30154],[78.44173,17.30125],[78.44134,17.30121],[78.44109,17.30082],[78.44032,17.30121],[78.43972,17.30137],[78.43959,17.30209],[78.43901,17.30259],[78.43774,17.302],[78.43746,17.30252],[78.43701,17.30237],[78.43486,17.30131],[78.43419,17.30088],[78.43401,17.30103],[78.43297,17.3008],[78.43291,17.29929],[78.43172,17.29575],[78.43012,17.29163],[78.42963,17.29072],[78.42756,17.29152],[78.42394,17.2927],[78.42096,17.29389],[78.41855,17.29509],[78.41468,17.2975],[78.41049,17.29975],[78.40867,17.30044],[78.40909,17.30151],[78.4093,17.30151],[78.40937,17.30225],[78.40903,17.30333],[78.40887,17.30363],[78.4086,17.30391],[78.40802,17.30535],[78.40787,17.30553],[78.40795,17.30568],[78.40789,17.30602],[78.40735,17.30768],[78.40647,17.30976],[78.40752,17.31251],[78.40831,17.31252],[78.40883,17.31117],[78.40889,17.31013],[78.40955,17.30886],[78.41026,17.3082],[78.41166,17.30774],[78.41236,17.30775],[78.41487,17.30909],[78.41515,17.30975],[78.41523,17.31061],[78.41469,17.31088],[78.4146,17.3111],[78.41486,17.3165],[78.41513,17.31743],[78.41592,17.3185],[78.41609,17.31885],[78.41576,17.32054],[78.41426,17.32164],[78.41692,17.32406],[78.41481,17.32624],[78.41441,17.32689],[78.41426,17.32737],[78.41416,17.32838],[78.4143,17.32944],[78.41724,17.32918],[78.4189,17.32742],[78.41938,17.32709],[78.42143,17.32727],[78.42293,17.32718],[78.42366,17.32692],[78.42467,17.32676],[78.42505,17.32674],[78.42538,17.32685],[78.42597,17.32617],[78.432,17.32166]]]}},{"type":"Feature","properties":{"ward_no":46,"ward":"Falaknuma","circle":"10-FALAKNUMA","zone":"CHARMINAR ZONE"},"geometry":{"type":"Polygon","coordinates":[[[78.46712,17.32109],[78.46666,17.3214],[78.46646,17.32199],[78.4658,17.32247],[78.46562,17.32294],[78.46573,17.32379],[78.46565,17.3238],[78.46273,17.32149],[78.46203,17.32101],[78.46095,17.32046],[78.46022,17.3202],[78.45851,17.31985],[78.45687,17.31987],[78.45719,17.32208],[78.45762,17.32335],[78.45782,17.32643],[78.45767,17.32713],[78.45748,17.32874],[78.45882,17.32939],[78.45922,17.32973],[78.46026,17.3304],[78.46044,17.33103],[78.46137,17.33269],[78.46238,17.33232],[78.46243,17.33198],[78.46268,17.33191],[78.46308,17.33201],[78.46346,17.33172],[78.46376,17.33177],[78.46379,17.33217],[78.46418,17.33239],[78.46434,17.33267],[78.46429,17.3332],[78.46406,17.33338],[78.46393,17.33364],[78.46406,17.33389],[78.46431,17.33409],[78.46455,17.33409],[78.46507,17.33389],[78.46558,17.33343],[78.46609,17.33337],[78.46643,17.33353],[78.46717,17.33424],[78.46862,17.33421],[78.46865,17.33389],[78.46886,17.33355],[78.46944,17.33335],[78.46973,17.33308],[78.4701,17.33106],[78.47035,17.33046],[78.47064,17.3301],[78.47094,17.32984],[78.4724,17.32918],[78.47405,17.32824],[78.47484,17.32744],[78.47542,17.32707],[78.47639,17.32666],[78.47364,17.32564],[78.47101,17.32353],[78.46766,17.32163],[78.46742,17.32103],[78.46712,17.32109]]]}},{"type":"Feature","properties":{"ward_no":61,"ward":"Attapur","circle":"11-RAJENDRA NAGAR","zone":"CHARMINAR ZONE"},"geometry":{"type":"Polygon","coordinates":[[[78.43909,17.37115],[78.44043,17.3697],[78.4399,17.36929],[78.43963,17.36876],[78.43949,17.36826],[78.43906,17.36776],[78.43853,17.36735],[78.43848,17.3667],[78.43862,17.36606],[78.43857,17.36542],[78.43809,17.36423],[78.4378,17.36304],[78.43708,17.36195],[78.43722,17.36131],[78.4375,17.36075],[78.43835,17.35965],[78.43818,17.35903],[78.43849,17.35868],[78.43904,17.35777],[78.44007,17.35721],[78.44031,17.35683],[78.43757,17.35653],[78.43649,17.35634],[78.43642,17.35532],[78.43608,17.35429],[78.43617,17.35427],[78.43615,17.35379],[78.43653,17.35372],[78.43653,17.3533],[78.43645,17.35328],[78.43646,17.35316],[78.43656,17.35316],[78.43657,17.35264],[78.43629,17.35265],[78.43595,17.35227],[78.4351,17.35289],[78.43426,17.35298],[78.43355,17.35321],[78.43269,17.3539],[78.43257,17.35365],[78.43245,17.35365],[78.43155,17.35278],[78.4305,17.35229],[78.42899,17.35185],[78.42837,17.35183],[78.42675,17.35228],[78.42622,17.35236],[78.42255,17.35222],[78.41996,17.35159],[78.419,17.35119],[78.41691,17.34934],[78.41765,17.35147],[78.41816,17.35226],[78.42188,17.35544],[78.42525,17.35863],[78.42343,17.3595],[78.42318,17.35955],[78.42275,17.361],[78.42259,17.36203],[78.42233,17.36292],[78.42236,17.36313],[78.42201,17.36349],[78.42189,17.36372],[78.4218,17.3642],[78.42123,17.36471],[78.42078,17.36527],[78.42058,17.36506],[78.42028,17.36491],[78.41974,17.36488],[78.41936,17.36503],[78.41908,17.36541],[78.41734,17.36548],[78.41568,17.36579],[78.415,17.3665],[78.41364,17.36653],[78.41233,17.36666],[78.41244,17.36789],[78.41319,17.36794],[78.41226,17.37103],[78.41295,17.37109],[78.41398,17.37071],[78.41473,17.37078],[78.41859,17.37147],[78.4256,17.37197],[78.43,17.37325],[78.43219,17.3743],[78.43287,17.37443],[78.43362,17.37445],[78.43496,17.37377],[78.43655,17.37341],[78.43733,17.37283],[78.43909,17.37115]]]}},{"type":"Feature","properties":{"ward_no":60,"ward":"Rajendranagar","circle":"11-RAJENDRA NAGAR","zone":"CHARMINAR ZONE"},"geometry":{"type":"Polygon","coordinates":[[[78.41319,17.36794],[78.41244,17.36789],[78.41233,17.36666],[78.41364,17.36653],[78.415,17.3665],[78.41568,17.36579],[78.41734,17.36548],[78.41908,17.36541],[78.41936,17.36503],[78.41974,17.36488],[78.42028,17.36491],[78.42058,17.36506],[78.42078,17.36527],[78.42123,17.36471],[78.4218,17.3642],[78.42189,17.36372],[78.42201,17.36349],[78.42236,17.36313],[78.42233,17.36292],[78.42259,17.36203],[78.42275,17.361],[78.42318,17.35955],[78.42343,17.3595],[78.42525,17.35863],[78.42188,17.35544],[78.41855,17.35264],[78.41783,17.35181],[78.41746,17.35098],[78.41591,17.34628],[78.41588,17.3457],[78.4161,17.34508],[78.41727,17.34359],[78.41783,17.34319],[78.41902,17.34277],[78.4227,17.34201],[78.42338,17.34172],[78.42378,17.34136],[78.42442,17.3404],[78.42609,17.33735],[78.42643,17.33747],[78.42739,17.33757],[78.42772,17.33755],[78.42785,17.33745],[78.42847,17.3367],[78.4293,17.33541],[78.43009,17.33548],[78.43008,17.3352],[78.4303,17.33516],[78.43029,17.33486],[78.43081,17.33482],[78.43079,17.33414],[78.43141,17.33406],[78.43188,17.33346],[78.43218,17.33326],[78.43267,17.33276],[78.43275,17.3326],[78.43269,17.33238],[78.43221,17.33237],[78.43179,17.33215],[78.43175,17.33203],[78.43185,17.33194],[78.43303,17.33153],[78.4338,17.33112],[78.43437,17.33104],[78.43496,17.3305],[78.43532,17.3303],[78.4357,17.33031],[78.43582,17.33042],[78.4366,17.32986],[78.43617,17.32942],[78.43565,17.32868],[78.43421,17.3257],[78.4331,17.32281],[78.43276,17.32229],[78.432,17.32166],[78.42597,17.32617],[78.42538,17.32685],[78.42505,17.32674],[78.42467,17.32676],[78.42366,17.32692],[78.42293,17.32718],[78.42143,17.32727],[78.41938,17.32709],[78.4189,17.32742],[78.41724,17.32918],[78.4143,17.32944],[78.41416,17.32838],[78.41426,17.32737],[78.41441,17.32689],[78.41481,17.32624],[78.41692,17.32406],[78.41426,17.32164],[78.41576,17.32054],[78.41609,17.31885],[78.41592,17.3185],[78.41513,17.31743],[78.41486,17.3165],[78.4146,17.3111],[78.41468,17.31087],[78.41523,17.31061],[78.41524,17.31044],[78.41515,17.30975],[78.41487,17.30909],[78.41236,17.30775],[78.41166,17.30774],[78.41026,17.3082],[78.40955,17.30886],[78.40889,17.31013],[78.40883,17.31117],[78.40831,17.31252],[78.40752,17.31251],[78.40647,17.30976],[78.40735,17.30768],[78.40789,17.30602],[78.40795,17.30568],[78.40787,17.30553],[78.40802,17.30535],[78.4086,17.30391],[78.40887,17.30363],[78.40903,17.30333],[78.40937,17.30225],[78.4093,17.30151],[78.40909,17.30151],[78.40867,17.30044],[78.39609,17.29928],[78.39581,17.30115],[78.39493,17.30187],[78.38545,17.30724],[78.38447,17.30755],[78.37672,17.31123],[78.37643,17.31301],[78.37574,17.32185],[78.37559,17.32269],[78.37536,17.32352],[78.37489,17.32463],[78.3732,17.32756],[78.37462,17.3278],[78.37928,17.32821],[78.3865,17.32922],[78.38693,17.32935],[78.38861,17.33025],[78.38977,17.33055],[78.39106,17.33064],[78.3939,17.33033],[78.39497,17.33039],[78.3962,17.33066],[78.3972,17.33118],[78.39766,17.33185],[78.39779,17.33221],[78.39883,17.33841],[78.39909,17.34091],[78.39948,17.34352],[78.39968,17.34428],[78.40089,17.34697],[78.4012,17.34935],[78.39803,17.35057],[78.39811,17.35146],[78.39814,17.35387],[78.40095,17.35463],[78.40054,17.35574],[78.40241,17.35641],[78.40197,17.35769],[78.40415,17.35833],[78.40433,17.35872],[78.40451,17.35888],[78.40685,17.35639],[78.40839,17.35718],[78.40901,17.35722],[78.4101,17.35865],[78.41047,17.35929],[78.41059,17.36],[78.41054,17.36039],[78.41029,17.36083],[78.40971,17.36157],[78.40884,17.36242],[78.40823,17.36344],[78.40795,17.3646],[78.40792,17.36572],[78.40806,17.36693],[78.40824,17.36741],[78.409,17.36893],[78.41022,17.37085],[78.41226,17.37103],[78.41319,17.36794]]]}},{"type":"Feature","properties":{"ward_no":49,"ward":"Gansibazar","circle":"9-CHARMINAR","zone":"CHARMINAR ZONE"},"geometry":{"type":"Polygon","coordinates":[[[78.47642,17.36985],[78.47635,17.36905],[78.47615,17.3687],[78.47471,17.36216],[78.47493,17.3617],[78.47493,17.36153],[78.4746,17.36106],[78.47444,17.36067],[78.47307,17.35384],[78.47131,17.35394],[78.46971,17.3539],[78.46969,17.3543],[78.46924,17.3546],[78.46921,17.35506],[78.46762,17.35538],[78.46791,17.35612],[78.46895,17.35977],[78.46918,17.36008],[78.46893,17.36018],[78.46897,17.36036],[78.4684,17.36052],[78.46847,17.36075],[78.46835,17.36085],[78.46844,17.36126],[78.46877,17.36163],[78.46846,17.36186],[78.46864,17.36287],[78.45982,17.36568],[78.4591,17.36596],[78.45757,17.36699],[78.458,17.36727],[78.45908,17.36767],[78.46237,17.36845],[78.46375,17.36904],[78.4656,17.36965],[78.46794,17.36958],[78.46929,17.36979],[78.47161,17.3703],[78.47417,17.37074],[78.47614,17.37142],[78.4763,17.37086],[78.47642,17.36985]]]}},{"type":"Feature","properties":{"ward_no":33,"ward":"Moghalpura","circle":"9-CHARMINAR","zone":"CHARMINAR ZONE"},"geometry":{"type":"Polygon","coordinates":[[[78.4816,17.357],[78.48087,17.35562],[78.48035,17.35392],[78.4806,17.3538],[78.48051,17.35336],[78.48092,17.35327],[78.48154,17.35297],[78.48374,17.35253],[78.48383,17.35094],[78.48379,17.34806],[78.48267,17.34835],[78.48085,17.34855],[78.48031,17.34854],[78.47939,17.34884],[78.47876,17.34887],[78.47845,17.34945],[78.47795,17.34979],[78.4772,17.35056],[78.47685,17.35046],[78.47551,17.35079],[78.47409,17.3507],[78.47256,17.35083],[78.47268,17.3525],[78.47307,17.35384],[78.47391,17.35793],[78.47525,17.35745],[78.47615,17.35726],[78.47649,17.35699],[78.47664,17.35702],[78.47674,17.35726],[78.47793,17.35696],[78.47895,17.35681],[78.47931,17.35852],[78.47997,17.35817],[78.4816,17.357]]]}},{"type":"Feature","properties":{"ward_no":47,"ward":"Nawabsahebkunta","circle":"10-FALAKNUMA","zone":"CHARMINAR ZONE"},"geometry":{"type":"Polygon","coordinates":[[[78.46218,17.33978],[78.46248,17.33971],[78.4631,17.33977],[78.46312,17.33939],[78.46357,17.33936],[78.4636,17.33915],[78.46423,17.33912],[78.46431,17.33868],[78.46467,17.3383],[78.46627,17.33826],[78.46661,17.33805],[78.46685,17.33772],[78.46769,17.33765],[78.46852,17.33536],[78.46862,17.33421],[78.46717,17.33424],[78.46643,17.33353],[78.46609,17.33337],[78.46558,17.33343],[78.46507,17.33389],[78.46455,17.33409],[78.46431,17.33409],[78.46406,17.33389],[78.46393,17.33364],[78.46406,17.33338],[78.46429,17.3332],[78.46434,17.33267],[78.46418,17.33239],[78.46379,17.33217],[78.46376,17.33177],[78.46362,17.33174],[78.46331,17.33178],[78.46308,17.33201],[78.46268,17.33191],[78.46243,17.33198],[78.46238,17.33232],[78.46137,17.33269],[78.46044,17.33103],[78.46026,17.3304],[78.45922,17.32973],[78.45882,17.32939],[78.45775,17.32888],[78.45771,17.32905],[78.45712,17.32936],[78.45473,17.32971],[78.4547,17.3318],[78.45455,17.33353],[78.45792,17.33423],[78.45785,17.33451],[78.45738,17.33485],[78.45726,17.33517],[78.45722,17.33552],[78.45746,17.33698],[78.4575,17.33798],[78.45819,17.33771],[78.45877,17.33919],[78.45867,17.33924],[78.45869,17.34028],[78.45976,17.34043],[78.46026,17.34039],[78.46076,17.34014],[78.46179,17.33997],[78.46218,17.33978]]]}},{"type":"Feature","properties":{"ward_no":58,"ward":"Shastripuram","circle":"11-RAJENDRA NAGAR","zone":"CHARMINAR ZONE"},"geometry":{"type":"Polygon","coordinates":[[[78.44057,17.34082],[78.44196,17.34018],[78.44225,17.33992],[78.44238,17.33952],[78.44281,17.33928],[78.44337,17.33939],[78.44375,17.33998],[78.4441,17.33998],[78.4445,17.3398],[78.44488,17.33948],[78.44531,17.33872],[78.4458,17.33809],[78.44614,17.33719],[78.44605,17.33667],[78.44611,17.33654],[78.44662,17.3362],[78.44716,17.3362],[78.44795,17.33654],[78.44807,17.33616],[78.44931,17.33671],[78.44948,17.33666],[78.45085,17.33696],[78.45113,17.33695],[78.45163,17.33756],[78.4536,17.33598],[78.45355,17.33566],[78.45304,17.33582],[78.45342,17.33546],[78.45304,17.33509],[78.45418,17.33404],[78.45455,17.3336],[78.4547,17.3318],[78.45473,17.32971],[78.45712,17.32936],[78.45771,17.32905],[78.45776,17.32886],[78.45748,17.32874],[78.45767,17.32713],[78.45782,17.32643],[78.45762,17.32335],[78.45719,17.32208],[78.45687,17.31987],[78.45851,17.31985],[78.46022,17.3202],[78.46095,17.32046],[78.46203,17.32101],[78.46273,17.32149],[78.46565,17.3238],[78.46573,17.32379],[78.46562,17.32294],[78.4658,17.32247],[78.46646,17.32199],[78.46666,17.3214],[78.46619,17.31983],[78.46708,17.31965],[78.46612,17.31602],[78.46568,17.31552],[78.46441,17.31478],[78.46385,17.31455],[78.46306,17.31434],[78.46175,17.31443],[78.46171,17.31314],[78.46198,17.31094],[78.46169,17.31093],[78.46163,17.31084],[78.4624,17.30938],[78.46218,17.30931],[78.46198,17.30963],[78.46163,17.30929],[78.46014,17.30886],[78.45993,17.3087],[78.4599,17.30828],[78.45963,17.30748],[78.45952,17.30643],[78.45931,17.30586],[78.45931,17.30404],[78.45891,17.30337],[78.45808,17.30286],[78.45768,17.30231],[78.45672,17.30183],[78.45588,17.30256],[78.45523,17.30283],[78.45428,17.30299],[78.45362,17.30398],[78.45419,17.30415],[78.45418,17.30444],[78.4551,17.30443],[78.45511,17.3046],[78.45556,17.30458],[78.4556,17.30509],[78.45606,17.30513],[78.4566,17.30754],[78.45677,17.30866],[78.45663,17.31014],[78.4567,17.31105],[78.45682,17.31155],[78.45682,17.31209],[78.45676,17.31265],[78.45656,17.3132],[78.45652,17.31432],[78.45622,17.31453],[78.45613,17.31475],[78.45614,17.31554],[78.45369,17.31629],[78.45404,17.31744],[78.45404,17.31889],[78.45421,17.31919],[78.45467,17.31953],[78.4547,17.32027],[78.45151,17.32098],[78.45007,17.32139],[78.44311,17.32426],[78.44222,17.32452],[78.44154,17.32461],[78.44078,17.32463],[78.43999,17.32453],[78.43836,17.32395],[78.43504,17.32225],[78.43388,17.32143],[78.43319,17.32077],[78.432,17.32166],[78.43276,17.32229],[78.4331,17.32281],[78.43421,17.3257],[78.43565,17.32868],[78.43617,17.32942],[78.44087,17.33404],[78.44162,17.33468],[78.44234,17.33493],[78.44356,17.33492],[78.44367,17.3365],[78.44348,17.33698],[78.44315,17.33733],[78.44235,17.33769],[78.44208,17.33819],[78.44134,17.33893],[78.43869,17.33962],[78.43817,17.34005],[78.43708,17.34061],[78.4369,17.34061],[78.43691,17.34086],[78.43723,17.34098],[78.43741,17.34113],[78.43734,17.34126],[78.43833,17.34187],[78.43889,17.34209],[78.43889,17.34216],[78.43949,17.34264],[78.43957,17.34288],[78.43948,17.34346],[78.43945,17.34458],[78.43988,17.34452],[78.44,17.3444],[78.44022,17.34387],[78.43997,17.34237],[78.4403,17.34168],[78.44057,17.34082]]]}},{"type":"Feature","properties":{"ward_no":54,"ward":"Jahanuma","circle":"10-FALAKNUMA","zone":"CHARMINAR ZONE"},"geometry":{"type":"Polygon","coordinates":[[[78.46524,17.35243],[78.46523,17.35193],[78.46534,17.35157],[78.46565,17.34911],[78.46571,17.34626],[78.46598,17.34624],[78.46583,17.34465],[78.46611,17.34312],[78.46588,17.34143],[78.46456,17.34006],[78.46423,17.33931],[78.46423,17.33912],[78.4636,17.33915],[78.46357,17.33936],[78.46312,17.33939],[78.4631,17.33977],[78.46248,17.33971],[78.46179,17.33997],[78.46076,17.34014],[78.46026,17.34039],[78.45976,17.34043],[78.45869,17.34028],[78.45867,17.33924],[78.45877,17.33919],[78.45819,17.33771],[78.4575,17.33798],[78.45746,17.33698],[78.45722,17.33552],[78.45726,17.33517],[78.45738,17.33485],[78.45785,17.33451],[78.45792,17.33423],[78.45455,17.33353],[78.45418,17.33404],[78.45304,17.33509],[78.45342,17.33546],[78.45304,17.33582],[78.45355,17.33566],[78.4536,17.33598],[78.45163,17.33756],[78.45113,17.33695],[78.45085,17.33696],[78.44948,17.33666],[78.44931,17.33671],[78.44984,17.33708],[78.45031,17.33766],[78.45063,17.33829],[78.45077,17.33936],[78.4504,17.34117],[78.4527,17.34246],[78.4534,17.34196],[78.45435,17.34145],[78.4557,17.34257],[78.45698,17.34396],[78.45737,17.344],[78.45783,17.34458],[78.4581,17.34454],[78.45827,17.34488],[78.45897,17.34472],[78.45902,17.3459],[78.45919,17.34674],[78.45943,17.34683],[78.46037,17.34756],[78.46125,17.34891],[78.46177,17.34942],[78.46171,17.34947],[78.46196,17.35145],[78.46222,17.35254],[78.46297,17.35238],[78.46324,17.3524],[78.46324,17.3523],[78.46333,17.35225],[78.46327,17.35205],[78.46345,17.35199],[78.46361,17.35236],[78.46436,17.35224],[78.4648,17.35228],[78.46524,17.35243]]]}},{"type":"Feature","properties":{"ward_no":48,"ward":"Shalibanda","circle":"9-CHARMINAR","zone":"CHARMINAR ZONE"},"geometry":{"type":"Polygon","coordinates":[[[78.46971,17.3539],[78.47131,17.35394],[78.47307,17.35384],[78.47268,17.3525],[78.47254,17.35069],[78.47232,17.34991],[78.47208,17.3493],[78.47116,17.34803],[78.47059,17.34743],[78.47028,17.34664],[78.47025,17.34567],[78.47156,17.34615],[78.47345,17.34646],[78.47362,17.34685],[78.47389,17.34719],[78.47436,17.34705],[78.47452,17.34742],[78.47519,17.34689],[78.47589,17.34592],[78.47463,17.34491],[78.47441,17.3443],[78.47426,17.34358],[78.47417,17.34223],[78.47357,17.34226],[78.47333,17.34211],[78.4732,17.34105],[78.47293,17.34089],[78.47289,17.34075],[78.47329,17.33853],[78.47375,17.33668],[78.47195,17.33698],[78.47136,17.337],[78.46804,17.33659],[78.46769,17.33765],[78.46685,17.33772],[78.46661,17.33805],[78.46627,17.33826],[78.46467,17.3383],[78.4643,17.33871],[78.46423,17.33931],[78.46456,17.34006],[78.46588,17.34143],[78.46611,17.34312],[78.46583,17.34465],[78.46598,17.34624],[78.46571,17.34626],[78.46565,17.34911],[78.46522,17.35219],[78.4656,17.35412],[78.46648,17.35527],[78.46726,17.35544],[78.46921,17.35506],[78.46924,17.3546],[78.46969,17.3543],[78.46971,17.3539]]]}},{"type":"Feature","properties":{"ward_no":53,"ward":"Doodbowli","circle":"10-FALAKNUMA","zone":"CHARMINAR ZONE"},"geometry":{"type":"Polygon","coordinates":[[[78.4656,17.35412],[78.46524,17.35243],[78.4648,17.35228],[78.46436,17.35224],[78.46361,17.35236],[78.46345,17.35199],[78.46327,17.35205],[78.46333,17.35225],[78.46324,17.3523],[78.46324,17.3524],[78.46297,17.35238],[78.46222,17.35254],[78.46196,17.35145],[78.46171,17.34947],[78.46177,17.34942],[78.46125,17.34891],[78.46037,17.34756],[78.45924,17.34674],[78.4586,17.34691],[78.45803,17.34694],[78.45721,17.34684],[78.45708,17.34927],[78.45669,17.35221],[78.45718,17.35239],[78.45771,17.35273],[78.45868,17.35361],[78.45914,17.35421],[78.45977,17.35568],[78.45908,17.35553],[78.45776,17.35497],[78.45738,17.35496],[78.45655,17.35503],[78.45603,17.35516],[78.45469,17.35577],[78.45454,17.35608],[78.45481,17.35691],[78.45506,17.35866],[78.45542,17.36033],[78.45649,17.36396],[78.45712,17.36379],[78.45741,17.36424],[78.45835,17.36331],[78.45876,17.36315],[78.45874,17.36292],[78.45958,17.36197],[78.46017,17.36174],[78.46035,17.36159],[78.46118,17.3606],[78.46196,17.35943],[78.46424,17.35782],[78.46423,17.35764],[78.46456,17.3574],[78.4649,17.35697],[78.46518,17.3562],[78.46571,17.35522],[78.4656,17.35412]]]}},{"type":"Feature","properties":{"ward_no":55,"ward":"Ramnastpura","circle":"10-FALAKNUMA","zone":"CHARMINAR ZONE"},"geometry":{"type":"Polygon","coordinates":[[[78.44897,17.35767],[78.45079,17.35704],[78.45364,17.35648],[78.45454,17.35608],[78.45469,17.35577],[78.45495,17.35561],[78.45603,17.35516],[78.45655,17.35503],[78.45776,17.35497],[78.45908,17.35553],[78.45977,17.35568],[78.45914,17.35421],[78.45868,17.35361],[78.45771,17.35273],[78.45718,17.35239],[78.45669,17.35221],[78.45708,17.34927],[78.45721,17.34684],[78.45803,17.34694],[78.4586,17.34691],[78.45919,17.34675],[78.45902,17.3459],[78.45897,17.34472],[78.45827,17.34488],[78.4581,17.34454],[78.45783,17.34458],[78.45737,17.344],[78.45698,17.34396],[78.4557,17.34257],[78.45435,17.34145],[78.4534,17.34196],[78.4527,17.34246],[78.4504,17.34117],[78.4507,17.33986],[78.45076,17.33891],[78.45063,17.33829],[78.45045,17.33789],[78.4497,17.33696],[78.44887,17.33647],[78.44807,17.33616],[78.44795,17.33654],[78.44716,17.3362],[78.44662,17.3362],[78.44632,17.33637],[78.44605,17.33667],[78.44614,17.33719],[78.4458,17.33809],[78.44531,17.33872],[78.44488,17.33948],[78.44464,17.3397],[78.4441,17.33998],[78.44375,17.33998],[78.44337,17.33939],[78.44281,17.33928],[78.44238,17.33952],[78.44225,17.33992],[78.44196,17.34018],[78.44057,17.34082],[78.4403,17.34168],[78.43997,17.34237],[78.44022,17.34387],[78.44,17.3444],[78.43988,17.34452],[78.43934,17.34459],[78.43838,17.34443],[78.43775,17.34485],[78.4372,17.34499],[78.43681,17.34521],[78.43668,17.3452],[78.43658,17.34476],[78.43635,17.34428],[78.43611,17.34405],[78.43469,17.34394],[78.43379,17.34408],[78.43319,17.34402],[78.43273,17.34354],[78.43256,17.34349],[78.43216,17.34352],[78.43139,17.34264],[78.43114,17.34187],[78.4306,17.34179],[78.43063,17.3416],[78.43101,17.34143],[78.43127,17.34104],[78.43113,17.34061],[78.43072,17.34007],[78.43057,17.33999],[78.42975,17.34012],[78.4297,17.34019],[78.4298,17.34096],[78.42975,17.34101],[78.42853,17.34127],[78.42737,17.3414],[78.42739,17.34186],[78.42915,17.34227],[78.42944,17.34249],[78.42966,17.343],[78.43013,17.34337],[78.43027,17.34378],[78.43017,17.34459],[78.43031,17.34522],[78.43055,17.34539],[78.43074,17.3454],[78.431,17.34515],[78.43177,17.34488],[78.43186,17.34506],[78.43175,17.34623],[78.43199,17.34644],[78.43233,17.34651],[78.4327,17.34622],[78.43287,17.3463],[78.43299,17.34648],[78.43297,17.34697],[78.43309,17.34735],[78.43299,17.34783],[78.43095,17.34912],[78.4308,17.34932],[78.43089,17.34957],[78.43169,17.35035],[78.43232,17.35145],[78.43252,17.35237],[78.4322,17.35275],[78.43219,17.35302],[78.43269,17.3539],[78.43355,17.35321],[78.43426,17.35298],[78.4351,17.35289],[78.43595,17.35227],[78.43629,17.35265],[78.43705,17.35237],[78.43777,17.35306],[78.43822,17.35362],[78.43877,17.35485],[78.43899,17.35592],[78.44103,17.3552],[78.44071,17.35449],[78.44183,17.35401],[78.44209,17.35431],[78.44253,17.35432],[78.44271,17.35456],[78.44315,17.35437],[78.44376,17.35322],[78.44372,17.35299],[78.44357,17.35276],[78.44369,17.35272],[78.44388,17.35296],[78.4447,17.35494],[78.44592,17.35526],[78.44592,17.35565],[78.44579,17.35572],[78.44563,17.35615],[78.44579,17.35679],[78.4455,17.35688],[78.44561,17.3573],[78.44522,17.35734],[78.44525,17.35802],[78.44549,17.35895],[78.44735,17.35894],[78.44783,17.3587],[78.44857,17.35793],[78.44897,17.35767]]]}},{"type":"Feature","properties":{"ward_no":43,"ward":"Chandrayangutta","circle":"8-CHANDRAYANGUTTA","zone":"CHARMINAR ZONE"},"geometry":{"type":"Polygon","coordinates":[[[78.49261,17.327],[78.49188,17.3268],[78.49201,17.32635],[78.49111,17.32604],[78.49131,17.32519],[78.49166,17.32516],[78.49176,17.32496],[78.49173,17.32308],[78.48884,17.32289],[78.48844,17.32339],[78.48317,17.32328],[78.48289,17.32322],[78.48345,17.32286],[78.48383,17.32238],[78.4848,17.3216],[78.48557,17.32127],[78.48592,17.32071],[78.4861,17.32024],[78.48612,17.31998],[78.48454,17.31983],[78.48417,17.31969],[78.48433,17.3189],[78.4846,17.31837],[78.48488,17.3184],[78.48494,17.31852],[78.48516,17.31843],[78.48587,17.31853],[78.48673,17.31783],[78.48511,17.3176],[78.4844,17.31732],[78.48336,17.31721],[78.48327,17.31862],[78.48198,17.31851],[78.48188,17.31902],[78.48155,17.31916],[78.48148,17.31979],[78.48085,17.31979],[78.48084,17.32125],[78.48034,17.32125],[78.4804,17.32177],[78.48029,17.32258],[78.47887,17.32243],[78.47862,17.32281],[78.47817,17.32284],[78.47754,17.32271],[78.47682,17.32227],[78.4771,17.32201],[78.47349,17.32159],[78.47357,17.32111],[78.47124,17.32067],[78.47081,17.32102],[78.47018,17.3209],[78.47017,17.32081],[78.47007,17.32079],[78.4699,17.31975],[78.46925,17.31998],[78.46727,17.32035],[78.46681,17.31857],[78.46836,17.31818],[78.46805,17.31589],[78.4685,17.3156],[78.46954,17.31551],[78.47003,17.31532],[78.47059,17.31532],[78.47063,17.3148],[78.47084,17.31464],[78.47087,17.31387],[78.46792,17.31375],[78.46769,17.31473],[78.46686,17.31625],[78.46654,17.31662],[78.46582,17.31714],[78.46554,17.31774],[78.46573,17.31852],[78.46606,17.31842],[78.4664,17.31979],[78.46619,17.31983],[78.46666,17.3214],[78.46706,17.3211],[78.46742,17.32103],[78.46766,17.32163],[78.47101,17.32353],[78.47364,17.32564],[78.47519,17.32624],[78.47724,17.32687],[78.48132,17.32834],[78.4862,17.33022],[78.48884,17.33135],[78.48993,17.33168],[78.49042,17.33191],[78.49179,17.33297],[78.49184,17.33279],[78.49175,17.33178],[78.49207,17.33175],[78.49208,17.32986],[78.49217,17.32948],[78.49256,17.32859],[78.49261,17.327]]]}},{"type":"Feature","properties":{"ward_no":44,"ward":"Uppuguda","circle":"8-CHANDRAYANGUTTA","zone":"CHARMINAR ZONE"},"geometry":{"type":"Polygon","coordinates":[[[78.49079,17.33938],[78.49138,17.33783],[78.49172,17.33752],[78.49225,17.33638],[78.4923,17.33585],[78.49213,17.33526],[78.49219,17.33497],[78.49236,17.33468],[78.49305,17.3341],[78.49179,17.33297],[78.49042,17.33191],[78.48993,17.33168],[78.48884,17.33135],[78.48592,17.3301],[78.47976,17.32779],[78.48012,17.33055],[78.48112,17.33393],[78.4811,17.33438],[78.4808,17.33535],[78.48075,17.33639],[78.48063,17.3372],[78.4814,17.33741],[78.48162,17.33793],[78.48203,17.33796],[78.48237,17.33834],[78.48287,17.33827],[78.48298,17.33889],[78.48318,17.33935],[78.48304,17.33944],[78.48312,17.33954],[78.48303,17.33967],[78.48164,17.33965],[78.48138,17.3397],[78.48128,17.33986],[78.48336,17.34227],[78.48356,17.34222],[78.48589,17.34244],[78.48652,17.34224],[78.48679,17.3421],[78.48702,17.34186],[78.48982,17.34112],[78.49047,17.34008],[78.49079,17.33938]]]}},{"type":"Feature","properties":{"ward_no":35,"ward":"Gowlipura","circle":"7-SANTOSH NAGAR","zone":"CHARMINAR ZONE"},"geometry":{"type":"Polygon","coordinates":[[[78.47292,17.35076],[78.47439,17.3507],[78.47551,17.35079],[78.47685,17.35046],[78.47727,17.35054],[78.47795,17.34979],[78.47845,17.34945],[78.47876,17.34887],[78.47939,17.34884],[78.48031,17.34854],[78.48085,17.34855],[78.48267,17.34835],[78.48454,17.34787],[78.48526,17.34752],[78.48584,17.34664],[78.48668,17.34595],[78.48388,17.34277],[78.48362,17.34223],[78.48336,17.34227],[78.48128,17.33986],[78.48138,17.3397],[78.48164,17.33965],[78.48303,17.33967],[78.48312,17.33954],[78.48304,17.33944],[78.48318,17.33935],[78.48298,17.33889],[78.48287,17.33827],[78.48237,17.33834],[78.48203,17.33796],[78.48162,17.33793],[78.4814,17.33741],[78.48063,17.3372],[78.48032,17.33844],[78.47978,17.33998],[78.4786,17.34197],[78.47809,17.34353],[78.4769,17.34495],[78.47589,17.34592],[78.47519,17.34689],[78.47452,17.34742],[78.47436,17.34705],[78.47389,17.34719],[78.47362,17.34685],[78.47345,17.34646],[78.47156,17.34615],[78.47025,17.34567],[78.47028,17.34664],[78.47059,17.34743],[78.47116,17.34803],[78.47208,17.3493],[78.47258,17.35083],[78.47292,17.35076]]]}},{"type":"Feature","properties":{"ward_no":30,"ward":"Dabeerpura","circle":"6-MALAKPET","zone":"CHARMINAR ZONE"},"geometry":{"type":"Polygon","coordinates":[[[78.48761,17.37817],[78.48781,17.37811],[78.48785,17.37822],[78.48851,17.37802],[78.48835,17.37767],[78.48805,17.37761],[78.48801,17.37614],[78.48819,17.37584],[78.48814,17.37528],[78.48818,17.37443],[78.48778,17.37329],[78.48799,17.37077],[78.4882,17.37037],[78.48759,17.36994],[78.48645,17.36893],[78.48604,17.36848],[78.48572,17.36793],[78.48579,17.36783],[78.48767,17.36733],[78.48821,17.36709],[78.48898,17.36693],[78.49018,17.36691],[78.49085,17.36553],[78.49236,17.3628],[78.49251,17.36233],[78.4925,17.36151],[78.49234,17.36091],[78.49152,17.36082],[78.49128,17.36114],[78.49122,17.36151],[78.49115,17.36152],[78.48913,17.36169],[78.48463,17.36184],[78.48449,17.36284],[78.48485,17.36365],[78.4842,17.36521],[78.48414,17.366],[78.48424,17.36656],[78.48288,17.36678],[78.48306,17.36767],[78.48139,17.36812],[78.48235,17.37201],[78.48297,17.37342],[78.48166,17.37463],[78.48099,17.37494],[78.48144,17.37622],[78.48202,17.3773],[78.48354,17.37938],[78.48398,17.37986],[78.48477,17.38011],[78.48609,17.38024],[78.48751,17.38011],[78.4875,17.3787],[78.48761,17.37817]]]}},{"type":"Feature","properties":{"ward_no":32,"ward":"Pather Gatti","circle":"9-CHARMINAR","zone":"CHARMINAR ZONE"},"geometry":{"type":"Polygon","coordinates":[[[78.48219,17.37125],[78.48139,17.36812],[78.48306,17.36767],[78.48288,17.36678],[78.48424,17.36656],[78.48414,17.366],[78.4842,17.36521],[78.48485,17.36365],[78.48449,17.36284],[78.48463,17.36184],[78.4836,17.362],[78.48351,17.36143],[78.48334,17.36098],[78.48338,17.35988],[78.48321,17.35902],[78.48427,17.35878],[78.48445,17.35889],[78.48466,17.35864],[78.48673,17.3583],[78.48842,17.35743],[78.48879,17.3573],[78.48963,17.35681],[78.48846,17.3545],[78.48658,17.35498],[78.48402,17.3554],[78.48369,17.35556],[78.48067,17.3577],[78.47931,17.35852],[78.47895,17.35681],[78.47793,17.35696],[78.47674,17.35726],[78.47664,17.35702],[78.47649,17.35699],[78.47615,17.35726],[78.47525,17.35745],[78.47391,17.35793],[78.47444,17.36067],[78.4746,17.36106],[78.47493,17.36153],[78.47493,17.3617],[78.47471,17.36216],[78.47615,17.3687],[78.47636,17.36909],[78.47641,17.37013],[78.47614,17.37142],[78.47885,17.37253],[78.47991,17.37312],[78.4807,17.37411],[78.48099,17.37494],[78.48166,17.37463],[78.48297,17.37342],[78.48278,17.37286],[78.48243,17.37226],[78.48219,17.37125]]]}},{"type":"Feature","properties":{"ward_no":23,"ward":"Gaddiannaram","circle":"5-SAROOR NAGAR","zone":"L.B.NAGAR ZONE"},"geometry":{"type":"Polygon","coordinates":[[[78.52544,17.36851],[78.53676,17.36828],[78.53823,17.3681],[78.53745,17.36664],[78.53672,17.36486],[78.53626,17.36484],[78.53615,17.36443],[78.53618,17.36378],[78.53613,17.3633],[78.53605,17.36326],[78.53605,17.3625],[78.53531,17.36269],[78.53443,17.36309],[78.53421,17.36261],[78.53366,17.36183],[78.53331,17.36066],[78.53293,17.35894],[78.53228,17.35918],[78.5313,17.35926],[78.53113,17.35934],[78.53083,17.35742],[78.5305,17.35693],[78.53014,17.3566],[78.52898,17.35709],[78.52764,17.35752],[78.52575,17.35859],[78.52478,17.359],[78.52437,17.35928],[78.52391,17.36017],[78.52308,17.36089],[78.52253,17.36123],[78.52236,17.36138],[78.52224,17.36164],[78.52188,17.3626],[78.52286,17.36272],[78.5233,17.36267],[78.52332,17.36282],[78.52355,17.36283],[78.52352,17.36311],[78.52329,17.36313],[78.52326,17.36334],[78.52334,17.36358],[78.52383,17.36352],[78.52391,17.36405],[78.52332,17.36418],[78.52346,17.36482],[78.52375,17.36474],[78.52386,17.36506],[78.52337,17.36525],[78.52341,17.36586],[78.52446,17.36563],[78.52442,17.36601],[78.52427,17.36605],[78.52425,17.36653],[78.5234,17.36689],[78.52342,17.36717],[78.52306,17.36716],[78.52317,17.36862],[78.52544,17.36851]]]}},{"type":"Feature","properties":{"ward_no":24,"ward":"Saidabad","circle":"6-MALAKPET","zone":"CHARMINAR ZONE"},"geometry":{"type":"Polygon","coordinates":[[[78.5189,17.36869],[78.5199,17.3677],[78.52034,17.36716],[78.52104,17.36619],[78.52156,17.36522],[78.52174,17.3635],[78.52195,17.36263],[78.52188,17.3626],[78.52236,17.36138],[78.52308,17.36089],[78.52391,17.36017],[78.52437,17.35928],[78.52404,17.35939],[78.52298,17.35899],[78.52105,17.35846],[78.51944,17.35823],[78.51913,17.3583],[78.51895,17.35778],[78.51829,17.35776],[78.51596,17.35797],[78.51334,17.35752],[78.51025,17.35734],[78.50615,17.35677],[78.50555,17.35651],[78.50524,17.35796],[78.50373,17.36299],[78.50412,17.36289],[78.50563,17.36193],[78.50632,17.36172],[78.5068,17.36175],[78.50851,17.36219],[78.51005,17.36221],[78.51051,17.36526],[78.51003,17.36591],[78.51015,17.36608],[78.51015,17.36625],[78.51089,17.3669],[78.51191,17.36689],[78.51197,17.36782],[78.51223,17.3685],[78.5135,17.36804],[78.51362,17.36854],[78.51386,17.36891],[78.51413,17.36998],[78.51664,17.36949],[78.51885,17.36891],[78.51883,17.36875],[78.5189,17.36869]]]}},{"type":"Feature","properties":{"ward_no":27,"ward":"Akberbagh","circle":"6-MALAKPET","zone":"CHARMINAR ZONE"},"geometry":{"type":"Polygon","coordinates":[[[78.51079,17.37171],[78.51361,17.37018],[78.51413,17.36998],[78.51386,17.36891],[78.51362,17.36854],[78.5135,17.36804],[78.51223,17.3685],[78.51197,17.36782],[78.51191,17.36689],[78.51089,17.3669],[78.51015,17.36625],[78.51015,17.36608],[78.51003,17.36591],[78.51051,17.36526],[78.51005,17.36221],[78.50851,17.36219],[78.50653,17.36172],[78.50563,17.36193],[78.50412,17.36289],[78.5038,17.36299],[78.50257,17.36372],[78.50125,17.36436],[78.50159,17.36624],[78.50167,17.36728],[78.5016,17.36907],[78.50151,17.36958],[78.50115,17.37002],[78.50025,17.37084],[78.49987,17.37146],[78.49904,17.37112],[78.49883,17.37035],[78.49853,17.37008],[78.4973,17.37005],[78.49702,17.37042],[78.49626,17.37086],[78.49644,17.37133],[78.49694,17.37216],[78.49738,17.37279],[78.49756,17.3729],[78.49773,17.37419],[78.49806,17.37543],[78.49863,17.37508],[78.49944,17.37442],[78.5007,17.37382],[78.50719,17.37284],[78.50863,17.37249],[78.51079,17.37171]]]}},{"type":"Feature","properties":{"ward_no":45,"ward":"Jangammet","circle":"8-CHANDRAYANGUTTA","zone":"CHARMINAR ZONE"},"geometry":{"type":"Polygon","coordinates":[[[78.47848,17.34234],[78.47881,17.34159],[78.47978,17.33998],[78.48032,17.33844],[78.48069,17.33693],[78.4808,17.33535],[78.4811,17.33438],[78.48112,17.33393],[78.48012,17.33055],[78.47976,17.32779],[78.47724,17.32687],[78.47632,17.32662],[78.47639,17.32666],[78.47542,17.32707],[78.47484,17.32744],[78.47405,17.32824],[78.4724,17.32918],[78.47094,17.32984],[78.47064,17.3301],[78.47035,17.33046],[78.4701,17.33106],[78.46973,17.33308],[78.46944,17.33335],[78.46886,17.33355],[78.46865,17.33389],[78.46852,17.33536],[78.46804,17.33659],[78.47136,17.337],[78.47195,17.33698],[78.47375,17.33668],[78.47329,17.33853],[78.47289,17.34075],[78.47293,17.34089],[78.4732,17.34105],[78.47333,17.34211],[78.47357,17.34226],[78.47417,17.34223],[78.47426,17.34358],[78.47441,17.3443],[78.47463,17.34491],[78.47582,17.34589],[78.47589,17.34592],[78.4769,17.34495],[78.47809,17.34353],[78.47848,17.34234]]]}},{"type":"Feature","properties":{"ward_no":42,"ward":"Barkas","circle":"8-CHANDRAYANGUTTA","zone":"CHARMINAR ZONE"},"geometry":{"type":"Polygon","coordinates":[[[78.46792,17.31375],[78.47087,17.31387],[78.4709,17.31431],[78.47084,17.31464],[78.47063,17.3148],[78.47059,17.31532],[78.47003,17.31532],[78.46954,17.31551],[78.4685,17.3156],[78.46805,17.31589],[78.46836,17.31818],[78.46681,17.31857],[78.46727,17.32035],[78.46925,17.31998],[78.4699,17.31975],[78.47007,17.32079],[78.47017,17.32081],[78.47018,17.3209],[78.47081,17.32102],[78.47124,17.32067],[78.47327,17.32104],[78.47357,17.32111],[78.47349,17.32159],[78.4771,17.32201],[78.47682,17.32227],[78.47754,17.32271],[78.47817,17.32284],[78.47862,17.32281],[78.47887,17.32243],[78.48029,17.32258],[78.4804,17.32177],[78.48034,17.32125],[78.48084,17.32125],[78.48085,17.31979],[78.48148,17.31979],[78.48155,17.31916],[78.48188,17.31902],[78.48198,17.31851],[78.48327,17.31862],[78.48336,17.31721],[78.48306,17.31714],[78.48312,17.31643],[78.48323,17.3161],[78.48329,17.31313],[78.4816,17.3137],[78.47845,17.31439],[78.47785,17.31402],[78.47717,17.31283],[78.47643,17.31212],[78.47443,17.31155],[78.47444,17.3114],[78.47335,17.31074],[78.47239,17.31],[78.47125,17.30897],[78.47076,17.30888],[78.47043,17.30999],[78.46902,17.31076],[78.46861,17.31114],[78.46827,17.31174],[78.46792,17.31375]]]}},{"type":"Feature","properties":{"ward_no":57,"ward":"Suleman Nagar","circle":"11-RAJENDRA NAGAR","zone":"CHARMINAR ZONE"},"geometry":{"type":"Polygon","coordinates":[[[78.43245,17.35365],[78.43257,17.35365],[78.43224,17.35315],[78.43218,17.35287],[78.43228,17.3526],[78.43252,17.35237],[78.43232,17.35145],[78.43169,17.35035],[78.43089,17.34957],[78.4308,17.34932],[78.43095,17.34912],[78.43299,17.34783],[78.43309,17.34735],[78.43297,17.34697],[78.43299,17.34648],[78.43287,17.3463],[78.4327,17.34622],[78.43233,17.34651],[78.43199,17.34644],[78.43175,17.34623],[78.43186,17.34506],[78.43177,17.34488],[78.431,17.34515],[78.43074,17.3454],[78.43055,17.34539],[78.43031,17.34522],[78.43017,17.34459],[78.43027,17.34378],[78.43013,17.34337],[78.42966,17.343],[78.42944,17.34249],[78.42915,17.34227],[78.42739,17.34186],[78.42737,17.3414],[78.42853,17.34127],[78.42975,17.34101],[78.4298,17.34096],[78.4297,17.34019],[78.42975,17.34012],[78.43057,17.33999],[78.43072,17.34007],[78.43113,17.34061],[78.43127,17.34104],[78.43101,17.34143],[78.43063,17.3416],[78.4306,17.34179],[78.43114,17.34187],[78.43139,17.34264],[78.43216,17.34352],[78.43256,17.34349],[78.43273,17.34354],[78.43319,17.34402],[78.43379,17.34408],[78.43469,17.34394],[78.43611,17.34405],[78.43635,17.34428],[78.43658,17.34476],[78.43668,17.3452],[78.43681,17.34521],[78.4372,17.34499],[78.43775,17.34485],[78.43838,17.34443],[78.43945,17.34458],[78.43948,17.34346],[78.43957,17.34288],[78.43949,17.34264],[78.43889,17.34216],[78.43889,17.34209],[78.43833,17.34187],[78.43734,17.34126],[78.43741,17.34113],[78.43723,17.34098],[78.43691,17.34086],[78.4369,17.34061],[78.43708,17.34061],[78.43817,17.34005],[78.43869,17.33962],[78.44134,17.33893],[78.44208,17.33819],[78.44235,17.33769],[78.44315,17.33733],[78.44348,17.33698],[78.44367,17.3365],[78.44356,17.33492],[78.44234,17.33493],[78.44162,17.33468],[78.44087,17.33404],[78.4366,17.32986],[78.43582,17.33042],[78.4357,17.33031],[78.43532,17.3303],[78.43496,17.3305],[78.43437,17.33104],[78.4338,17.33112],[78.43303,17.33153],[78.43185,17.33194],[78.43175,17.33203],[78.43179,17.33215],[78.43221,17.33237],[78.43269,17.33238],[78.43275,17.3326],[78.43267,17.33276],[78.43218,17.33326],[78.43188,17.33346],[78.43141,17.33406],[78.43079,17.33414],[78.43081,17.33482],[78.43029,17.33486],[78.4303,17.33516],[78.43008,17.3352],[78.43009,17.33548],[78.4293,17.33541],[78.42847,17.3367],[78.42785,17.33745],[78.42772,17.33755],[78.42739,17.33757],[78.42643,17.33747],[78.42609,17.33735],[78.42442,17.3404],[78.42378,17.34136],[78.42338,17.34172],[78.4227,17.34201],[78.41902,17.34277],[78.41783,17.34319],[78.41727,17.34359],[78.41638,17.34468],[78.4161,17.34508],[78.41588,17.3457],[78.41591,17.34628],[78.41691,17.34934],[78.41878,17.35103],[78.41955,17.35146],[78.42255,17.35222],[78.42426,17.3523],[78.42622,17.35236],[78.42675,17.35228],[78.42837,17.35183],[78.42899,17.35185],[78.43107,17.35253],[78.43155,17.35278],[78.43245,17.35365]]]}},{"type":"Feature","properties":{"ward_no":74,"ward":"Ahmed Nagar","circle":"12-MEDHDIPATNAM","zone":"KHAIRATHABAD ZONE"},"geometry":{"type":"Polygon","coordinates":[[[78.4273,17.40326],[78.42766,17.40549],[78.43127,17.40548],[78.4314,17.40554],[78.43124,17.40613],[78.4322,17.4064],[78.43219,17.40664],[78.43187,17.4068],[78.43188,17.407],[78.43213,17.40695],[78.43257,17.40704],[78.43291,17.40657],[78.43355,17.40619],[78.43407,17.40681],[78.43462,17.40635],[78.43474,17.40616],[78.43489,17.40548],[78.43523,17.40534],[78.43533,17.40482],[78.43766,17.40453],[78.4381,17.40429],[78.4384,17.40382],[78.43919,17.40367],[78.44001,17.40374],[78.44074,17.40406],[78.44101,17.40404],[78.44128,17.40429],[78.44288,17.40463],[78.44411,17.40538],[78.44485,17.40525],[78.44645,17.40547],[78.44813,17.40555],[78.44877,17.4058],[78.45009,17.40664],[78.45108,17.407],[78.45129,17.40718],[78.45163,17.40576],[78.45175,17.40466],[78.45192,17.4044],[78.45313,17.40332],[78.45322,17.40344],[78.45374,17.39992],[78.45434,17.39759],[78.45355,17.39749],[78.45069,17.39675],[78.45093,17.39745],[78.45095,17.39805],[78.44995,17.39882],[78.44711,17.39906],[78.44575,17.39874],[78.44412,17.39855],[78.44358,17.39827],[78.44342,17.39838],[78.43904,17.39904],[78.43708,17.39943],[78.43694,17.40039],[78.43635,17.40047],[78.43462,17.40106],[78.43178,17.40183],[78.43107,17.40229],[78.42945,17.40228],[78.42929,17.40233],[78.42862,17.40285],[78.42841,17.40318],[78.4273,17.40326]]]}},{"type":"Feature","properties":{"ward_no":92,"ward":"Venkateshwara Colony","circle":"18-JUBILEE HILLS","zone":"KHAIRATHABAD ZONE"},"geometry":{"type":"Polygon","coordinates":[[[78.43777,17.43017],[78.4445,17.4301],[78.44815,17.42966],[78.44913,17.42977],[78.45004,17.43002],[78.45036,17.42969],[78.45244,17.42682],[78.45219,17.42667],[78.45144,17.42656],[78.45019,17.42607],[78.4494,17.42588],[78.44894,17.42565],[78.44864,17.42531],[78.44819,17.42426],[78.44839,17.42371],[78.44948,17.42277],[78.44958,17.42244],[78.44945,17.42214],[78.44889,17.42144],[78.44851,17.42056],[78.44797,17.41995],[78.44787,17.41938],[78.44832,17.4185],[78.44898,17.41789],[78.44901,17.41726],[78.4489,17.41637],[78.4489,17.41601],[78.449,17.41577],[78.44982,17.41497],[78.44956,17.4148],[78.44929,17.41477],[78.44666,17.4149],[78.44612,17.41529],[78.44577,17.41543],[78.4436,17.41581],[78.44246,17.41589],[78.44221,17.41585],[78.44215,17.41439],[78.44195,17.4144],[78.44196,17.41377],[78.44057,17.41369],[78.43971,17.41386],[78.43929,17.41384],[78.43925,17.41341],[78.43829,17.41361],[78.43758,17.41362],[78.43668,17.41403],[78.4355,17.4141],[78.43036,17.41504],[78.42927,17.4151],[78.42897,17.41525],[78.42575,17.41586],[78.4253,17.41478],[78.42434,17.41432],[78.42376,17.41429],[78.42283,17.41453],[78.4218,17.41504],[78.42089,17.41639],[78.42044,17.41639],[78.41973,17.41608],[78.41936,17.41608],[78.41851,17.41634],[78.41798,17.41679],[78.41768,17.41693],[78.41472,17.41762],[78.41399,17.41786],[78.41285,17.41867],[78.41217,17.4199],[78.41077,17.42126],[78.41076,17.4215],[78.4113,17.42302],[78.41171,17.42326],[78.41306,17.42376],[78.41333,17.42421],[78.4145,17.42542],[78.41479,17.4259],[78.41542,17.42657],[78.41646,17.42654],[78.41764,17.42622],[78.42646,17.42303],[78.42685,17.42326],[78.4287,17.42398],[78.4335,17.42502],[78.43713,17.42602],[78.43772,17.4263],[78.43828,17.42635],[78.43876,17.42675],[78.43967,17.42709],[78.43963,17.42763],[78.43891,17.42792],[78.43792,17.42816],[78.43795,17.42852],[78.43655,17.42875],[78.43657,17.4302],[78.43777,17.43017]]]}},{"type":"Feature","properties":{"ward_no":89,"ward":"Gandhinagar","circle":"15-MUSHEERABAD","zone":"SECUNDERABAD ZONE"},"geometry":{"type":"Polygon","coordinates":[[[78.49325,17.40106],[78.49194,17.40273],[78.49112,17.40328],[78.49071,17.40341],[78.49024,17.40342],[78.48793,17.40321],[78.48787,17.40402],[78.48749,17.40451],[78.48718,17.40466],[78.48709,17.40479],[78.4872,17.40559],[78.48725,17.40557],[78.48747,17.40618],[78.48744,17.40633],[78.48822,17.40963],[78.48804,17.41095],[78.48788,17.41149],[78.48754,17.41201],[78.48758,17.413],[78.48766,17.413],[78.48774,17.41352],[78.48816,17.41385],[78.48825,17.4143],[78.48875,17.41508],[78.48874,17.4155],[78.48911,17.41553],[78.49306,17.41505],[78.49488,17.41494],[78.49474,17.41429],[78.49506,17.41433],[78.49601,17.41392],[78.49726,17.41407],[78.49767,17.41395],[78.49761,17.41318],[78.49786,17.41159],[78.49791,17.41057],[78.49767,17.40894],[78.49707,17.40762],[78.4966,17.40681],[78.4955,17.40404],[78.49508,17.40219],[78.49478,17.39964],[78.4947,17.39948],[78.49429,17.39915],[78.49359,17.40057],[78.49325,17.40106]]]}},{"type":"Feature","properties":{"ward_no":75,"ward":"Red Hills","circle":"12-MEDHDIPATNAM","zone":"KHAIRATHABAD ZONE"},"geometry":{"type":"Polygon","coordinates":[[[78.46793,17.40283],[78.46832,17.40232],[78.47011,17.40076],[78.47036,17.40036],[78.4707,17.39946],[78.47092,17.39742],[78.47113,17.39632],[78.47087,17.39554],[78.47038,17.39463],[78.47009,17.39217],[78.46883,17.39216],[78.46877,17.39175],[78.46787,17.39119],[78.46761,17.39082],[78.46629,17.39097],[78.46555,17.39139],[78.46432,17.39305],[78.46386,17.3935],[78.46319,17.39392],[78.46258,17.39423],[78.46045,17.39453],[78.45948,17.39478],[78.45934,17.39477],[78.45697,17.39315],[78.45613,17.39425],[78.45519,17.39355],[78.45407,17.39508],[78.4552,17.39535],[78.45627,17.39532],[78.45746,17.39515],[78.45658,17.39756],[78.45655,17.39824],[78.45668,17.39921],[78.45795,17.39948],[78.45823,17.39907],[78.45921,17.39927],[78.4587,17.40058],[78.45807,17.4018],[78.45768,17.40278],[78.4548,17.40429],[78.45446,17.4043],[78.45381,17.40402],[78.4533,17.40365],[78.45313,17.40332],[78.45192,17.4044],[78.45169,17.40489],[78.45163,17.40576],[78.45129,17.40718],[78.45161,17.40763],[78.45238,17.40836],[78.45306,17.40856],[78.45341,17.40881],[78.45401,17.40875],[78.45566,17.4099],[78.45633,17.41017],[78.4567,17.4102],[78.45716,17.41],[78.45727,17.40981],[78.45736,17.40723],[78.45757,17.40721],[78.4575,17.40491],[78.45827,17.40491],[78.45896,17.4046],[78.45915,17.40445],[78.4602,17.40298],[78.46142,17.40266],[78.46213,17.40277],[78.46278,17.40303],[78.46458,17.40434],[78.4652,17.40355],[78.46595,17.40298],[78.46627,17.40284],[78.4672,17.40269],[78.46793,17.40283]]]}},{"type":"Feature","properties":{"ward_no":79,"ward":"Himayatnagar","circle":"16-AMBERPET","zone":"SECUNDERABAD ZONE"},"geometry":{"type":"Polygon","coordinates":[[[78.49429,17.39915],[78.49229,17.39738],[78.49031,17.3954],[78.48962,17.39334],[78.48907,17.39078],[78.48805,17.39092],[78.48728,17.39087],[78.48586,17.39031],[78.4854,17.39029],[78.48445,17.39166],[78.48401,17.39297],[78.48354,17.3937],[78.48324,17.39382],[78.48273,17.3938],[78.48125,17.39353],[78.48014,17.39382],[78.47997,17.39536],[78.48001,17.39603],[78.47927,17.39732],[78.47884,17.3986],[78.47862,17.39898],[78.47802,17.39952],[78.47622,17.40051],[78.47582,17.40094],[78.47562,17.40105],[78.47612,17.40233],[78.47632,17.40388],[78.47679,17.40517],[78.47706,17.40618],[78.4771,17.40662],[78.47697,17.40699],[78.47773,17.40711],[78.47799,17.40704],[78.47931,17.40712],[78.48001,17.40629],[78.48018,17.40646],[78.48044,17.40652],[78.48177,17.40639],[78.48265,17.40595],[78.48378,17.40492],[78.48444,17.40464],[78.48477,17.40435],[78.48552,17.40416],[78.48706,17.40322],[78.48767,17.40318],[78.49024,17.40342],[78.49071,17.40341],[78.49112,17.40328],[78.49194,17.40273],[78.49294,17.4015],[78.49359,17.40057],[78.49429,17.39915]]]}},{"type":"Feature","properties":{"ward_no":88,"ward":"Bholakpur","circle":"15-MUSHEERABAD","zone":"SECUNDERABAD ZONE"},"geometry":{"type":"Polygon","coordinates":[[[78.50183,17.41465],[78.5011,17.41473],[78.50034,17.41493],[78.49951,17.41522],[78.49838,17.41575],[78.49767,17.41395],[78.49726,17.41407],[78.49601,17.41392],[78.49506,17.41433],[78.49474,17.41429],[78.49488,17.41494],[78.49306,17.41505],[78.48911,17.41553],[78.48875,17.41547],[78.48869,17.41599],[78.48876,17.41689],[78.48904,17.41742],[78.48906,17.41784],[78.48828,17.41975],[78.48749,17.42083],[78.48882,17.4217],[78.48977,17.42105],[78.49067,17.42094],[78.4913,17.42076],[78.49128,17.4206],[78.49209,17.42037],[78.49466,17.42336],[78.49534,17.42287],[78.49609,17.42217],[78.49637,17.42201],[78.5012,17.42045],[78.50156,17.41666],[78.50169,17.41629],[78.50183,17.41465]]]}},{"type":"Feature","properties":{"ward_no":86,"ward":"Musheerabad","circle":"15-MUSHEERABAD","zone":"SECUNDERABAD ZONE"},"geometry":{"type":"Polygon","coordinates":[[[78.50924,17.42009],[78.50966,17.41834],[78.50993,17.41776],[78.51009,17.41655],[78.5101,17.41557],[78.5104,17.41552],[78.51161,17.41503],[78.51226,17.41447],[78.51312,17.4129],[78.51273,17.41281],[78.5121,17.41241],[78.51174,17.41175],[78.51162,17.41115],[78.5085,17.41192],[78.50834,17.41135],[78.50777,17.4104],[78.50722,17.41094],[78.50677,17.41171],[78.50641,17.41258],[78.5055,17.41327],[78.50501,17.41396],[78.50463,17.41429],[78.50412,17.41448],[78.50183,17.41465],[78.50169,17.41629],[78.50156,17.41666],[78.5012,17.42045],[78.50233,17.42072],[78.50396,17.4202],[78.50546,17.41985],[78.50611,17.4201],[78.50721,17.42089],[78.50801,17.42115],[78.50886,17.42101],[78.50924,17.42009]]]}},{"type":"Feature","properties":{"ward_no":85,"ward":"Adikmet","circle":"15-MUSHEERABAD","zone":"SECUNDERABAD ZONE"},"geometry":{"type":"Polygon","coordinates":[[[78.51805,17.41052],[78.51761,17.40932],[78.51714,17.40859],[78.51422,17.40531],[78.51361,17.40552],[78.51325,17.40545],[78.51174,17.40449],[78.51095,17.40375],[78.50889,17.40144],[78.50807,17.40076],[78.50686,17.40002],[78.50631,17.39953],[78.50369,17.3991],[78.5017,17.39915],[78.50194,17.40008],[78.50274,17.39976],[78.50721,17.41096],[78.50777,17.4104],[78.50834,17.41135],[78.5085,17.41192],[78.51162,17.41115],[78.51174,17.41175],[78.5121,17.41241],[78.51273,17.41281],[78.51312,17.4129],[78.51357,17.41197],[78.51408,17.41165],[78.51396,17.41131],[78.5157,17.41095],[78.51582,17.41132],[78.51626,17.41128],[78.5166,17.4112],[78.5172,17.4109],[78.51736,17.41075],[78.51805,17.41052]]]}},{"type":"Feature","properties":{"ward_no":87,"ward":"Ramnagar","circle":"15-MUSHEERABAD","zone":"SECUNDERABAD ZONE"},"geometry":{"type":"Polygon","coordinates":[[[78.50183,17.41465],[78.50412,17.41448],[78.50463,17.41429],[78.50501,17.41396],[78.5055,17.41327],[78.50641,17.41258],[78.50677,17.41171],[78.50721,17.41096],[78.50274,17.39976],[78.50194,17.40008],[78.5017,17.39915],[78.5007,17.39891],[78.49995,17.39728],[78.49937,17.39653],[78.49867,17.39619],[78.49704,17.39614],[78.49665,17.3964],[78.49569,17.39727],[78.49437,17.39921],[78.49478,17.39964],[78.49508,17.40219],[78.4955,17.40404],[78.4966,17.40681],[78.49707,17.40762],[78.49767,17.40894],[78.49791,17.41062],[78.49785,17.41169],[78.49763,17.41293],[78.49765,17.41388],[78.49838,17.41575],[78.49951,17.41522],[78.50034,17.41493],[78.5011,17.41473],[78.50183,17.41465]]]}},{"type":"Feature","properties":{"ward_no":90,"ward":"Kavadiguda","circle":"15-MUSHEERABAD","zone":"SECUNDERABAD ZONE"},"geometry":{"type":"Polygon","coordinates":[[[78.49336,17.42182],[78.49209,17.42037],[78.49128,17.4206],[78.4913,17.42076],[78.49067,17.42094],[78.48977,17.42105],[78.48882,17.4217],[78.48749,17.42083],[78.48828,17.41975],[78.48906,17.41784],[78.48904,17.41742],[78.48876,17.41689],[78.48869,17.41599],[78.48875,17.41508],[78.48825,17.4143],[78.48816,17.41385],[78.48774,17.41352],[78.48766,17.413],[78.48758,17.413],[78.48754,17.41201],[78.48788,17.41149],[78.48804,17.41095],[78.48822,17.40963],[78.48744,17.40633],[78.48747,17.40618],[78.48725,17.40557],[78.4872,17.40559],[78.48709,17.40479],[78.48718,17.40466],[78.48749,17.40451],[78.48787,17.40402],[78.48793,17.40321],[78.48706,17.40322],[78.48552,17.40416],[78.48477,17.40435],[78.48444,17.40464],[78.48368,17.405],[78.48265,17.40595],[78.48177,17.40639],[78.48044,17.40652],[78.48018,17.40646],[78.48001,17.40629],[78.47931,17.40712],[78.47799,17.40704],[78.47773,17.40711],[78.47697,17.40699],[78.47686,17.40725],[78.47608,17.40825],[78.47545,17.40885],[78.47869,17.4137],[78.48579,17.42319],[78.48598,17.42378],[78.48627,17.42544],[78.48803,17.42517],[78.48954,17.42483],[78.49417,17.4236],[78.49466,17.42336],[78.49406,17.42274],[78.49336,17.42182]]]}},{"type":"Feature","properties":{"ward_no":93,"ward":"Banjara Hills","circle":"18-JUBILEE HILLS","zone":"KHAIRATHABAD ZONE"},"geometry":{"type":"Polygon","coordinates":[[[78.43381,17.41445],[78.4355,17.4141],[78.43668,17.41403],[78.43758,17.41362],[78.43829,17.41361],[78.43925,17.41341],[78.43929,17.41384],[78.43971,17.41386],[78.44057,17.41369],[78.44196,17.41377],[78.44195,17.4144],[78.44215,17.41439],[78.44221,17.41585],[78.44279,17.4159],[78.44582,17.41542],[78.44666,17.4149],[78.44929,17.41477],[78.44956,17.4148],[78.44982,17.41497],[78.45044,17.41449],[78.45062,17.41405],[78.45062,17.41383],[78.45026,17.41323],[78.45092,17.41291],[78.45132,17.41297],[78.45273,17.41267],[78.45294,17.41292],[78.45345,17.41325],[78.45388,17.4118],[78.45554,17.41172],[78.45628,17.41187],[78.45679,17.41227],[78.45927,17.41328],[78.45972,17.41357],[78.46004,17.41329],[78.46036,17.41281],[78.45856,17.41195],[78.45819,17.4115],[78.45767,17.4103],[78.45744,17.41005],[78.45716,17.41],[78.45656,17.41022],[78.45605,17.41009],[78.45519,17.40961],[78.45401,17.40875],[78.45341,17.40881],[78.45306,17.40856],[78.45238,17.40836],[78.45108,17.407],[78.45009,17.40664],[78.44877,17.4058],[78.44813,17.40555],[78.44762,17.40549],[78.44645,17.40547],[78.44485,17.40525],[78.44411,17.40538],[78.44288,17.40463],[78.44128,17.40429],[78.44101,17.40404],[78.44074,17.40406],[78.44025,17.40381],[78.43987,17.40371],[78.43903,17.40367],[78.43853,17.40375],[78.43828,17.40396],[78.4381,17.40429],[78.43766,17.40453],[78.43604,17.40469],[78.43564,17.40482],[78.43538,17.40479],[78.43523,17.40534],[78.43489,17.40548],[78.43474,17.40616],[78.43462,17.40635],[78.43407,17.40681],[78.43355,17.40619],[78.43291,17.40657],[78.43257,17.40704],[78.43213,17.40695],[78.43188,17.407],[78.43187,17.4068],[78.43219,17.40664],[78.4322,17.4064],[78.43124,17.40613],[78.4314,17.40554],[78.43127,17.40548],[78.4281,17.40548],[78.42766,17.40549],[78.42787,17.40682],[78.42675,17.40714],[78.426,17.4075],[78.42531,17.40766],[78.42341,17.40783],[78.42295,17.40774],[78.42271,17.40818],[78.42241,17.40804],[78.42162,17.40796],[78.42158,17.40769],[78.42231,17.4065],[78.4226,17.40628],[78.42226,17.4062],[78.42031,17.40724],[78.42019,17.40701],[78.41995,17.40716],[78.41974,17.40709],[78.4198,17.40753],[78.41963,17.40847],[78.4197,17.4086],[78.41952,17.40902],[78.42038,17.40968],[78.42051,17.40993],[78.42058,17.41033],[78.42059,17.41071],[78.4202,17.41171],[78.42033,17.41235],[78.42069,17.41267],[78.42145,17.41305],[78.42135,17.4134],[78.42131,17.41404],[78.42147,17.41462],[78.42175,17.41509],[78.42293,17.41449],[78.42376,17.41429],[78.42416,17.41428],[78.42486,17.41453],[78.42534,17.41481],[78.42575,17.41586],[78.42897,17.41525],[78.42927,17.4151],[78.43036,17.41504],[78.43381,17.41445]]]}},{"type":"Feature","properties":{"ward_no":91,"ward":"Khairtabad","circle":"17-KHAIRATABAD","zone":"KHAIRATHABAD ZONE"},"geometry":{"type":"Polygon","coordinates":[[[78.44806,17.41895],[78.44787,17.41938],[78.44797,17.41995],[78.44851,17.42056],[78.44889,17.42144],[78.44945,17.42214],[78.44958,17.42244],[78.44948,17.42277],[78.44866,17.42343],[78.44839,17.42371],[78.44822,17.42402],[78.44822,17.4244],[78.44864,17.42531],[78.44894,17.42565],[78.4494,17.42588],[78.45019,17.42607],[78.45144,17.42656],[78.45229,17.4267],[78.45264,17.42708],[78.45313,17.42814],[78.45345,17.42846],[78.45534,17.42893],[78.45688,17.42792],[78.45739,17.4273],[78.45747,17.42693],[78.45713,17.42608],[78.45716,17.42548],[78.45723,17.42507],[78.45749,17.42445],[78.45782,17.42409],[78.45884,17.42356],[78.4619,17.42291],[78.46243,17.42255],[78.46267,17.42225],[78.46265,17.42173],[78.46209,17.41976],[78.46536,17.41948],[78.4654,17.41991],[78.46497,17.42277],[78.46461,17.42331],[78.4642,17.42357],[78.4635,17.42388],[78.46311,17.42421],[78.46292,17.42449],[78.46212,17.42705],[78.46204,17.42856],[78.46235,17.42941],[78.46282,17.43025],[78.46627,17.43566],[78.46709,17.43658],[78.4682,17.43709],[78.47093,17.43757],[78.47259,17.43694],[78.47427,17.43575],[78.47304,17.4345],[78.47297,17.4342],[78.47305,17.43367],[78.47383,17.43291],[78.47377,17.43273],[78.4726,17.4312],[78.47273,17.43029],[78.47259,17.42997],[78.47261,17.4292],[78.47289,17.42889],[78.47307,17.42882],[78.47357,17.42867],[78.474,17.4287],[78.47653,17.42982],[78.47734,17.43028],[78.47731,17.43078],[78.47844,17.43159],[78.47858,17.43184],[78.47853,17.43224],[78.47789,17.43309],[78.47782,17.43343],[78.47807,17.4339],[78.47866,17.43454],[78.48322,17.43324],[78.48412,17.43286],[78.48546,17.43171],[78.48657,17.43063],[78.48678,17.43031],[78.48694,17.42985],[78.48691,17.42925],[78.48671,17.42854],[78.48653,17.42821],[78.4855,17.42748],[78.48489,17.42753],[78.48481,17.42766],[78.4845,17.42751],[78.48445,17.42696],[78.48417,17.42664],[78.48394,17.42653],[78.48387,17.42637],[78.4838,17.42638],[78.48385,17.42628],[78.48371,17.42622],[78.48431,17.42626],[78.48453,17.42589],[78.48453,17.42571],[78.48461,17.4257],[78.48462,17.42554],[78.48426,17.42513],[78.48422,17.42496],[78.48428,17.42481],[78.48434,17.42484],[78.48431,17.42506],[78.48454,17.42539],[78.48473,17.4255],[78.4851,17.4253],[78.48506,17.42517],[78.48515,17.42509],[78.48572,17.42504],[78.48595,17.42488],[78.48627,17.42544],[78.48598,17.42378],[78.48579,17.42319],[78.48551,17.42279],[78.47869,17.4137],[78.47536,17.40873],[78.47512,17.40853],[78.47428,17.40821],[78.47218,17.40787],[78.47035,17.40774],[78.46875,17.40786],[78.46852,17.40782],[78.46806,17.40754],[78.46772,17.40719],[78.46743,17.40671],[78.46724,17.4061],[78.46734,17.40522],[78.46793,17.40283],[78.4672,17.40269],[78.46627,17.40284],[78.46595,17.40298],[78.4652,17.40355],[78.46458,17.40434],[78.46277,17.40302],[78.46203,17.40274],[78.46142,17.40266],[78.4602,17.40298],[78.45915,17.40445],[78.45896,17.4046],[78.45827,17.40491],[78.4575,17.40491],[78.45757,17.40721],[78.45736,17.40723],[78.45733,17.40896],[78.45723,17.40939],[78.45727,17.40981],[78.45716,17.41],[78.45735,17.41001],[78.45756,17.41014],[78.45819,17.4115],[78.45856,17.41195],[78.46036,17.41281],[78.46004,17.41329],[78.45972,17.41357],[78.45927,17.41328],[78.45679,17.41227],[78.45632,17.41189],[78.45554,17.41172],[78.45388,17.4118],[78.45345,17.41325],[78.45294,17.41292],[78.45273,17.41267],[78.45132,17.41297],[78.45087,17.41293],[78.45026,17.41323],[78.45062,17.41383],[78.45062,17.41405],[78.45044,17.41449],[78.44971,17.41504],[78.449,17.41577],[78.4489,17.41601],[78.4489,17.41637],[78.44901,17.41726],[78.44898,17.41789],[78.44832,17.4185],[78.44806,17.41895]]]}},{"type":"Feature","properties":{"ward_no":103,"ward":"Borabanda","circle":"19-YOUSUFGUDA","zone":"SERILINGAMPALLY ZONE"},"geometry":{"type":"Polygon","coordinates":[[[78.41165,17.44622],[78.41153,17.44574],[78.41144,17.44575],[78.41143,17.44597],[78.41131,17.44603],[78.40987,17.44622],[78.40852,17.44629],[78.40565,17.44623],[78.40536,17.44692],[78.40509,17.44808],[78.40529,17.44814],[78.40538,17.44838],[78.40473,17.44841],[78.40396,17.44861],[78.40414,17.44902],[78.40484,17.45007],[78.40504,17.45059],[78.40535,17.45059],[78.40858,17.4531],[78.40933,17.45376],[78.4095,17.45425],[78.40983,17.45414],[78.41048,17.45577],[78.41131,17.45552],[78.41364,17.45514],[78.41547,17.45434],[78.41606,17.45417],[78.4167,17.45406],[78.41852,17.45396],[78.41844,17.45054],[78.41737,17.45094],[78.41737,17.45108],[78.41714,17.4511],[78.41713,17.45104],[78.41617,17.45134],[78.41534,17.44976],[78.41532,17.45013],[78.41372,17.4506],[78.41334,17.44958],[78.41323,17.44893],[78.41298,17.44886],[78.41245,17.44903],[78.41221,17.4485],[78.41207,17.44792],[78.41202,17.4476],[78.41218,17.44759],[78.41165,17.44622]]]}},{"type":"Feature","properties":{"ward_no":97,"ward":"Somajiguda","circle":"17-KHAIRATABAD","zone":"KHAIRATHABAD ZONE"},"geometry":{"type":"Polygon","coordinates":[[[78.44252,17.4399],[78.44316,17.43848],[78.44368,17.43708],[78.44453,17.43594],[78.44519,17.43465],[78.44579,17.43396],[78.44731,17.43446],[78.44769,17.4344],[78.44865,17.4345],[78.45138,17.43502],[78.45256,17.43609],[78.45396,17.43576],[78.45547,17.43515],[78.45544,17.4347],[78.45551,17.43435],[78.456,17.43277],[78.45925,17.4327],[78.46031,17.43226],[78.46026,17.43216],[78.46105,17.43192],[78.46321,17.43088],[78.46235,17.42941],[78.46211,17.42884],[78.46202,17.42835],[78.46212,17.42705],[78.46301,17.42434],[78.4635,17.42388],[78.4642,17.42357],[78.46461,17.42331],[78.46497,17.42277],[78.4654,17.41991],[78.46536,17.41948],[78.46209,17.41976],[78.46265,17.42173],[78.46267,17.42225],[78.46243,17.42255],[78.4619,17.42291],[78.45884,17.42356],[78.45782,17.42409],[78.45749,17.42445],[78.45723,17.42507],[78.45716,17.42548],[78.45713,17.42608],[78.45747,17.42693],[78.45739,17.4273],[78.45688,17.42792],[78.45534,17.42893],[78.45345,17.42846],[78.45313,17.42814],[78.45264,17.42708],[78.45242,17.42685],[78.45036,17.42969],[78.45004,17.43002],[78.44913,17.42977],[78.44815,17.42966],[78.44423,17.43011],[78.43465,17.43021],[78.43414,17.43013],[78.43343,17.42971],[78.43302,17.42958],[78.43183,17.42969],[78.43189,17.43076],[78.43231,17.432],[78.4333,17.43392],[78.43447,17.43521],[78.43472,17.43544],[78.43615,17.43421],[78.4366,17.43401],[78.43734,17.43379],[78.43857,17.43362],[78.43866,17.43377],[78.43876,17.43377],[78.43882,17.43395],[78.43893,17.43392],[78.43897,17.434],[78.43957,17.4364],[78.43973,17.43647],[78.44002,17.43739],[78.44031,17.43779],[78.44051,17.43885],[78.44084,17.43987],[78.44227,17.43982],[78.44252,17.4399]]]}},{"type":"Feature","properties":{"ward_no":98,"ward":"Ameerpet","circle":"17-KHAIRATABAD","zone":"KHAIRATHABAD ZONE"},"geometry":{"type":"Polygon","coordinates":[[[78.4514,17.44906],[78.4519,17.44669],[78.45414,17.44145],[78.45457,17.44074],[78.45529,17.43994],[78.45607,17.43935],[78.45744,17.43869],[78.46054,17.43812],[78.46115,17.43791],[78.46285,17.43706],[78.46327,17.43671],[78.4638,17.4361],[78.46418,17.43542],[78.46444,17.43437],[78.46433,17.43267],[78.46321,17.43088],[78.46105,17.43192],[78.46026,17.43216],[78.46031,17.43226],[78.45925,17.4327],[78.456,17.43277],[78.45551,17.43435],[78.45544,17.4347],[78.45547,17.43515],[78.45396,17.43576],[78.45256,17.43609],[78.45138,17.43502],[78.44865,17.4345],[78.44769,17.4344],[78.44731,17.43446],[78.44579,17.43396],[78.44519,17.43465],[78.44453,17.43594],[78.44368,17.43708],[78.44217,17.44089],[78.44107,17.44266],[78.44026,17.44418],[78.43929,17.44569],[78.43831,17.4475],[78.43999,17.44761],[78.44125,17.44732],[78.44158,17.44716],[78.44216,17.44666],[78.44219,17.44672],[78.44251,17.4466],[78.44393,17.44564],[78.44674,17.4454],[78.44709,17.44687],[78.44716,17.44754],[78.44759,17.44901],[78.44959,17.44837],[78.45023,17.45022],[78.45124,17.44998],[78.4514,17.44906]]]}},{"type":"Feature","properties":{"ward_no":101,"ward":"Erragadda","circle":"19-YOUSUFGUDA","zone":"SERILINGAMPALLY ZONE"},"geometry":{"type":"Polygon","coordinates":[[[78.41933,17.45394],[78.42144,17.454],[78.42337,17.45432],[78.42317,17.45193],[78.42435,17.45175],[78.4243,17.45063],[78.42501,17.45051],[78.42558,17.45051],[78.42638,17.45028],[78.42659,17.45288],[78.42483,17.45304],[78.42504,17.45449],[78.42457,17.45451],[78.42477,17.4553],[78.42503,17.45586],[78.42605,17.45541],[78.42642,17.45709],[78.42687,17.45695],[78.42695,17.45709],[78.42755,17.45933],[78.4279,17.45937],[78.42811,17.45979],[78.42839,17.45985],[78.4281,17.46202],[78.42917,17.46215],[78.43133,17.46196],[78.43356,17.45721],[78.43496,17.45394],[78.43691,17.45021],[78.43753,17.44887],[78.43831,17.4475],[78.43798,17.44797],[78.43761,17.44797],[78.43265,17.44907],[78.43037,17.44946],[78.4304,17.44952],[78.43018,17.44977],[78.43007,17.4498],[78.42785,17.44992],[78.42751,17.44996],[78.42745,17.45005],[78.42631,17.45006],[78.42691,17.4494],[78.42752,17.44681],[78.42722,17.44675],[78.42486,17.44677],[78.4247,17.44784],[78.42316,17.44789],[78.42296,17.4493],[78.42152,17.44924],[78.4208,17.44957],[78.4201,17.45029],[78.41979,17.45047],[78.41844,17.45056],[78.41852,17.45396],[78.41933,17.45394]]]}},{"type":"Feature","properties":{"ward_no":100,"ward":"Sanath Nagar","circle":"17-KHAIRATABAD","zone":"KHAIRATHABAD ZONE"},"geometry":{"type":"Polygon","coordinates":[[[78.43529,17.45332],[78.43133,17.46196],[78.44017,17.46131],[78.44562,17.46099],[78.44671,17.46083],[78.4478,17.46041],[78.44831,17.46006],[78.44912,17.45922],[78.44952,17.45853],[78.44982,17.45763],[78.45124,17.44998],[78.45023,17.45022],[78.44959,17.44837],[78.44759,17.44901],[78.44716,17.44754],[78.44709,17.44687],[78.44674,17.4454],[78.44393,17.44564],[78.44251,17.4466],[78.44219,17.44672],[78.44216,17.44666],[78.44158,17.44716],[78.44125,17.44732],[78.43999,17.44761],[78.43831,17.4475],[78.43753,17.44887],[78.43691,17.45021],[78.43529,17.45332]]]}},{"type":"Feature","properties":{"ward_no":99,"ward":"Vengalrao Nagar","circle":"19-YOUSUFGUDA","zone":"SERILINGAMPALLY ZONE"},"geometry":{"type":"Polygon","coordinates":[[[78.43828,17.44749],[78.43966,17.44507],[78.44039,17.44397],[78.44107,17.44266],[78.44217,17.44089],[78.44257,17.43992],[78.44227,17.43982],[78.44084,17.43987],[78.44051,17.43885],[78.44031,17.43779],[78.44002,17.43739],[78.43977,17.4366],[78.43957,17.43646],[78.43828,17.43613],[78.43775,17.43609],[78.43676,17.43615],[78.43488,17.43643],[78.43366,17.4365],[78.4334,17.4364],[78.43277,17.43656],[78.43221,17.43628],[78.43213,17.43605],[78.43186,17.4357],[78.43169,17.43582],[78.43133,17.43581],[78.42887,17.43662],[78.42804,17.43681],[78.42823,17.43738],[78.42651,17.43818],[78.4264,17.43838],[78.42605,17.4386],[78.4236,17.43946],[78.42411,17.43994],[78.42451,17.44327],[78.42347,17.44618],[78.42333,17.44676],[78.42435,17.44648],[78.42432,17.44675],[78.42722,17.44675],[78.42752,17.44681],[78.42691,17.4494],[78.42631,17.45006],[78.42745,17.45005],[78.42751,17.44996],[78.42785,17.44992],[78.43007,17.4498],[78.43018,17.44977],[78.4304,17.44952],[78.43037,17.44946],[78.43265,17.44907],[78.43761,17.44797],[78.43798,17.44797],[78.43828,17.44749]]]}},{"type":"Feature","properties":{"ward_no":102,"ward":"Rahamath Nagar","circle":"19-YOUSUFGUDA","zone":"SERILINGAMPALLY ZONE"},"geometry":{"type":"Polygon","coordinates":[[[78.41695,17.4511],[78.41713,17.45104],[78.41714,17.4511],[78.41737,17.45108],[78.41737,17.45094],[78.41834,17.45055],[78.41977,17.45048],[78.4201,17.45029],[78.4208,17.44957],[78.42152,17.44924],[78.42296,17.4493],[78.42316,17.44789],[78.4247,17.44784],[78.42486,17.44673],[78.42432,17.44675],[78.42435,17.44648],[78.42333,17.44676],[78.42347,17.44618],[78.42451,17.44323],[78.42411,17.43994],[78.42311,17.43888],[78.42194,17.43926],[78.42045,17.43988],[78.41962,17.44048],[78.41915,17.44098],[78.4176,17.44411],[78.41686,17.44537],[78.41647,17.44571],[78.41629,17.44551],[78.41557,17.44565],[78.41357,17.44565],[78.41248,17.44574],[78.41165,17.44614],[78.41219,17.44761],[78.41202,17.4476],[78.41224,17.44858],[78.41245,17.44903],[78.41298,17.44886],[78.41323,17.44893],[78.41334,17.44958],[78.41372,17.4506],[78.41532,17.45013],[78.41534,17.44976],[78.41614,17.45133],[78.41695,17.4511]]]}},{"type":"Feature","properties":{"ward_no":6,"ward":"Nacharam","circle":"1-KAPRA","zone":"L.B.NAGAR ZONE"},"geometry":{"type":"Polygon","coordinates":[[[78.56967,17.42803],[78.56821,17.42771],[78.5681,17.42804],[78.56612,17.42735],[78.56587,17.42722],[78.56606,17.42675],[78.56599,17.42661],[78.56193,17.42506],[78.56186,17.42501],[78.56255,17.42396],[78.56162,17.42345],[78.56158,17.42336],[78.5611,17.42353],[78.55978,17.42299],[78.55894,17.42312],[78.5585,17.42242],[78.55834,17.42189],[78.55859,17.42172],[78.55817,17.42089],[78.55799,17.42029],[78.55773,17.42036],[78.55299,17.41832],[78.55109,17.41774],[78.55014,17.41679],[78.54913,17.41601],[78.5488,17.4156],[78.5465,17.4168],[78.54533,17.4157],[78.54166,17.41892],[78.54117,17.41943],[78.53991,17.42105],[78.53807,17.42244],[78.53659,17.42409],[78.53579,17.42472],[78.53904,17.42594],[78.54082,17.42423],[78.54188,17.42522],[78.54214,17.42559],[78.54242,17.42547],[78.543,17.42654],[78.544,17.42771],[78.5442,17.42784],[78.54494,17.42777],[78.54516,17.42834],[78.54488,17.42843],[78.54519,17.4291],[78.54576,17.43131],[78.54587,17.43268],[78.547,17.43225],[78.54711,17.43258],[78.54708,17.43316],[78.54698,17.43335],[78.54707,17.4343],[78.5473,17.43451],[78.54756,17.43452],[78.54764,17.43466],[78.54814,17.43456],[78.54872,17.43557],[78.54964,17.4354],[78.5515,17.43443],[78.55208,17.43429],[78.55214,17.4347],[78.55263,17.43571],[78.55263,17.43588],[78.55333,17.4359],[78.55468,17.43544],[78.55495,17.43622],[78.55521,17.4366],[78.556,17.43728],[78.56222,17.43992],[78.56575,17.44192],[78.56595,17.44151],[78.56597,17.44068],[78.56617,17.44068],[78.5665,17.43934],[78.56722,17.4356],[78.56766,17.43413],[78.56777,17.43391],[78.56855,17.43421],[78.569,17.43147],[78.56967,17.42803]]]}},{"type":"Feature","properties":{"ward_no":84,"ward":"Bagh Amberpet","circle":"16-AMBERPET","zone":"SECUNDERABAD ZONE"},"geometry":{"type":"Polygon","coordinates":[[[78.52778,17.3969],[78.52904,17.39627],[78.52901,17.39619],[78.52341,17.394],[78.52159,17.39317],[78.52045,17.39274],[78.51947,17.39248],[78.51627,17.3921],[78.51096,17.39124],[78.51084,17.39201],[78.51084,17.39398],[78.51087,17.39456],[78.51101,17.39502],[78.51551,17.40535],[78.5162,17.40563],[78.522,17.40332],[78.52178,17.40166],[78.52286,17.40118],[78.52244,17.4004],[78.52155,17.39928],[78.52149,17.399],[78.5211,17.39824],[78.52119,17.39806],[78.52237,17.39776],[78.52242,17.39785],[78.52265,17.3978],[78.52264,17.39766],[78.52409,17.39727],[78.52421,17.39749],[78.52459,17.39736],[78.52462,17.39665],[78.52479,17.39644],[78.52482,17.39613],[78.52542,17.39592],[78.52578,17.39664],[78.52631,17.39636],[78.52668,17.3972],[78.52778,17.3969]]]}},{"type":"Feature","properties":{"ward_no":81,"ward":"Nallakunta","circle":"16-AMBERPET","zone":"SECUNDERABAD ZONE"},"geometry":{"type":"Polygon","coordinates":[[[78.51551,17.40535],[78.51098,17.39494],[78.51086,17.39439],[78.51083,17.39262],[78.51086,17.39183],[78.51096,17.39124],[78.50864,17.39094],[78.50636,17.39054],[78.50472,17.38959],[78.5044,17.38995],[78.5043,17.39017],[78.50431,17.39062],[78.50469,17.3911],[78.50483,17.39144],[78.50469,17.39321],[78.50444,17.39384],[78.50431,17.39397],[78.504,17.39418],[78.50312,17.3932],[78.50207,17.39409],[78.50169,17.39364],[78.50118,17.3932],[78.49841,17.3947],[78.49639,17.39633],[78.4965,17.39653],[78.49704,17.39614],[78.49834,17.39615],[78.4988,17.39622],[78.49925,17.39645],[78.49955,17.39668],[78.49991,17.3972],[78.50059,17.39876],[78.50081,17.39896],[78.50187,17.39916],[78.50319,17.39908],[78.50388,17.39911],[78.50624,17.39949],[78.50686,17.40002],[78.50807,17.40076],[78.50866,17.40123],[78.51145,17.40425],[78.51305,17.40536],[78.51358,17.40552],[78.51422,17.40531],[78.515,17.40619],[78.51617,17.40561],[78.51551,17.40535]]]}},{"type":"Feature","properties":{"ward_no":80,"ward":"Kachiguda(Barkathpura)","circle":"16-AMBERPET","zone":"SECUNDERABAD ZONE"},"geometry":{"type":"Polygon","coordinates":[[[78.49648,17.39654],[78.49639,17.39633],[78.49841,17.3947],[78.50118,17.3932],[78.50208,17.39409],[78.50312,17.3932],[78.49655,17.38612],[78.49531,17.38447],[78.4951,17.38406],[78.49418,17.38414],[78.49371,17.38425],[78.49359,17.38393],[78.49331,17.3821],[78.49316,17.38182],[78.49253,17.38122],[78.49166,17.38091],[78.49165,17.38141],[78.49186,17.38281],[78.49172,17.38428],[78.49181,17.38473],[78.4909,17.38495],[78.49068,17.38449],[78.4898,17.38457],[78.48999,17.38603],[78.48943,17.387],[78.4892,17.38777],[78.48937,17.38781],[78.48942,17.38808],[78.48957,17.38833],[78.48897,17.38847],[78.48906,17.38892],[78.489,17.38898],[78.4892,17.38948],[78.48898,17.38956],[78.48906,17.38971],[78.48857,17.38992],[78.48894,17.39076],[78.48907,17.39078],[78.48915,17.39104],[78.48977,17.39387],[78.49038,17.39551],[78.49229,17.39738],[78.49429,17.39915],[78.49581,17.39712],[78.49648,17.39654]]]}},{"type":"Feature","properties":{"ward_no":82,"ward":"Golnaka","circle":"16-AMBERPET","zone":"SECUNDERABAD ZONE"},"geometry":{"type":"Polygon","coordinates":[[[78.50461,17.3897],[78.50472,17.38959],[78.50606,17.39041],[78.5067,17.39061],[78.51627,17.3921],[78.51662,17.38646],[78.51672,17.38598],[78.51827,17.38217],[78.51829,17.38177],[78.51818,17.38145],[78.51687,17.37983],[78.51539,17.3811],[78.51228,17.38475],[78.51181,17.38516],[78.51123,17.38551],[78.51053,17.38574],[78.5094,17.38586],[78.50797,17.38585],[78.50385,17.38609],[78.50317,17.38602],[78.50233,17.38577],[78.50121,17.38531],[78.49983,17.38459],[78.49857,17.38347],[78.49532,17.38095],[78.49474,17.38068],[78.49313,17.38014],[78.49179,17.38007],[78.49166,17.38091],[78.49253,17.38122],[78.49297,17.38158],[78.49331,17.3821],[78.49359,17.38393],[78.49371,17.38425],[78.49418,17.38414],[78.4951,17.38406],[78.49531,17.38447],[78.49655,17.38612],[78.504,17.39418],[78.50444,17.39384],[78.50469,17.39321],[78.50483,17.39144],[78.50469,17.3911],[78.50431,17.39062],[78.5043,17.39049],[78.5043,17.39017],[78.50461,17.3897]]]}},{"type":"Feature","properties":{"ward_no":83,"ward":"Amberpet","circle":"16-AMBERPET","zone":"SECUNDERABAD ZONE"},"geometry":{"type":"Polygon","coordinates":[[[78.52649,17.38052],[78.52512,17.37691],[78.5217,17.37743],[78.51913,17.37835],[78.51687,17.37983],[78.51818,17.38145],[78.5183,17.38201],[78.51667,17.38617],[78.51654,17.38724],[78.51627,17.3921],[78.51947,17.39248],[78.52033,17.39271],[78.52152,17.39314],[78.52341,17.394],[78.52848,17.39597],[78.52852,17.3957],[78.52836,17.39561],[78.52815,17.39518],[78.52795,17.3951],[78.52795,17.3942],[78.52782,17.39281],[78.52759,17.39267],[78.52747,17.39214],[78.52744,17.39149],[78.52776,17.39149],[78.52776,17.38994],[78.52695,17.38651],[78.52721,17.38648],[78.52707,17.38621],[78.5269,17.38477],[78.52727,17.38467],[78.52719,17.38407],[78.52749,17.38393],[78.52742,17.38378],[78.52802,17.38355],[78.52795,17.38325],[78.52825,17.38216],[78.52827,17.38159],[78.52802,17.38034],[78.52795,17.38026],[78.5273,17.3804],[78.52658,17.38074],[78.52649,17.38052]]]}},{"type":"Feature","properties":{"ward_no":51,"ward":"Gosha Mahal","circle":"14-GOSHAMAHAL","zone":"KHAIRATHABAD ZONE"},"geometry":{"type":"Polygon","coordinates":[[[78.47188,17.38026],[78.47137,17.37736],[78.47112,17.37714],[78.47009,17.37662],[78.46964,17.37599],[78.46886,17.37613],[78.46877,17.37627],[78.46783,17.37641],[78.46774,17.3763],[78.46734,17.37646],[78.46664,17.37649],[78.46514,17.37676],[78.46459,17.37712],[78.46397,17.37729],[78.46351,17.3773],[78.46328,17.37681],[78.46309,17.37603],[78.46276,17.37515],[78.4623,17.37069],[78.46332,17.37094],[78.46504,17.37101],[78.46892,17.37141],[78.4689,17.36973],[78.46794,17.36958],[78.4656,17.36965],[78.46375,17.36904],[78.46237,17.36845],[78.45908,17.36767],[78.45837,17.36742],[78.45785,17.36868],[78.45786,17.3688],[78.45845,17.3692],[78.4586,17.37125],[78.45899,17.37244],[78.45977,17.37385],[78.46003,17.37452],[78.46075,17.37799],[78.46109,17.37914],[78.46139,17.38114],[78.46174,17.38238],[78.46463,17.38266],[78.46586,17.38303],[78.46718,17.38284],[78.4676,17.38216],[78.46757,17.38176],[78.46762,17.38167],[78.46821,17.38143],[78.46823,17.38148],[78.46846,17.38132],[78.46975,17.38106],[78.46972,17.38065],[78.47005,17.38064],[78.47188,17.38026]]]}},{"type":"Feature","properties":{"ward_no":68,"ward":"Tolichowki","circle":"13-KARWAN","zone":"KHAIRATHABAD ZONE"},"geometry":{"type":"Polygon","coordinates":[[[78.41425,17.3986],[78.41495,17.39858],[78.41546,17.39868],[78.41573,17.39893],[78.41695,17.39851],[78.41849,17.39842],[78.4191,17.39804],[78.41871,17.39614],[78.41862,17.39601],[78.41744,17.397],[78.41732,17.39504],[78.41645,17.39503],[78.41574,17.39512],[78.41503,17.39503],[78.41457,17.3948],[78.41448,17.39463],[78.41466,17.39362],[78.41452,17.39358],[78.41452,17.39338],[78.41472,17.39285],[78.4151,17.39221],[78.41529,17.39196],[78.41597,17.39188],[78.41599,17.39172],[78.41637,17.39171],[78.41638,17.39163],[78.41632,17.39146],[78.41604,17.39124],[78.4155,17.39114],[78.41395,17.39126],[78.41398,17.39114],[78.41481,17.39062],[78.41502,17.39074],[78.4162,17.39043],[78.4165,17.39059],[78.41639,17.39045],[78.41561,17.38777],[78.41516,17.3866],[78.41293,17.38597],[78.41175,17.38508],[78.41149,17.38506],[78.41013,17.38688],[78.40992,17.38692],[78.40949,17.38776],[78.40893,17.38838],[78.40849,17.38867],[78.4074,17.38878],[78.4071,17.38889],[78.40527,17.39002],[78.40416,17.39017],[78.40347,17.39039],[78.40329,17.3895],[78.40331,17.38926],[78.40387,17.38908],[78.40367,17.38817],[78.40519,17.38786],[78.40502,17.38721],[78.40301,17.38744],[78.40289,17.38623],[78.40232,17.38631],[78.40229,17.38648],[78.40212,17.38661],[78.40213,17.38675],[78.40203,17.38692],[78.40153,17.38714],[78.40181,17.38762],[78.40112,17.38794],[78.40058,17.38833],[78.40043,17.38849],[78.40039,17.3887],[78.39931,17.38898],[78.39914,17.38822],[78.39905,17.38813],[78.39907,17.38821],[78.39898,17.38824],[78.39878,17.38784],[78.39768,17.38817],[78.39736,17.3882],[78.39718,17.38816],[78.3969,17.38795],[78.39634,17.38786],[78.39592,17.38818],[78.39598,17.3888],[78.39615,17.3894],[78.39607,17.38957],[78.3961,17.38978],[78.39625,17.3901],[78.39672,17.39037],[78.39749,17.39108],[78.39801,17.39107],[78.40014,17.39181],[78.39983,17.39203],[78.39979,17.39225],[78.39986,17.39227],[78.40014,17.39387],[78.40055,17.39732],[78.40308,17.39741],[78.40492,17.39785],[78.4054,17.39801],[78.40648,17.39893],[78.40709,17.3993],[78.40792,17.39956],[78.40863,17.39946],[78.40981,17.39903],[78.41091,17.39875],[78.41425,17.3986]]]}},{"type":"Feature","properties":{"ward_no":67,"ward":"Golconda","circle":"13-KARWAN","zone":"KHAIRATHABAD ZONE"},"geometry":{"type":"Polygon","coordinates":[[[78.41848,17.39612],[78.41862,17.39601],[78.41872,17.39618],[78.41887,17.3961],[78.41897,17.39593],[78.41941,17.39561],[78.4199,17.39504],[78.41995,17.39487],[78.4199,17.39465],[78.41947,17.39469],[78.41923,17.39373],[78.41916,17.39259],[78.41845,17.39246],[78.41827,17.39158],[78.42139,17.39151],[78.42258,17.39185],[78.42294,17.39188],[78.42265,17.38769],[78.42513,17.38699],[78.42495,17.38577],[78.42502,17.38554],[78.42483,17.38522],[78.42485,17.38499],[78.42472,17.38492],[78.42462,17.38332],[78.42474,17.38249],[78.42534,17.38239],[78.42543,17.3822],[78.42551,17.3787],[78.42583,17.3773],[78.4207,17.3782],[78.41788,17.37854],[78.4159,17.37938],[78.41437,17.37925],[78.41308,17.37927],[78.41289,17.37918],[78.41275,17.37928],[78.41244,17.37926],[78.41215,17.37949],[78.41212,17.37941],[78.41039,17.38019],[78.40853,17.3813],[78.40553,17.38283],[78.40343,17.3838],[78.40326,17.38453],[78.40237,17.38522],[78.40137,17.38633],[78.40099,17.38699],[78.39986,17.38778],[78.39905,17.38813],[78.39914,17.38822],[78.39931,17.38898],[78.40039,17.3887],[78.40043,17.38849],[78.40058,17.38833],[78.40112,17.38794],[78.40181,17.38762],[78.40153,17.38714],[78.40203,17.38692],[78.40213,17.38675],[78.40212,17.38661],[78.40229,17.38648],[78.40232,17.38631],[78.40289,17.38623],[78.40301,17.38744],[78.40502,17.38721],[78.40519,17.38786],[78.40367,17.38817],[78.40387,17.38908],[78.40331,17.38926],[78.40329,17.3895],[78.40347,17.39039],[78.40416,17.39017],[78.40497,17.39009],[78.40527,17.39002],[78.4071,17.38889],[78.4074,17.38878],[78.40849,17.38867],[78.40893,17.38838],[78.40949,17.38776],[78.40992,17.38692],[78.41013,17.38688],[78.41149,17.38506],[78.41175,17.38508],[78.41293,17.38597],[78.41516,17.3866],[78.41561,17.38777],[78.41639,17.39045],[78.4165,17.39059],[78.4162,17.39043],[78.41502,17.39074],[78.41481,17.39062],[78.41398,17.39114],[78.41395,17.39126],[78.4155,17.39114],[78.41604,17.39124],[78.41632,17.39146],[78.41638,17.39163],[78.41637,17.39171],[78.41599,17.39172],[78.41597,17.39188],[78.41529,17.39196],[78.41472,17.39285],[78.41452,17.39338],[78.41452,17.39358],[78.41466,17.39362],[78.41449,17.39441],[78.41448,17.39463],[78.41457,17.3948],[78.41503,17.39503],[78.41574,17.39512],[78.41645,17.39503],[78.41732,17.39504],[78.41744,17.397],[78.41848,17.39612]]]}},{"type":"Feature","properties":{"ward_no":77,"ward":"Jambagh(Nampally)","circle":"14-GOSHAMAHAL","zone":"KHAIRATHABAD ZONE"},"geometry":{"type":"Polygon","coordinates":[[[78.47009,17.39217],[78.4701,17.39121],[78.47385,17.38876],[78.47434,17.38858],[78.47637,17.38857],[78.47625,17.38982],[78.48036,17.38982],[78.48073,17.38797],[78.48041,17.38707],[78.4801,17.38647],[78.47967,17.38609],[78.4795,17.38582],[78.48438,17.38498],[78.48321,17.38355],[78.47926,17.37939],[78.47885,17.37939],[78.47849,17.37951],[78.47809,17.37979],[78.47764,17.37998],[78.47732,17.37992],[78.47665,17.37946],[78.47632,17.37969],[78.47606,17.37976],[78.47431,17.37983],[78.47206,17.38036],[78.47188,17.38026],[78.47005,17.38064],[78.46972,17.38065],[78.46975,17.38106],[78.46846,17.38132],[78.46823,17.38148],[78.46821,17.38143],[78.4676,17.38168],[78.4676,17.38216],[78.46718,17.38284],[78.46586,17.38303],[78.46463,17.38266],[78.46338,17.38254],[78.4634,17.38434],[78.46347,17.3844],[78.46328,17.38467],[78.46339,17.38504],[78.46275,17.38554],[78.46214,17.38635],[78.46172,17.38713],[78.46156,17.38763],[78.46153,17.38842],[78.46184,17.38884],[78.46193,17.38943],[78.46281,17.38935],[78.46366,17.39042],[78.46439,17.39116],[78.46554,17.3914],[78.46603,17.39106],[78.46629,17.39097],[78.46761,17.39082],[78.46787,17.39119],[78.46877,17.39175],[78.46883,17.39216],[78.47009,17.39217]]]}},{"type":"Feature","properties":{"ward_no":63,"ward":"Mangalhat","circle":"14-GOSHAMAHAL","zone":"KHAIRATHABAD ZONE"},"geometry":{"type":"Polygon","coordinates":[[[78.46328,17.38467],[78.46347,17.3844],[78.4634,17.38434],[78.46338,17.38254],[78.46174,17.38238],[78.46139,17.38114],[78.46109,17.37914],[78.46075,17.37799],[78.46003,17.37452],[78.45977,17.37385],[78.45899,17.37244],[78.4586,17.37125],[78.45845,17.3692],[78.45786,17.3688],[78.45785,17.36868],[78.45729,17.36864],[78.45672,17.36876],[78.45541,17.36923],[78.45341,17.36927],[78.4531,17.36973],[78.45358,17.37055],[78.4534,17.37055],[78.45337,17.37093],[78.45252,17.371],[78.45241,17.37109],[78.45236,17.37127],[78.45255,17.37132],[78.45256,17.37153],[78.45248,17.37155],[78.45247,17.37169],[78.45347,17.37156],[78.45351,17.37182],[78.45337,17.37273],[78.4536,17.37274],[78.45462,17.3725],[78.45485,17.37317],[78.45455,17.37324],[78.45462,17.37476],[78.45457,17.37524],[78.45533,17.37532],[78.45645,17.37529],[78.45661,17.37611],[78.45703,17.37719],[78.45593,17.3774],[78.45392,17.37757],[78.454,17.37822],[78.45391,17.37824],[78.45411,17.37929],[78.45379,17.37938],[78.45374,17.37954],[78.45365,17.37947],[78.4535,17.37908],[78.45268,17.37922],[78.45276,17.37948],[78.45302,17.37962],[78.45309,17.37985],[78.45304,17.37995],[78.45362,17.38011],[78.45357,17.38043],[78.4527,17.38052],[78.45274,17.38096],[78.45367,17.38152],[78.45383,17.38178],[78.45434,17.382],[78.45454,17.38287],[78.45457,17.38365],[78.45496,17.3842],[78.45495,17.38444],[78.45584,17.38478],[78.45619,17.38568],[78.45858,17.38466],[78.45953,17.38378],[78.45987,17.38392],[78.46003,17.3841],[78.46036,17.38409],[78.46057,17.3843],[78.46103,17.38428],[78.4612,17.38438],[78.46209,17.38424],[78.46257,17.38405],[78.46291,17.38443],[78.46328,17.38467]]]}},{"type":"Feature","properties":{"ward_no":71,"ward":"Gudimalkapur","circle":"12-MEDHDIPATNAM","zone":"KHAIRATHABAD ZONE"},"geometry":{"type":"Polygon","coordinates":[[[78.42676,17.39305],[78.42951,17.39325],[78.42937,17.39378],[78.42938,17.39407],[78.43115,17.39388],[78.43116,17.39339],[78.43101,17.39318],[78.43096,17.39227],[78.4307,17.39123],[78.43153,17.39106],[78.43236,17.39103],[78.43367,17.3907],[78.43412,17.39071],[78.43422,17.39081],[78.43458,17.39082],[78.43501,17.3907],[78.43556,17.3902],[78.43605,17.38959],[78.43613,17.38927],[78.43652,17.38947],[78.43645,17.38891],[78.43664,17.38884],[78.43647,17.38807],[78.43647,17.38742],[78.43521,17.38728],[78.43535,17.38573],[78.43535,17.3854],[78.43518,17.38531],[78.43528,17.38426],[78.43634,17.38416],[78.43634,17.3841],[78.43662,17.38397],[78.43809,17.38344],[78.4385,17.38319],[78.43858,17.38293],[78.44015,17.38297],[78.44115,17.38292],[78.4412,17.38326],[78.44204,17.38333],[78.4427,17.38298],[78.44319,17.38291],[78.44279,17.38086],[78.44302,17.38082],[78.44304,17.38034],[78.44408,17.38032],[78.44769,17.37983],[78.44761,17.37923],[78.44783,17.37761],[78.44608,17.37783],[78.44595,17.37763],[78.44558,17.37773],[78.44549,17.37809],[78.44515,17.37823],[78.44505,17.37782],[78.4448,17.37757],[78.44478,17.37724],[78.44362,17.37744],[78.44262,17.37751],[78.44248,17.37747],[78.4426,17.37723],[78.44237,17.37717],[78.44174,17.3773],[78.44159,17.37697],[78.44151,17.37701],[78.44119,17.37618],[78.44103,17.37622],[78.44073,17.37572],[78.44062,17.37597],[78.44069,17.3761],[78.43977,17.37636],[78.43979,17.3768],[78.43972,17.37682],[78.43938,17.37764],[78.439,17.37762],[78.43875,17.37735],[78.43867,17.37708],[78.43858,17.37709],[78.43839,17.37655],[78.43855,17.3765],[78.43849,17.37627],[78.4379,17.37638],[78.43794,17.3766],[78.43677,17.37676],[78.43706,17.37737],[78.43507,17.37782],[78.4356,17.37972],[78.43609,17.37938],[78.43678,17.37907],[78.43784,17.37865],[78.4379,17.3787],[78.43789,17.37937],[78.43747,17.38105],[78.43685,17.38217],[78.43641,17.38264],[78.43592,17.38263],[78.43454,17.38324],[78.43427,17.38313],[78.43387,17.38313],[78.43256,17.38284],[78.43119,17.38243],[78.4304,17.38263],[78.42947,17.38274],[78.42945,17.38101],[78.42759,17.38022],[78.42673,17.38005],[78.42551,17.38],[78.42543,17.3822],[78.42534,17.38239],[78.42474,17.38249],[78.42462,17.38332],[78.42472,17.38492],[78.42485,17.38499],[78.42483,17.38522],[78.42502,17.38554],[78.42495,17.38577],[78.42513,17.38699],[78.42613,17.38671],[78.42762,17.38606],[78.42796,17.38571],[78.4281,17.38566],[78.42952,17.38555],[78.42963,17.38766],[78.42854,17.38865],[78.42682,17.3913],[78.42665,17.392],[78.42676,17.39305]]]}},{"type":"Feature","properties":{"ward_no":70,"ward":"Mehdipatnam","circle":"12-MEDHDIPATNAM","zone":"KHAIRATHABAD ZONE"},"geometry":{"type":"Polygon","coordinates":[[[78.43301,17.39546],[78.43344,17.39529],[78.43556,17.39509],[78.43909,17.39479],[78.43995,17.39485],[78.44006,17.39464],[78.44041,17.39438],[78.44448,17.39346],[78.44563,17.39299],[78.44575,17.39285],[78.44733,17.39211],[78.44746,17.39045],[78.44622,17.3904],[78.44617,17.38986],[78.44625,17.38871],[78.44671,17.38872],[78.44679,17.38838],[78.44583,17.38834],[78.44598,17.38719],[78.44554,17.3872],[78.44539,17.38732],[78.44478,17.38737],[78.44362,17.38727],[78.44147,17.38694],[78.44074,17.38675],[78.43991,17.38668],[78.43989,17.38674],[78.43891,17.38654],[78.43861,17.38634],[78.43853,17.38765],[78.43845,17.38786],[78.43856,17.38826],[78.43818,17.38843],[78.4386,17.38856],[78.43877,17.38908],[78.43898,17.38938],[78.43868,17.38933],[78.43835,17.38942],[78.43775,17.38855],[78.43645,17.38891],[78.43652,17.38947],[78.43613,17.38927],[78.43605,17.38959],[78.43556,17.3902],[78.43501,17.3907],[78.43458,17.39082],[78.43422,17.39081],[78.43412,17.39071],[78.43367,17.3907],[78.43236,17.39103],[78.43153,17.39106],[78.4307,17.39123],[78.43096,17.39227],[78.43101,17.39318],[78.43116,17.39339],[78.43115,17.39388],[78.42938,17.39407],[78.42937,17.39378],[78.42951,17.39325],[78.42676,17.39305],[78.42727,17.39489],[78.42775,17.39611],[78.43227,17.39582],[78.43301,17.39546]]]}},{"type":"Feature","properties":{"ward_no":76,"ward":"Mallepally","circle":"12-MEDHDIPATNAM","zone":"KHAIRATHABAD ZONE"},"geometry":{"type":"Polygon","coordinates":[[[78.46555,17.39139],[78.46435,17.39113],[78.46366,17.39042],[78.46281,17.38935],[78.46193,17.38943],[78.46184,17.38884],[78.46151,17.38834],[78.46156,17.38763],[78.46172,17.38713],[78.46214,17.38635],[78.46275,17.38554],[78.46339,17.38504],[78.46328,17.38467],[78.46291,17.38443],[78.46257,17.38405],[78.46209,17.38424],[78.4612,17.38438],[78.46103,17.38428],[78.46057,17.3843],[78.46036,17.38409],[78.46003,17.3841],[78.45987,17.38392],[78.45953,17.38378],[78.45858,17.38466],[78.45619,17.38568],[78.45584,17.38478],[78.45576,17.38478],[78.45502,17.38563],[78.45382,17.38601],[78.45408,17.38654],[78.45368,17.38669],[78.45308,17.38725],[78.45315,17.38733],[78.45312,17.38749],[78.45303,17.38753],[78.45311,17.38854],[78.45343,17.3885],[78.45349,17.38905],[78.45525,17.38911],[78.4553,17.39162],[78.45557,17.39215],[78.45598,17.39247],[78.45519,17.39355],[78.45613,17.39425],[78.45697,17.39315],[78.45934,17.39477],[78.46045,17.39453],[78.46258,17.39423],[78.46386,17.3935],[78.46432,17.39305],[78.46555,17.39139]]]}},{"type":"Feature","properties":{"ward_no":62,"ward":"Ziaguda","circle":"13-KARWAN","zone":"KHAIRATHABAD ZONE"},"geometry":{"type":"Polygon","coordinates":[[[78.45837,17.36742],[78.458,17.36727],[78.45739,17.36687],[78.45612,17.36517],[78.45565,17.36412],[78.45516,17.36274],[78.45466,17.36211],[78.45407,17.36157],[78.45315,17.36082],[78.45142,17.36003],[78.45089,17.35987],[78.44977,17.3598],[78.44932,17.35987],[78.44895,17.35998],[78.44796,17.36069],[78.4469,17.36213],[78.44412,17.36557],[78.4423,17.36751],[78.4397,17.37049],[78.44095,17.37043],[78.44104,17.37057],[78.44127,17.37052],[78.4416,17.37028],[78.44219,17.37021],[78.44079,17.37138],[78.44023,17.37174],[78.4404,17.37213],[78.44068,17.37327],[78.44066,17.3734],[78.44159,17.37332],[78.44155,17.37317],[78.44292,17.37285],[78.44289,17.37272],[78.44363,17.37263],[78.44438,17.37274],[78.44427,17.37243],[78.44507,17.37232],[78.44507,17.37222],[78.44521,17.37224],[78.44524,17.37235],[78.44561,17.37236],[78.4457,17.37299],[78.44579,17.37298],[78.44656,17.37241],[78.44671,17.37238],[78.44672,17.3723],[78.44698,17.37224],[78.4468,17.37103],[78.44661,17.37094],[78.44653,17.37068],[78.44637,17.37077],[78.44589,17.37084],[78.44587,17.37046],[78.44607,17.37036],[78.44617,17.37021],[78.44601,17.37011],[78.4455,17.37008],[78.44544,17.36952],[78.44638,17.36988],[78.44819,17.36991],[78.4486,17.36986],[78.44869,17.37015],[78.44933,17.37112],[78.45011,17.37046],[78.45068,17.36973],[78.45141,17.36961],[78.45191,17.3694],[78.45342,17.36922],[78.45541,17.36923],[78.45672,17.36876],[78.45729,17.36864],[78.45785,17.36868],[78.45837,17.36742]]]}},{"type":"Feature","properties":{"ward_no":72,"ward":"Asif Nagar","circle":"12-MEDHDIPATNAM","zone":"KHAIRATHABAD ZONE"},"geometry":{"type":"Polygon","coordinates":[[[78.45222,17.38078],[78.45121,17.38047],[78.45043,17.38039],[78.45047,17.38072],[78.44959,17.38087],[78.44971,17.38178],[78.44866,17.38189],[78.4484,17.38063],[78.44816,17.37994],[78.44776,17.38006],[78.44769,17.37983],[78.44408,17.38032],[78.44304,17.38034],[78.44302,17.38082],[78.44279,17.38086],[78.44319,17.38291],[78.4427,17.38298],[78.44204,17.38333],[78.4412,17.38326],[78.44115,17.38292],[78.44015,17.38297],[78.43858,17.38293],[78.4385,17.38319],[78.43809,17.38344],[78.43662,17.38397],[78.43634,17.3841],[78.43634,17.38416],[78.43528,17.38426],[78.43518,17.38531],[78.43535,17.3854],[78.43535,17.38573],[78.43521,17.38728],[78.43647,17.38742],[78.43647,17.38807],[78.43664,17.38884],[78.43775,17.38855],[78.43835,17.38942],[78.43868,17.38933],[78.43898,17.38938],[78.43877,17.38908],[78.4386,17.38856],[78.43818,17.38843],[78.43856,17.38826],[78.43845,17.38786],[78.43853,17.38765],[78.43861,17.38634],[78.43891,17.38654],[78.43989,17.38674],[78.43991,17.38668],[78.44074,17.38675],[78.44243,17.3871],[78.44435,17.38735],[78.44539,17.38732],[78.44567,17.38719],[78.44858,17.38734],[78.44967,17.38731],[78.4496,17.38689],[78.45215,17.3864],[78.45382,17.38601],[78.45502,17.38563],[78.45577,17.3848],[78.45495,17.38444],[78.45496,17.3842],[78.45457,17.38365],[78.45454,17.38287],[78.45434,17.382],[78.45383,17.38178],[78.45367,17.38152],[78.45348,17.38146],[78.45321,17.38123],[78.4527,17.38094],[78.45222,17.38078]]]}},{"type":"Feature","properties":{"ward_no":73,"ward":"Vijayanagar Colony","circle":"12-MEDHDIPATNAM","zone":"KHAIRATHABAD ZONE"},"geometry":{"type":"Polygon","coordinates":[[[78.44022,17.39494],[78.44232,17.39599],[78.44271,17.39647],[78.44308,17.39766],[78.44331,17.39805],[78.44412,17.39855],[78.44575,17.39874],[78.44711,17.39906],[78.44995,17.39882],[78.45095,17.39805],[78.45093,17.39745],[78.45069,17.39675],[78.45355,17.39749],[78.45434,17.39759],[78.45374,17.39992],[78.45322,17.40344],[78.4533,17.40365],[78.45381,17.40402],[78.45446,17.4043],[78.45506,17.4042],[78.45768,17.40278],[78.45807,17.4018],[78.4587,17.40058],[78.45921,17.39927],[78.45823,17.39907],[78.45795,17.39948],[78.45668,17.39921],[78.45655,17.39824],[78.45658,17.39756],[78.45746,17.39515],[78.45627,17.39532],[78.4552,17.39535],[78.45407,17.39508],[78.45598,17.39247],[78.45557,17.39215],[78.4553,17.39162],[78.45525,17.38911],[78.45349,17.38905],[78.45343,17.3885],[78.45311,17.38854],[78.45303,17.38753],[78.45312,17.38749],[78.45315,17.38733],[78.45308,17.38725],[78.45368,17.38669],[78.45408,17.38654],[78.45382,17.38601],[78.4496,17.38689],[78.44967,17.38731],[78.44858,17.38734],[78.44598,17.3872],[78.44583,17.38834],[78.44679,17.38838],[78.44671,17.38872],[78.44625,17.38871],[78.44617,17.38986],[78.44622,17.3904],[78.44746,17.39045],[78.44733,17.39211],[78.44575,17.39285],[78.44563,17.39299],[78.44448,17.39346],[78.44041,17.39438],[78.44006,17.39464],[78.43995,17.39485],[78.44022,17.39494]]]}},{"type":"Feature","properties":{"ward_no":5,"ward":"Mallapur","circle":"1-KAPRA","zone":"L.B.NAGAR ZONE"},"geometry":{"type":"Polygon","coordinates":[[[78.56967,17.42803],[78.569,17.43147],[78.56855,17.43421],[78.56777,17.43391],[78.56766,17.43413],[78.56722,17.4356],[78.5665,17.43934],[78.56617,17.44068],[78.56597,17.44068],[78.56595,17.44151],[78.56575,17.44192],[78.56222,17.43992],[78.556,17.43728],[78.55521,17.4366],[78.55495,17.43622],[78.55468,17.43544],[78.55333,17.4359],[78.55263,17.43588],[78.55263,17.43571],[78.55214,17.4347],[78.55208,17.43429],[78.5515,17.43443],[78.54964,17.4354],[78.54872,17.43557],[78.54865,17.43757],[78.54898,17.43894],[78.54967,17.43848],[78.55085,17.44004],[78.55143,17.43975],[78.55249,17.43951],[78.55313,17.43928],[78.55421,17.43863],[78.55471,17.43896],[78.55539,17.43915],[78.55618,17.44027],[78.55726,17.43962],[78.55734,17.43991],[78.55525,17.44127],[78.55449,17.44162],[78.55279,17.44201],[78.55283,17.44221],[78.55363,17.44319],[78.55481,17.44404],[78.55635,17.44481],[78.55829,17.44551],[78.55824,17.44609],[78.55736,17.44751],[78.56261,17.45043],[78.56376,17.45085],[78.56518,17.45093],[78.5666,17.45085],[78.56853,17.44935],[78.56838,17.44904],[78.56913,17.44888],[78.5689,17.44775],[78.56843,17.44671],[78.5691,17.44711],[78.5699,17.44734],[78.57176,17.44713],[78.57427,17.4466],[78.57462,17.44661],[78.57492,17.44688],[78.57545,17.44839],[78.57563,17.44844],[78.57714,17.44821],[78.57807,17.44851],[78.57926,17.44874],[78.57993,17.44916],[78.581,17.45005],[78.58121,17.45031],[78.58134,17.45063],[78.58161,17.45289],[78.58141,17.45529],[78.58117,17.45556],[78.57974,17.45571],[78.57961,17.45578],[78.57953,17.45599],[78.57953,17.45663],[78.5789,17.45712],[78.57899,17.4586],[78.57873,17.45947],[78.57714,17.46207],[78.57974,17.46249],[78.58019,17.46304],[78.58394,17.46266],[78.5837,17.46026],[78.5836,17.45989],[78.58392,17.46008],[78.59064,17.4594],[78.59009,17.45465],[78.59036,17.4546],[78.59042,17.45446],[78.58928,17.45385],[78.59084,17.45073],[78.58989,17.45022],[78.59084,17.44948],[78.59545,17.44625],[78.59367,17.4454],[78.58367,17.4399],[78.57989,17.43556],[78.57877,17.4345],[78.5772,17.43374],[78.57756,17.43328],[78.57838,17.43192],[78.5771,17.43047],[78.57685,17.43054],[78.57636,17.4309],[78.57437,17.42858],[78.56967,17.42803]]]}},{"type":"Feature","properties":{"ward_no":3,"ward":"Cherlapally","circle":"1-KAPRA","zone":"L.B.NAGAR ZONE"},"geometry":{"type":"Polygon","coordinates":[[[78.58741,17.49266],[78.58843,17.49271],[78.58845,17.4924],[78.5882,17.49234],[78.58832,17.49055],[78.58829,17.48884],[78.58842,17.48857],[78.58771,17.48824],[78.58871,17.48602],[78.58877,17.48566],[78.58875,17.48339],[78.58853,17.48286],[78.58889,17.48269],[78.58871,17.48223],[78.5893,17.48102],[78.59001,17.48086],[78.59029,17.48035],[78.58982,17.48014],[78.59239,17.47911],[78.59391,17.47835],[78.59471,17.47878],[78.59477,17.47867],[78.59515,17.47886],[78.598,17.47971],[78.59891,17.47947],[78.59901,17.47967],[78.60005,17.47932],[78.60093,17.47878],[78.60368,17.47762],[78.60459,17.47968],[78.61102,17.47928],[78.61096,17.47848],[78.61577,17.47855],[78.61875,17.47787],[78.61839,17.47532],[78.61818,17.47523],[78.61775,17.47442],[78.61664,17.47207],[78.61649,17.47165],[78.61597,17.46801],[78.61511,17.46645],[78.61552,17.46547],[78.61615,17.46448],[78.61679,17.46435],[78.61606,17.46154],[78.61553,17.46158],[78.61487,17.45991],[78.61382,17.46023],[78.61329,17.46028],[78.61233,17.45975],[78.61267,17.45811],[78.61238,17.45578],[78.61136,17.45585],[78.61084,17.44987],[78.60877,17.44662],[78.59539,17.44625],[78.58989,17.45022],[78.59084,17.45073],[78.58928,17.45385],[78.59042,17.45446],[78.59036,17.4546],[78.59009,17.45465],[78.59064,17.4594],[78.58392,17.46008],[78.5836,17.45989],[78.5837,17.46026],[78.58394,17.46266],[78.58019,17.46304],[78.57974,17.46249],[78.57714,17.46207],[78.57039,17.47303],[78.57083,17.47339],[78.57084,17.47352],[78.56917,17.47398],[78.56882,17.47419],[78.56851,17.4745],[78.56868,17.47496],[78.56927,17.47493],[78.57056,17.47461],[78.57049,17.47728],[78.5734,17.47746],[78.57379,17.47822],[78.57207,17.47895],[78.57206,17.47905],[78.5712,17.479],[78.57118,17.47981],[78.57059,17.47978],[78.57055,17.48083],[78.57132,17.4809],[78.57128,17.48101],[78.57101,17.48111],[78.57125,17.48249],[78.571,17.48254],[78.57123,17.48383],[78.5713,17.48388],[78.57165,17.4855],[78.57411,17.48454],[78.5741,17.485],[78.57473,17.48552],[78.57502,17.48547],[78.5753,17.48653],[78.57495,17.48662],[78.57469,17.48766],[78.57482,17.48809],[78.57693,17.48761],[78.57718,17.48855],[78.57697,17.48857],[78.57708,17.48896],[78.57728,17.48891],[78.57749,17.48958],[78.57872,17.4891],[78.57942,17.489],[78.57968,17.48903],[78.58188,17.4885],[78.5822,17.48841],[78.58262,17.48814],[78.58301,17.48962],[78.58345,17.48951],[78.58373,17.48963],[78.58477,17.48974],[78.58495,17.49221],[78.58536,17.4927],[78.58739,17.4928],[78.58741,17.49266]]]}},{"type":"Feature","properties":{"ward_no":96,"ward":"Yousufguda","circle":"19-YOUSUFGUDA","zone":"SERILINGAMPALLY ZONE"},"geometry":{"type":"Polygon","coordinates":[[[78.41428,17.44336],[78.41312,17.4445],[78.41229,17.44548],[78.41197,17.44565],[78.41209,17.44596],[78.41248,17.44574],[78.41357,17.44565],[78.41557,17.44565],[78.41629,17.44551],[78.41647,17.44571],[78.41686,17.44537],[78.4176,17.44411],[78.41915,17.44098],[78.41962,17.44048],[78.42045,17.43988],[78.42299,17.4389],[78.42311,17.43888],[78.4236,17.43946],[78.42605,17.4386],[78.4264,17.43838],[78.42651,17.43818],[78.42823,17.43738],[78.42804,17.43681],[78.42887,17.43662],[78.43133,17.43581],[78.43169,17.43582],[78.43186,17.4357],[78.43213,17.43605],[78.43221,17.43628],[78.43276,17.43656],[78.4334,17.4364],[78.43366,17.4365],[78.43488,17.43643],[78.43693,17.43613],[78.43797,17.43609],[78.43921,17.43634],[78.43977,17.4366],[78.43973,17.43647],[78.43957,17.4364],[78.43897,17.434],[78.43893,17.43392],[78.43882,17.43395],[78.43876,17.43377],[78.43866,17.43377],[78.43857,17.43362],[78.43728,17.43381],[78.4366,17.43401],[78.43615,17.43421],[78.43472,17.43544],[78.43362,17.43432],[78.43311,17.43361],[78.43216,17.43159],[78.43189,17.43076],[78.43183,17.42969],[78.4263,17.42979],[78.42544,17.4299],[78.42524,17.42995],[78.42534,17.43018],[78.42209,17.43139],[78.42166,17.43121],[78.42108,17.4313],[78.4208,17.43065],[78.42031,17.43043],[78.42017,17.43045],[78.41973,17.43084],[78.42046,17.43138],[78.42047,17.43166],[78.42026,17.43176],[78.41897,17.43183],[78.41741,17.43253],[78.41702,17.43323],[78.4163,17.43402],[78.41539,17.43438],[78.41573,17.43563],[78.41526,17.43573],[78.41529,17.43614],[78.4154,17.43615],[78.41603,17.43811],[78.41472,17.43862],[78.41567,17.44111],[78.41508,17.4414],[78.41516,17.44159],[78.41491,17.4417],[78.41509,17.44206],[78.41494,17.44214],[78.41502,17.44253],[78.4147,17.44269],[78.41482,17.44302],[78.41428,17.44336]]]}},{"type":"Feature","properties":{"ward_no":95,"ward":"Jubilee Hills","circle":"18-JUBILEE HILLS","zone":"KHAIRATHABAD ZONE"},"geometry":{"type":"Polygon","coordinates":[[[78.40926,17.44626],[78.41131,17.44603],[78.41143,17.44597],[78.41144,17.44575],[78.41153,17.44574],[78.41165,17.44614],[78.41209,17.44596],[78.41197,17.44565],[78.41229,17.44548],[78.41312,17.4445],[78.41428,17.44336],[78.41482,17.44302],[78.4147,17.44269],[78.41502,17.44253],[78.41494,17.44214],[78.41509,17.44206],[78.41491,17.4417],[78.41516,17.44159],[78.41508,17.4414],[78.41567,17.44111],[78.41472,17.43862],[78.41603,17.43811],[78.4154,17.43615],[78.41529,17.43614],[78.41526,17.43573],[78.41573,17.43563],[78.41539,17.43438],[78.4163,17.43402],[78.41702,17.43323],[78.41741,17.43253],[78.41897,17.43183],[78.42026,17.43176],[78.42047,17.43166],[78.42046,17.43138],[78.41973,17.43084],[78.42008,17.4305],[78.42031,17.43043],[78.4208,17.43065],[78.42108,17.4313],[78.42166,17.43121],[78.42209,17.43139],[78.42534,17.43018],[78.42524,17.42995],[78.42617,17.4298],[78.43086,17.42974],[78.43302,17.42958],[78.43343,17.42971],[78.43428,17.43017],[78.43657,17.4302],[78.43655,17.42875],[78.43795,17.42852],[78.43792,17.42816],[78.43891,17.42792],[78.43963,17.42763],[78.43967,17.42709],[78.43876,17.42675],[78.43828,17.42635],[78.43772,17.4263],[78.43713,17.42602],[78.4335,17.42502],[78.4287,17.42398],[78.42685,17.42326],[78.42646,17.42303],[78.41764,17.42622],[78.41646,17.42654],[78.41542,17.42657],[78.41479,17.4259],[78.4145,17.42542],[78.41333,17.42421],[78.41306,17.42376],[78.41171,17.42326],[78.4113,17.42302],[78.41076,17.4215],[78.41077,17.42126],[78.41217,17.4199],[78.41251,17.41919],[78.4126,17.41921],[78.41276,17.4188],[78.41293,17.41861],[78.41418,17.41777],[78.41768,17.41693],[78.41798,17.41679],[78.41851,17.41634],[78.41914,17.41612],[78.41965,17.41606],[78.42044,17.41639],[78.42089,17.41639],[78.42175,17.41509],[78.42147,17.41462],[78.42131,17.41404],[78.42135,17.4134],[78.42145,17.41305],[78.42069,17.41267],[78.42033,17.41235],[78.4202,17.41171],[78.42059,17.41071],[78.42058,17.41033],[78.42051,17.40993],[78.42038,17.40968],[78.41952,17.40902],[78.4197,17.4086],[78.41963,17.40847],[78.4198,17.40753],[78.41972,17.40701],[78.41909,17.40708],[78.41719,17.40758],[78.41712,17.40741],[78.41624,17.40739],[78.41572,17.40725],[78.414,17.40727],[78.41405,17.40769],[78.41337,17.4077],[78.41354,17.40849],[78.41253,17.40874],[78.41124,17.40878],[78.41016,17.40892],[78.40927,17.4091],[78.40705,17.40973],[78.40678,17.40974],[78.40672,17.40967],[78.40553,17.41065],[78.40429,17.41097],[78.40383,17.41102],[78.4034,17.41097],[78.40339,17.41107],[78.40324,17.4112],[78.40118,17.41193],[78.40172,17.41325],[78.4012,17.41348],[78.40105,17.41342],[78.40055,17.41368],[78.40008,17.41377],[78.39995,17.41387],[78.39998,17.41418],[78.39952,17.41418],[78.39951,17.41375],[78.399,17.41379],[78.39886,17.41402],[78.39881,17.41461],[78.39827,17.41662],[78.39769,17.41749],[78.39824,17.41792],[78.39874,17.41844],[78.39821,17.41991],[78.39843,17.42066],[78.39833,17.42089],[78.39805,17.42098],[78.39808,17.42227],[78.39788,17.423],[78.39773,17.42314],[78.39792,17.42365],[78.3976,17.42488],[78.39722,17.42568],[78.39636,17.42623],[78.39468,17.42682],[78.3946,17.42695],[78.39469,17.42699],[78.39485,17.42739],[78.39481,17.42785],[78.3943,17.42826],[78.39466,17.42918],[78.3935,17.4297],[78.39329,17.42992],[78.39326,17.43014],[78.39337,17.4304],[78.39362,17.43049],[78.39446,17.43055],[78.39575,17.43048],[78.39848,17.43107],[78.39861,17.43175],[78.39855,17.43216],[78.39889,17.43284],[78.3984,17.43321],[78.3972,17.43384],[78.39791,17.43455],[78.39829,17.43479],[78.39779,17.43556],[78.39717,17.43622],[78.39515,17.43713],[78.39622,17.43937],[78.39649,17.43912],[78.39692,17.4389],[78.39838,17.43843],[78.39867,17.43841],[78.39926,17.43883],[78.39894,17.43919],[78.4008,17.44046],[78.40286,17.44161],[78.40361,17.44159],[78.40525,17.44206],[78.40665,17.44229],[78.4067,17.44244],[78.40647,17.44398],[78.40565,17.44623],[78.40926,17.44626]]]}},{"type":"Feature","properties":{"ward_no":50,"ward":"Begum Bazar","circle":"14-GOSHAMAHAL","zone":"KHAIRATHABAD ZONE"},"geometry":{"type":"Polygon","coordinates":[[[78.47654,17.3795],[78.47665,17.37946],[78.47732,17.37992],[78.47764,17.37998],[78.47809,17.37979],[78.47849,17.37951],[78.47885,17.37939],[78.47926,17.37939],[78.48006,17.38019],[78.48296,17.37858],[78.48202,17.3773],[78.48144,17.37622],[78.4807,17.37411],[78.47991,17.37312],[78.47885,17.37253],[78.47655,17.37155],[78.47417,17.37074],[78.4689,17.36973],[78.46892,17.37141],[78.46504,17.37101],[78.46332,17.37094],[78.4623,17.37069],[78.46271,17.3749],[78.46328,17.37681],[78.46351,17.3773],[78.46397,17.37729],[78.46459,17.37712],[78.46514,17.37676],[78.46664,17.37649],[78.46734,17.37646],[78.46774,17.3763],[78.46783,17.37641],[78.46877,17.37627],[78.46886,17.37613],[78.46964,17.37599],[78.47009,17.37662],[78.47112,17.37714],[78.47137,17.37736],[78.47177,17.37985],[78.47188,17.38026],[78.47206,17.38036],[78.47431,17.37983],[78.47606,17.37976],[78.47632,17.37969],[78.47654,17.3795]]]}},{"type":"Feature","properties":{"ward_no":78,"ward":"Gunfoundry(Abids)","circle":"14-GOSHAMAHAL","zone":"KHAIRATHABAD ZONE"},"geometry":{"type":"Polygon","coordinates":[[[78.47608,17.40825],[78.47686,17.40725],[78.4771,17.40662],[78.47709,17.40638],[78.47679,17.40517],[78.47632,17.40388],[78.47612,17.40233],[78.47562,17.40105],[78.47582,17.40094],[78.47622,17.40051],[78.47802,17.39952],[78.47862,17.39898],[78.47884,17.3986],[78.47927,17.39732],[78.48001,17.39603],[78.47997,17.39536],[78.48014,17.39382],[78.48125,17.39353],[78.48273,17.3938],[78.48324,17.39382],[78.48354,17.3937],[78.48401,17.39297],[78.48445,17.39166],[78.4854,17.39029],[78.48586,17.39031],[78.48728,17.39087],[78.48805,17.39092],[78.48894,17.39076],[78.48857,17.38992],[78.48906,17.38971],[78.48898,17.38956],[78.4892,17.38948],[78.489,17.38898],[78.48906,17.38892],[78.48897,17.38847],[78.48957,17.38833],[78.48942,17.38808],[78.48937,17.38781],[78.4892,17.38777],[78.48943,17.387],[78.48999,17.38603],[78.4898,17.38457],[78.49068,17.38449],[78.4909,17.38495],[78.49181,17.38473],[78.49172,17.38428],[78.49186,17.38281],[78.49165,17.38141],[78.49179,17.38007],[78.4885,17.38001],[78.48609,17.38024],[78.48477,17.38011],[78.48398,17.37986],[78.48296,17.37858],[78.48006,17.38019],[78.48126,17.38155],[78.48321,17.38355],[78.48438,17.38498],[78.4795,17.38582],[78.47967,17.38609],[78.4801,17.38647],[78.48041,17.38707],[78.48073,17.38797],[78.48036,17.38982],[78.47625,17.38982],[78.47637,17.38857],[78.47441,17.38857],[78.47396,17.3887],[78.4701,17.39121],[78.47009,17.39217],[78.47038,17.39463],[78.47087,17.39554],[78.47113,17.39632],[78.47092,17.39742],[78.4707,17.39946],[78.47036,17.40036],[78.47011,17.40076],[78.46832,17.40232],[78.46793,17.40283],[78.46734,17.40522],[78.46724,17.4061],[78.46733,17.40646],[78.46772,17.40719],[78.46806,17.40754],[78.46852,17.40782],[78.46875,17.40786],[78.47035,17.40774],[78.47218,17.40787],[78.47468,17.40832],[78.47512,17.40853],[78.47545,17.40885],[78.47608,17.40825]]]}},{"type":"Feature","properties":{"ward_no":65,"ward":"Karwan","circle":"13-KARWAN","zone":"KHAIRATHABAD ZONE"},"geometry":{"type":"Polygon","coordinates":[[[78.43531,17.38292],[78.43592,17.38263],[78.43641,17.38264],[78.43685,17.38217],[78.43747,17.38105],[78.43767,17.38044],[78.43789,17.37937],[78.43791,17.37878],[78.43784,17.37865],[78.43737,17.37882],[78.43609,17.37938],[78.4356,17.37972],[78.43507,17.37782],[78.43706,17.37737],[78.43677,17.37676],[78.43794,17.3766],[78.4379,17.37638],[78.43849,17.37627],[78.43855,17.3765],[78.43839,17.37655],[78.43858,17.37709],[78.43867,17.37708],[78.43875,17.37735],[78.439,17.37762],[78.43938,17.37764],[78.43972,17.37682],[78.43979,17.3768],[78.43977,17.37636],[78.44069,17.3761],[78.44062,17.37597],[78.44073,17.37572],[78.44103,17.37622],[78.44119,17.37618],[78.44151,17.37701],[78.44159,17.37697],[78.44174,17.3773],[78.44237,17.37717],[78.4426,17.37723],[78.44248,17.37747],[78.44262,17.37751],[78.44362,17.37744],[78.44478,17.37724],[78.4448,17.37757],[78.44505,17.37782],[78.44515,17.37823],[78.44549,17.37809],[78.44558,17.37773],[78.44595,17.37763],[78.44608,17.37783],[78.44782,17.37762],[78.44821,17.37476],[78.44801,17.37354],[78.44966,17.37256],[78.45058,17.37216],[78.45247,17.37169],[78.45248,17.37155],[78.45256,17.37153],[78.45255,17.37132],[78.45236,17.37127],[78.45241,17.37109],[78.45252,17.371],[78.45337,17.37093],[78.4534,17.37055],[78.45358,17.37055],[78.4531,17.36973],[78.4534,17.36937],[78.45342,17.36922],[78.45191,17.3694],[78.45141,17.36961],[78.45068,17.36973],[78.45011,17.37046],[78.44933,17.37112],[78.44869,17.37015],[78.4486,17.36986],[78.44819,17.36991],[78.44638,17.36988],[78.44544,17.36952],[78.4455,17.37008],[78.44601,17.37011],[78.44617,17.37021],[78.44607,17.37036],[78.44587,17.37046],[78.44589,17.37084],[78.44637,17.37077],[78.44653,17.37068],[78.44661,17.37094],[78.4468,17.37103],[78.44698,17.37224],[78.44672,17.3723],[78.44671,17.37238],[78.44656,17.37241],[78.44579,17.37298],[78.4457,17.37299],[78.44561,17.37236],[78.44524,17.37235],[78.44521,17.37224],[78.44507,17.37222],[78.44507,17.37232],[78.44427,17.37243],[78.44438,17.37274],[78.44363,17.37263],[78.44289,17.37272],[78.44292,17.37285],[78.44155,17.37317],[78.44159,17.37332],[78.44066,17.3734],[78.44068,17.37327],[78.4404,17.37213],[78.44023,17.37174],[78.44079,17.37138],[78.44219,17.37021],[78.4416,17.37028],[78.44127,17.37052],[78.44104,17.37057],[78.44095,17.37043],[78.4397,17.37049],[78.43733,17.37283],[78.43655,17.37341],[78.43496,17.37377],[78.43362,17.37445],[78.43287,17.37443],[78.43219,17.3743],[78.43,17.37325],[78.42758,17.37252],[78.42737,17.37384],[78.42739,17.37464],[78.42656,17.37468],[78.42634,17.37571],[78.42603,17.37582],[78.42593,17.37729],[78.42583,17.3773],[78.42551,17.3787],[78.42551,17.38],[78.42673,17.38005],[78.42759,17.38022],[78.42945,17.38101],[78.42947,17.38274],[78.4304,17.38263],[78.43119,17.38243],[78.43256,17.38284],[78.43387,17.38313],[78.43427,17.38313],[78.43454,17.38324],[78.43531,17.38292]]]}},{"type":"Feature","properties":{"ward_no":2,"ward":"Dr.A.S.Rao Nagar","circle":"1-KAPRA","zone":"L.B.NAGAR ZONE"},"geometry":{"type":"Polygon","coordinates":[[[78.587,17.50091],[78.58733,17.50099],[78.58758,17.50008],[78.58787,17.50016],[78.58899,17.4965],[78.58885,17.49623],[78.5889,17.49515],[78.58909,17.49516],[78.58911,17.49477],[78.58873,17.49474],[78.58878,17.49305],[78.58855,17.49304],[78.58857,17.49271],[78.58741,17.49266],[78.58739,17.4928],[78.58536,17.4927],[78.58495,17.49221],[78.58477,17.48974],[78.58373,17.48963],[78.58345,17.48951],[78.58301,17.48962],[78.58262,17.48814],[78.5822,17.48841],[78.58188,17.4885],[78.57968,17.48903],[78.57942,17.489],[78.57872,17.4891],[78.57749,17.48958],[78.57728,17.48891],[78.57708,17.48896],[78.57697,17.48857],[78.57718,17.48855],[78.57693,17.48761],[78.57482,17.48809],[78.57469,17.48766],[78.57495,17.48662],[78.5753,17.48653],[78.57502,17.48547],[78.57473,17.48552],[78.5741,17.485],[78.57411,17.48454],[78.57165,17.4855],[78.5713,17.48388],[78.57123,17.48383],[78.571,17.48254],[78.57125,17.48249],[78.57101,17.48111],[78.57128,17.48101],[78.57132,17.4809],[78.57055,17.48083],[78.57059,17.47978],[78.57118,17.47981],[78.5712,17.479],[78.57206,17.47905],[78.57207,17.47895],[78.57379,17.47822],[78.5734,17.47746],[78.57049,17.47728],[78.57056,17.47461],[78.56927,17.47493],[78.56868,17.47496],[78.56851,17.4745],[78.56882,17.47419],[78.56917,17.47398],[78.57084,17.47352],[78.57083,17.47339],[78.57039,17.47303],[78.57608,17.46379],[78.57426,17.46272],[78.57301,17.46211],[78.57282,17.46209],[78.57219,17.46226],[78.57153,17.4622],[78.5715,17.46251],[78.57135,17.46265],[78.5711,17.46236],[78.5704,17.46289],[78.56944,17.46191],[78.56644,17.46286],[78.56581,17.46559],[78.56477,17.46564],[78.56481,17.46598],[78.56511,17.46611],[78.56522,17.46626],[78.5656,17.46822],[78.56509,17.4685],[78.56577,17.46951],[78.56653,17.47035],[78.56501,17.47124],[78.56507,17.47134],[78.56462,17.47159],[78.56468,17.47168],[78.56239,17.47298],[78.56243,17.47306],[78.5603,17.4735],[78.56018,17.47336],[78.55988,17.47261],[78.55782,17.47358],[78.55764,17.47368],[78.55776,17.47395],[78.55703,17.47434],[78.55577,17.47556],[78.55443,17.47717],[78.55468,17.47768],[78.55351,17.47818],[78.55403,17.47939],[78.55357,17.47958],[78.55424,17.48112],[78.55178,17.4821],[78.5518,17.48258],[78.55211,17.48243],[78.55254,17.48478],[78.55319,17.48509],[78.55505,17.48573],[78.55589,17.48503],[78.55571,17.48382],[78.55656,17.48366],[78.55666,17.48438],[78.56144,17.48044],[78.56376,17.47958],[78.56375,17.47946],[78.56389,17.4807],[78.56425,17.48195],[78.5662,17.48557],[78.56675,17.4873],[78.56708,17.48781],[78.56828,17.48862],[78.56977,17.48925],[78.57073,17.48932],[78.57129,17.48947],[78.57361,17.49094],[78.57458,17.49174],[78.57582,17.49247],[78.57771,17.49379],[78.57955,17.49581],[78.58018,17.49663],[78.58249,17.49857],[78.587,17.50091]]]}},{"type":"Feature","properties":{"ward_no":4,"ward":"Meerpet H.B.Colony","circle":"1-KAPRA","zone":"L.B.NAGAR ZONE"},"geometry":{"type":"Polygon","coordinates":[[[78.56414,17.46563],[78.56581,17.46559],[78.56644,17.46286],[78.56944,17.46191],[78.5704,17.46289],[78.5711,17.46236],[78.57135,17.46265],[78.5715,17.46251],[78.57153,17.4622],[78.57219,17.46226],[78.57258,17.46213],[78.57301,17.46211],[78.57426,17.46272],[78.57608,17.46379],[78.57873,17.45947],[78.57899,17.4586],[78.5789,17.45712],[78.57953,17.45663],[78.57953,17.45599],[78.57961,17.45578],[78.57974,17.45571],[78.58117,17.45556],[78.58138,17.45537],[78.58161,17.45289],[78.58136,17.45074],[78.58121,17.45031],[78.581,17.45005],[78.57993,17.44916],[78.57926,17.44874],[78.57807,17.44851],[78.57714,17.44821],[78.57563,17.44844],[78.57545,17.44839],[78.57492,17.44688],[78.57473,17.44667],[78.57451,17.44659],[78.57176,17.44713],[78.57001,17.44734],[78.56932,17.4472],[78.56843,17.44671],[78.5689,17.44775],[78.56913,17.44888],[78.56838,17.44904],[78.56853,17.44935],[78.5666,17.45085],[78.56518,17.45093],[78.56376,17.45085],[78.56261,17.45043],[78.56074,17.4494],[78.56029,17.45018],[78.56094,17.45046],[78.56115,17.45251],[78.56142,17.45316],[78.56108,17.45329],[78.56125,17.45372],[78.56111,17.45378],[78.56137,17.45466],[78.5613,17.45469],[78.56168,17.45577],[78.56301,17.46074],[78.5632,17.46161],[78.56313,17.46166],[78.56342,17.46279],[78.56346,17.46286],[78.56371,17.4628],[78.56398,17.46539],[78.56404,17.46559],[78.56414,17.46563]]]}},{"type":"Feature","properties":{"ward_no":1,"ward":"Kapra","circle":"1-KAPRA","zone":"L.B.NAGAR ZONE"},"geometry":{"type":"Polygon","coordinates":[[[78.587,17.50091],[78.58249,17.49857],[78.58018,17.49663],[78.57955,17.49581],[78.57771,17.49379],[78.57582,17.49247],[78.57458,17.49174],[78.57361,17.49094],[78.57129,17.48947],[78.57073,17.48932],[78.56977,17.48925],[78.56828,17.48862],[78.56708,17.48781],[78.56675,17.4873],[78.5662,17.48557],[78.56425,17.48195],[78.56389,17.4807],[78.56375,17.47946],[78.56376,17.47958],[78.56144,17.48044],[78.55666,17.48438],[78.55656,17.48366],[78.55571,17.48382],[78.55589,17.48503],[78.55505,17.48573],[78.55257,17.48482],[78.55231,17.48377],[78.55211,17.48243],[78.55073,17.4831],[78.54162,17.48836],[78.54174,17.48868],[78.54181,17.48923],[78.54136,17.48926],[78.54098,17.4895],[78.5405,17.48963],[78.54075,17.49005],[78.53938,17.49025],[78.53924,17.49034],[78.53932,17.49105],[78.53825,17.4912],[78.53824,17.49151],[78.53765,17.49151],[78.53765,17.4917],[78.53719,17.4917],[78.5369,17.4918],[78.5371,17.49229],[78.53694,17.49262],[78.53579,17.49319],[78.53556,17.49308],[78.53499,17.49348],[78.53462,17.49392],[78.53511,17.4947],[78.53615,17.49832],[78.53663,17.49894],[78.53721,17.49871],[78.53733,17.49927],[78.53779,17.49914],[78.53788,17.49938],[78.53821,17.49924],[78.53847,17.49925],[78.53868,17.50004],[78.53942,17.49985],[78.53867,17.49726],[78.53947,17.49705],[78.53954,17.49692],[78.54037,17.49687],[78.54101,17.49667],[78.5417,17.49621],[78.54221,17.49707],[78.54256,17.49738],[78.54249,17.49745],[78.54388,17.49794],[78.54363,17.49708],[78.54473,17.49657],[78.54504,17.49733],[78.54609,17.49692],[78.54674,17.49993],[78.54713,17.5],[78.54788,17.49834],[78.54997,17.49829],[78.55142,17.49917],[78.55195,17.50005],[78.55231,17.50036],[78.55262,17.50041],[78.553,17.50063],[78.55331,17.50103],[78.55343,17.50094],[78.55566,17.50254],[78.55688,17.50482],[78.55685,17.50519],[78.5571,17.50785],[78.55298,17.5085],[78.55529,17.50916],[78.55776,17.50958],[78.56169,17.50897],[78.56359,17.50827],[78.5636,17.50844],[78.56393,17.50848],[78.56416,17.50706],[78.56652,17.50572],[78.56863,17.50621],[78.56873,17.50648],[78.56886,17.50651],[78.56891,17.50688],[78.5693,17.50672],[78.56946,17.50699],[78.57082,17.50708],[78.57067,17.50773],[78.57066,17.50827],[78.57186,17.50861],[78.57183,17.50871],[78.57564,17.50938],[78.57599,17.50689],[78.57778,17.507],[78.57785,17.50652],[78.57819,17.50656],[78.57828,17.50584],[78.57946,17.50599],[78.57962,17.50507],[78.58019,17.50515],[78.5802,17.5047],[78.58103,17.50442],[78.58173,17.50392],[78.58213,17.50442],[78.58304,17.50294],[78.58387,17.50342],[78.5849,17.50181],[78.58574,17.50232],[78.58628,17.50146],[78.58672,17.50158],[78.587,17.50091]]]}},{"type":"Feature","properties":{"ward_no":94,"ward":"Shaikpet","circle":"18-JUBILEE HILLS","zone":"KHAIRATHABAD ZONE"},"geometry":{"type":"Polygon","coordinates":[[[78.39979,17.41418],[78.39998,17.41418],[78.39995,17.41387],[78.40008,17.41377],[78.40055,17.41368],[78.40105,17.41342],[78.4012,17.41348],[78.40172,17.41325],[78.40118,17.41193],[78.40324,17.4112],[78.40339,17.41107],[78.4034,17.41097],[78.40383,17.41102],[78.40429,17.41097],[78.40553,17.41065],[78.40672,17.40967],[78.40678,17.40974],[78.40705,17.40973],[78.40927,17.4091],[78.41016,17.40892],[78.41124,17.40878],[78.41253,17.40874],[78.41354,17.40849],[78.41337,17.4077],[78.41405,17.40769],[78.414,17.40727],[78.41572,17.40725],[78.41624,17.40739],[78.41712,17.40741],[78.41719,17.40758],[78.41763,17.40747],[78.41733,17.40646],[78.41764,17.40595],[78.41731,17.40559],[78.4175,17.40552],[78.4175,17.40521],[78.41703,17.40386],[78.41702,17.40357],[78.41753,17.40206],[78.41738,17.40134],[78.41714,17.40083],[78.41564,17.39882],[78.41546,17.39868],[78.41474,17.39858],[78.41091,17.39875],[78.40981,17.39903],[78.40863,17.39946],[78.40792,17.39956],[78.40709,17.3993],[78.40648,17.39893],[78.4054,17.39801],[78.40492,17.39785],[78.40308,17.39741],[78.40055,17.39732],[78.40014,17.39387],[78.39986,17.39227],[78.3958,17.39258],[78.39404,17.39252],[78.39296,17.39276],[78.39212,17.39233],[78.39175,17.39226],[78.39053,17.39233],[78.39068,17.39413],[78.39187,17.39411],[78.39197,17.39507],[78.39189,17.39625],[78.39108,17.3962],[78.39102,17.3973],[78.39095,17.39728],[78.3909,17.39756],[78.39104,17.39832],[78.39124,17.39829],[78.39163,17.40099],[78.39171,17.40264],[78.39103,17.40267],[78.39093,17.40178],[78.38996,17.40194],[78.39012,17.40286],[78.39009,17.40326],[78.39082,17.40321],[78.39035,17.40468],[78.39025,17.40471],[78.39039,17.40611],[78.38815,17.40636],[78.38735,17.4071],[78.38737,17.4074],[78.38694,17.40746],[78.387,17.40829],[78.38889,17.40818],[78.38888,17.40789],[78.3899,17.40776],[78.39008,17.4085],[78.3908,17.41042],[78.39119,17.41085],[78.39223,17.41064],[78.39271,17.41075],[78.39486,17.41073],[78.39482,17.41266],[78.39515,17.4127],[78.39588,17.41199],[78.39719,17.41091],[78.39756,17.41133],[78.39794,17.41203],[78.39886,17.41404],[78.39904,17.41377],[78.39951,17.41375],[78.39952,17.41418],[78.39979,17.41418]]]}},{"type":"Feature","properties":{"ward_no":64,"ward":"Dattathreya Nagar","circle":"14-GOSHAMAHAL","zone":"KHAIRATHABAD ZONE"},"geometry":{"type":"Polygon","coordinates":[[[78.45222,17.38078],[78.45274,17.38096],[78.4527,17.38052],[78.45357,17.38043],[78.45362,17.38011],[78.45304,17.37995],[78.45309,17.37985],[78.45302,17.37962],[78.45276,17.37948],[78.45268,17.37922],[78.4535,17.37908],[78.45365,17.37947],[78.45374,17.37954],[78.45379,17.37938],[78.45411,17.37929],[78.45391,17.37824],[78.454,17.37822],[78.45392,17.37757],[78.45593,17.3774],[78.45703,17.37719],[78.45661,17.37611],[78.45645,17.37529],[78.45533,17.37532],[78.45457,17.37524],[78.45462,17.37476],[78.45455,17.37324],[78.45485,17.37317],[78.45462,17.3725],[78.4536,17.37274],[78.45337,17.37273],[78.45351,17.37182],[78.45347,17.37156],[78.45235,17.37171],[78.45058,17.37216],[78.44966,17.37256],[78.44801,17.37354],[78.44821,17.37476],[78.44761,17.37946],[78.44776,17.38006],[78.44816,17.37994],[78.4484,17.38063],[78.44866,17.38189],[78.44971,17.38178],[78.44959,17.38087],[78.45047,17.38072],[78.45043,17.38039],[78.45121,17.38047],[78.45222,17.38078]]]}},{"type":"Feature","properties":{"ward_no":69,"ward":"Nanalnagar","circle":"13-KARWAN","zone":"KHAIRATHABAD ZONE"},"geometry":{"type":"Polygon","coordinates":[[[78.42271,17.40818],[78.42295,17.40774],[78.42341,17.40783],[78.42531,17.40766],[78.426,17.4075],[78.42675,17.40714],[78.42787,17.40682],[78.4273,17.40326],[78.42841,17.40318],[78.42862,17.40285],[78.42929,17.40233],[78.42945,17.40228],[78.43107,17.40229],[78.43178,17.40183],[78.43462,17.40106],[78.43635,17.40047],[78.43694,17.40039],[78.43708,17.39943],[78.43904,17.39904],[78.44342,17.39838],[78.44358,17.39827],[78.44319,17.39786],[78.44271,17.39647],[78.44232,17.39599],[78.4401,17.39489],[78.43971,17.39479],[78.43909,17.39479],[78.43344,17.39529],[78.43247,17.39575],[78.43206,17.39585],[78.42775,17.39611],[78.42727,17.39489],[78.42684,17.39346],[78.42669,17.39259],[78.42667,17.39172],[78.42682,17.3913],[78.42845,17.38878],[78.42963,17.38766],[78.42952,17.38555],[78.4281,17.38566],[78.42796,17.38571],[78.42762,17.38606],[78.42613,17.38671],[78.42265,17.38769],[78.42294,17.39188],[78.42258,17.39185],[78.42139,17.39151],[78.41827,17.39158],[78.41845,17.39246],[78.41916,17.39259],[78.41923,17.39373],[78.41947,17.39469],[78.4199,17.39465],[78.41995,17.39487],[78.4199,17.39504],[78.41941,17.39561],[78.41872,17.39618],[78.4191,17.39804],[78.41849,17.39842],[78.41695,17.39851],[78.41573,17.39893],[78.41714,17.40083],[78.41746,17.40155],[78.41753,17.40206],[78.41702,17.40357],[78.41703,17.40386],[78.4175,17.40521],[78.4175,17.40552],[78.41731,17.40559],[78.41764,17.40595],[78.41733,17.40646],[78.41764,17.40745],[78.41909,17.40708],[78.41972,17.40701],[78.41974,17.40709],[78.41995,17.40716],[78.42019,17.40701],[78.42031,17.40724],[78.42226,17.4062],[78.4226,17.40628],[78.42231,17.4065],[78.42167,17.40745],[78.4216,17.40789],[78.42162,17.40796],[78.42241,17.40804],[78.42271,17.40818]]]}}]}