seat_no,seat,reservation,rank,candidate,sex,age,category,party,votes_general,votes_postal,votes_total,pct
1,Sirpur,GENERAL,1,Dr.palvai Harish Babu,MALE,44,GENERAL,BJP,63302,400,63702,34.09
1,Sirpur,GENERAL,2,Koneru Konappa,MALE,69,GENERAL,BRS,60379,235,60614,32.43
1,Sirpur,GENERAL,3,R.s. Praveen Kumar,MALE,56,GENERAL,BSP,44151,495,44646,23.89
1,Sirpur,GENERAL,4,Rraavi Srinwass,MALE,49,GENERAL,INC,8406,21,8427,4.51
1,Sirpur,GENERAL,5,Nota,,,,NOTA,2193,3,2196,1.18
1,Sirpur,GENERAL,6,Yelumule Manohar,MALE,29,GENERAL,IND,1812,1,1813,0.97
1,Sirpur,GENERAL,7,Dr.deshagani Sambashiva Goud,MALE,45,GENERAL,IND,1324,0,1324,0.71
1,Sirpur,GENERAL,8,Dasari Venkatesh,MALE,43,GENERAL,IND,1300,1,1301,0.7
1,Sirpur,GENERAL,9,Ramtenki Ajay Kumar,MALE,41,SC,PRCP,1084,1,1085,0.58
1,Sirpur,GENERAL,10,Kamra Nagesh,MALE,33,SC,IPBP,626,1,627,0.34
1,Sirpur,GENERAL,11,Dongri Praveen Kumar,MALE,33,SC,AIFB,358,2,360,0.19
1,Sirpur,GENERAL,12,Parchaki Keshav Rao,MALE,50,ST,GGP,305,0,305,0.16
1,Sirpur,GENERAL,13,Gamtidas Khobragade,MALE,51,SC,NIP,246,0,246,0.13
1,Sirpur,GENERAL,14,Jadi. Deepak,MALE,39,SC,RPI,233,1,234,0.13
2,Chennur,SC,1,Vivek Venkat Swamy,MALE,66,SC,INC,86427,1114,87541,57.51
2,Chennur,SC,2,Balka Suman,MALE,40,SC,BRS,49809,217,50026,32.86
2,Chennur,SC,3,Durgam Ashok,MALE,48,SC,BJP,3291,84,3375,2.22
2,Chennur,SC,4,Thungapindi Ramesh,MALE,45,SC,IND,2165,1,2166,1.42
2,Chennur,SC,5,Nota,,,,NOTA,1787,5,1792,1.18
2,Chennur,SC,6,Asampelly Sampath Kumar,MALE,31,SC,IND,1444,0,1444,0.95
2,Chennur,SC,7,Dasarapu Srinivas,MALE,48,SC,BSP,1384,14,1398,0.92
2,Chennur,SC,8,Nandipati Raju,MALE,35,SC,DHRMSMJP,946,2,948,0.62
2,Chennur,SC,9,Mothe Rajalingu,MALE,44,SC,SP(I),833,4,837,0.55
2,Chennur,SC,10,Durgam Sammaiah,MALE,35,SC,IND,831,1,832,0.55
2,Chennur,SC,11,Sogala Sanjeev,MALE,44,SC,AIFB,579,0,579,0.38
2,Chennur,SC,12,Vadlakonda Rajam,MALE,51,SC,TLGNARJYS,405,0,405,0.27
2,Chennur,SC,13,Moyyi Venugopal,MALE,54,SC,BMUP,336,1,337,0.22
2,Chennur,SC,14,Mahesh Salluri,MALE,28,SC,PS,303,1,304,0.2
2,Chennur,SC,15,Mulkalla Rajendra Prasad,MALE,38,SC,AIMEP,246,0,246,0.16
3,Bellampalli,SC,1,Gaddam Vinod,MALE,67,SC,INC,81442,775,82217,57.96
3,Bellampalli,SC,2,Durgam Chinnaiah,MALE,52,SC,BRS,45163,176,45339,31.96
3,Bellampalli,SC,3,Amurajula Sridevi,FEMALE,51,SC,BJP,3751,61,3812,2.69
3,Bellampalli,SC,4,Dagam Srinivas,MALE,44,SC,IND,2357,0,2357,1.66
3,Bellampalli,SC,5,Nota,,,,NOTA,2168,11,2179,1.54
3,Bellampalli,SC,6,Durge Eshwar,MALE,38,SC,IND,1512,0,1512,1.07
3,Bellampalli,SC,7,Srinivas Ramtenki,MALE,28,SC,RPI,1286,3,1289,0.91
3,Bellampalli,SC,8,Narsaiah Jadi,MALE,52,SC,BSP,1169,14,1183,0.83
3,Bellampalli,SC,9,Ambala Mahendar,MALE,45,SC,IND,606,0,606,0.43
3,Bellampalli,SC,10,Ramagiri Sripathi,MALE,39,SC,BCYP,387,0,387,0.27
3,Bellampalli,SC,11,Perugu Ravinder,MALE,42,SC,SP(I),339,1,340,0.24
3,Bellampalli,SC,12,Jangapelly Ramaswamy,MALE,51,SC,DHRMSMJP,258,0,258,0.18
3,Bellampalli,SC,13,Padma Yedla,FEMALE,43,SC,BMUP,197,1,198,0.14
3,Bellampalli,SC,14,Gogarla Shankar,MALE,51,SC,CPIM,186,0,186,0.13
4,Mancherial,GENERAL,1,Kokkirala Premsagar Rao,MALE,63,GENERAL,INC,104260,1685,105945,55.03
4,Mancherial,GENERAL,2,Raghunath Verabelli,MALE,51,GENERAL,BJP,39370,459,39829,20.69
4,Mancherial,GENERAL,3,Diwakar Rao Nadipelli,MALE,71,GENERAL,BRS,37734,255,37989,19.73
4,Mancherial,GENERAL,4,Soulla Sandeep,MALE,35,GENERAL,IND,1889,1,1890,0.98
4,Mancherial,GENERAL,5,Thota Srinivas,MALE,41,GENERAL,BSP,1259,21,1280,0.66
4,Mancherial,GENERAL,6,Pranay Gangareddy,MALE,25,GENERAL,IND,1054,0,1054,0.55
4,Mancherial,GENERAL,7,Nota,,,,NOTA,926,16,942,0.49
4,Mancherial,GENERAL,8,Hanumandla Shankar,MALE,57,GENERAL,IND,739,1,740,0.38
4,Mancherial,GENERAL,9,Naheem Pasha Md,MALE,32,GENERAL,IND,630,6,636,0.33
4,Mancherial,GENERAL,10,Rangu Mallesham,MALE,53,GENERAL,IND,514,1,515,0.27
4,Mancherial,GENERAL,11,Talluri Venkateswarlu,MALE,48,GENERAL,IND,332,2,334,0.17
4,Mancherial,GENERAL,12,Md. Ifthakar Ahmed,MALE,57,GENERAL,IND,294,1,295,0.15
4,Mancherial,GENERAL,13,Adunuri Ramesh,MALE,48,GENERAL,DHRMSMJP,244,2,246,0.13
4,Mancherial,GENERAL,14,M. Krishna,MALE,48,GENERAL,IND,218,0,218,0.11
4,Mancherial,GENERAL,15,Ande Manga,FEMALE,44,GENERAL,IND,169,0,169,0.09
4,Mancherial,GENERAL,16,Gorlapally Suresh,MALE,29,SC,VTRP,161,3,164,0.09
4,Mancherial,GENERAL,17,Cherukuri Shanthi Sree,FEMALE,48,SC,BARESP,136,0,136,0.07
4,Mancherial,GENERAL,18,Dommati Ravi Kumar,MALE,39,GENERAL,AIFB,128,0,128,0.07
5,Asifabad,ST,1,Kova Laxmi,FEMALE,53,ST,BRS,82705,347,83052,44.97
5,Asifabad,ST,2,Ajmera Shyam,MALE,53,ST,INC,59629,613,60242,32.62
5,Asifabad,ST,3,Kotnaka Vijay Kumar,MALE,40,ST,IND,16382,87,16469,8.92
5,Asifabad,ST,4,Ajmeera Athmarao,MALE,38,ST,BJP,6562,51,6613,3.58
5,Asifabad,ST,5,Kanaka Prabhakar,MALE,46,ST,BSP,3528,16,3544,1.92
5,Asifabad,ST,6,Ajmera Ram Nayak,MALE,46,ST,PRSHP,2562,5,2567,1.39
5,Asifabad,ST,7,Sidam Anniga,MALE,29,ST,IND,2089,4,2093,1.13
5,Asifabad,ST,8,Kotnaka Kishanrao,MALE,45,ST,IND,1533,1,1534,0.83
5,Asifabad,ST,9,Nota,,,,NOTA,1507,9,1516,0.82
5,Asifabad,ST,10,Mesram Naveen Kumar,MALE,32,ST,IND,1479,2,1481,0.8
5,Asifabad,ST,11,Vasanth Singh Jadhav,MALE,61,ST,IND,987,2,989,0.54
5,Asifabad,ST,12,Pusam Sonerao,MALE,26,ST,IND,847,0,847,0.46
5,Asifabad,ST,13,Rebbana Nagaraju,MALE,37,ST,IND,838,0,838,0.45
5,Asifabad,ST,14,Athram Govardhan,MALE,66,ST,GGP,750,9,759,0.41
5,Asifabad,ST,15,Bhukya Pallavi,FEMALE,40,ST,BMUP,663,1,664,0.36
5,Asifabad,ST,16,Shidam Dharmu,MALE,60,ST,IND,587,0,587,0.32
5,Asifabad,ST,17,Govind Bukya,MALE,37,ST,JAC,463,0,463,0.25
5,Asifabad,ST,18,Nunavat Tirupati,MALE,34,ST,VTRP,408,0,408,0.22
6,Khanapur,ST,1,Vedma. Bhojju,MALE,37,ST,INC,58210,660,58870,33.79
6,Khanapur,ST,2,Johnson Naik Bhukya,MALE,47,ST,BRS,53921,247,54168,31.09
6,Khanapur,ST,3,Ramesh Rathod,MALE,57,ST,BJP,51518,880,52398,30.07
6,Khanapur,ST,4,Nota,,,,NOTA,2096,18,2114,1.21
6,Khanapur,ST,5,Bansilal Rathod,MALE,38,ST,BSP,1688,18,1706,0.98
6,Khanapur,ST,6,Nethavath Rajender,MALE,32,ST,IND,1293,1,1294,0.74
6,Khanapur,ST,7,Athram Ravindhar,MALE,41,ST,IND,1245,0,1245,0.71
6,Khanapur,ST,8,Asha Reddy Bontha,MALE,55,ST,GGP,1068,0,1068,0.61
6,Khanapur,ST,9,Mohan,MALE,63,ST,IND,573,0,573,0.33
6,Khanapur,ST,10,Pendoor Priyanka,FEMALE,33,ST,CPIM,363,1,364,0.21
6,Khanapur,ST,11,Jadhav Prabas,MALE,33,ST,DHRMSMJP,265,2,267,0.15
6,Khanapur,ST,12,Kuthati Vijaya,FEMALE,44,ST,PPOI,172,0,172,0.1
7,Adilabad,GENERAL,1,Payal Shanker,MALE,52,GENERAL,BJP,66468,1140,67608,35.84
7,Adilabad,GENERAL,2,Jogu Ramanna,MALE,60,GENERAL,BRS,60321,595,60916,32.29
7,Adilabad,GENERAL,3,Kandi Srinivasa Reddy,MALE,40,GENERAL,INC,46763,961,47724,25.3
7,Adilabad,GENERAL,4,Alluri Sanjeeva Reddy,MALE,65,GENERAL,IND,1936,10,1946,1.03
7,Adilabad,GENERAL,5,Aslam,MALE,36,GENERAL,IND,1390,1,1391,0.74
7,Adilabad,GENERAL,6,Kalamadugu Vijay Kumar,MALE,55,GENERAL,IND,1171,2,1173,0.62
7,Adilabad,GENERAL,7,Taksande Dharmapal,MALE,37,SC,IND,1057,1,1058,0.56
7,Adilabad,GENERAL,8,Gedam Janardhan,MALE,53,ST,IND,943,2,945,0.5
7,Adilabad,GENERAL,9,Takbide Pandit Rao,MALE,75,GENERAL,IND,878,0,878,0.47
7,Adilabad,GENERAL,10,Aggimalla Ganesh,MALE,37,SC,DHRMSMJP,791,10,801,0.42
7,Adilabad,GENERAL,11,Bhupender,MALE,26,GENERAL,AODRP,761,8,769,0.41
7,Adilabad,GENERAL,12,Nota,,,,NOTA,582,10,592,0.31
7,Adilabad,GENERAL,13,Annam Prem Devender,MALE,47,GENERAL,IND,549,1,550,0.29
7,Adilabad,GENERAL,14,Voter Car Suresh,MALE,36,SC,YGATLSIP,290,4,294,0.16
7,Adilabad,GENERAL,15,Kema Srinivas,MALE,34,GENERAL,PEP,234,6,240,0.13
7,Adilabad,GENERAL,16,Suryavamshi Vidhyasagar,MALE,39,SC,BMUP,229,2,231,0.12
7,Adilabad,GENERAL,17,Kamle Bhagavan,MALE,34,SC,RPI,225,6,231,0.12
7,Adilabad,GENERAL,18,Naganna Galipelli,MALE,33,SC,IND,174,1,175,0.09
7,Adilabad,GENERAL,19,Gudepelly Gnanesh,MALE,27,GENERAL,BCYP,162,4,166,0.09
7,Adilabad,GENERAL,20,Thumram Chandra Shav,MALE,38,ST,GGP,163,0,163,0.09
7,Adilabad,GENERAL,21,Vagmare Abishek,MALE,43,SC,IND,163,0,163,0.09
7,Adilabad,GENERAL,22,Bedodkar Ganesh,MALE,35,GENERAL,IND,154,3,157,0.08
7,Adilabad,GENERAL,23,Subash Navate,MALE,49,GENERAL,IND,149,1,150,0.08
7,Adilabad,GENERAL,24,Banu Rajeshwar Rao,MALE,64,GENERAL,IND,122,1,123,0.07
7,Adilabad,GENERAL,25,Elcharwar Sathyanarayana,MALE,35,GENERAL,BALP,117,0,117,0.06
7,Adilabad,GENERAL,26,Munde Praveen Kumar,MALE,25,GENERAL,IND,91,0,91,0.05
8,Boath,ST,1,Anil Jadhav,MALE,49,ST,BRS,76297,495,76792,44.13
8,Boath,ST,2,Soyam Bapurao,MALE,54,ST,BJP,53274,718,53992,31.03
8,Boath,ST,3,Aade Gajender,MALE,44,ST,INC,32426,371,32797,18.85
8,Boath,ST,4,Nota,,,,NOTA,2556,9,2565,1.47
8,Boath,ST,5,Mesram Jangubapu,MALE,34,ST,BSP,2044,27,2071,1.19
8,Boath,ST,6,Uhikea Heeraji,MALE,45,ST,RaJPa,1388,3,1391,0.8
8,Boath,ST,7,Todasam Dhanalaxmi,FEMALE,40,ST,IND,1231,4,1235,0.71
8,Boath,ST,8,Uikke Umesh,MALE,33,ST,DHRMSMJP,1011,6,1017,0.58
8,Boath,ST,9,Jadhav Bhojya Naik,MALE,51,ST,IND,878,0,878,0.5
8,Boath,ST,10,Ade Sunil Kumar,MALE,33,ST,BCYP,677,5,682,0.39
8,Boath,ST,11,Badu Naitham,MALE,42,ST,GGP,596,2,598,0.34
9,Nirmal,GENERAL,1,Alleti Maheshwar Reddy,MALE,54,GENERAL,BJP,104685,1715,106400,54.03
9,Nirmal,GENERAL,2,Allola Indrakaran Reddy,MALE,74,GENERAL,BRS,55321,376,55697,28.28
9,Nirmal,GENERAL,3,K. Srihari Rao,MALE,62,GENERAL,INC,28254,388,28642,14.54
9,Nirmal,GENERAL,4,Nota,,,,NOTA,1522,4,1526,0.77
9,Nirmal,GENERAL,5,Sudharshan,MALE,47,ST,IND,1156,5,1161,0.59
9,Nirmal,GENERAL,6,Devatha Jagan Mohan,MALE,48,SC,BSP,945,14,959,0.49
9,Nirmal,GENERAL,7,Mallesh Maddikunta,MALE,39,ST,IND,835,1,836,0.42
9,Nirmal,GENERAL,8,Manthena Indrakaran Reddy,MALE,46,GENERAL,AODRP,408,1,409,0.21
9,Nirmal,GENERAL,9,Gorre Linganna,MALE,61,SC,BMUP,333,2,335,0.17
9,Nirmal,GENERAL,10,Burka Rajender,MALE,34,SC,IND,280,6,286,0.15
9,Nirmal,GENERAL,11,Devolla Raju,MALE,30,GENERAL,IND,236,3,239,0.12
9,Nirmal,GENERAL,12,Ravindhar Ramagiri,MALE,37,SC,DHRMSMJP,171,4,175,0.09
9,Nirmal,GENERAL,13,Parikipandla Swadesh,MALE,40,GENERAL,AIFB,138,0,138,0.07
9,Nirmal,GENERAL,14,Khaja Nayeem Uddin Mohammad,MALE,57,GENERAL,IND,128,0,128,0.06
10,Mudhole,GENERAL,1,Ram Rao Pawar,MALE,69,GENERAL,BJP,97501,751,98252,48.59
10,Mudhole,GENERAL,2,Gaddigari Vittal Reddy,MALE,69,GENERAL,BRS,73918,335,74253,36.72
10,Mudhole,GENERAL,3,Bhosle Narayan Rao Patil,MALE,64,GENERAL,INC,15489,99,15588,7.71
10,Mudhole,GENERAL,4,Manmohan Jadhav,MALE,31,GENERAL,IND,4938,1,4939,2.44
10,Mudhole,GENERAL,5,Vinod Kumar Sharadarao,MALE,44,SC,BSP,3257,35,3292,1.63
10,Mudhole,GENERAL,6,Nota,,,,NOTA,1903,3,1906,0.94
10,Mudhole,GENERAL,7,Sanju Hemle,MALE,47,SC,IND,1442,0,1442,0.71
10,Mudhole,GENERAL,8,Potharaju Sudhakar,MALE,37,GENERAL,IND,560,0,560,0.28
10,Mudhole,GENERAL,9,Jadhav Datturam,MALE,33,GENERAL,IND,470,1,471,0.23
10,Mudhole,GENERAL,10,Devidas Hasde,MALE,46,SC,RPI,294,2,296,0.15
10,Mudhole,GENERAL,11,Kasaram Raju,MALE,30,SC,DHRMSMJP,291,0,291,0.14
10,Mudhole,GENERAL,12,Jadhav Devidas,MALE,41,ST,IND,283,0,283,0.14
10,Mudhole,GENERAL,13,Elugudar Praveen,MALE,30,GENERAL,IND,252,0,252,0.12
10,Mudhole,GENERAL,14,Baddam Bhoja Reddy,MALE,52,GENERAL,AIFB,217,1,218,0.11
10,Mudhole,GENERAL,15,Gorekar Vijay,MALE,42,SC,IPBP,158,1,159,0.08
11,Armur,GENERAL,1,Paidi Rakesh Reddy,MALE,56,GENERAL,BJP,71651,1007,72658,44.9
11,Armur,GENERAL,2,Prodduturi Vinay Kumar Reddy,MALE,49,GENERAL,INC,42349,640,42989,26.56
11,Armur,GENERAL,3,Ashannagari Jeevan Reddy,MALE,47,GENERAL,BRS,39051,344,39395,24.34
11,Armur,GENERAL,4,Nota,,,,NOTA,1493,6,1499,0.93
11,Armur,GENERAL,5,Cheruku Prem Kumar,MALE,43,SC,DHRMSMJP,1451,26,1477,0.91
11,Armur,GENERAL,6,Gandikota Rajanna,MALE,49,GENERAL,BSP,1349,41,1390,0.86
11,Armur,GENERAL,7,Nyalapatla Pranay Goud,MALE,25,GENERAL,IND,943,2,945,0.58
11,Armur,GENERAL,8,Gangadhar Myaka,MALE,65,GENERAL,IND,460,2,462,0.29
11,Armur,GENERAL,9,Sunke.srinivas,MALE,49,GENERAL,IND,364,4,368,0.23
11,Armur,GENERAL,10,Kotagiri Srinivas,MALE,56,GENERAL,IND,195,5,200,0.12
11,Armur,GENERAL,11,Sk Majid,MALE,33,GENERAL,MBT,117,0,117,0.07
11,Armur,GENERAL,12,Pallavula Rama Krishna Reddy,MALE,37,GENERAL,BCYP,112,2,114,0.07
11,Armur,GENERAL,13,Tallapally Shekaraiah,MALE,29,GENERAL,VTRP,106,0,106,0.07
11,Armur,GENERAL,14,Ruthe Ravi,MALE,33,GENERAL,BALP,104,2,106,0.07
12,Bodhan,GENERAL,1,P. Sudarshan Reddy,MALE,73,GENERAL,INC,66433,530,66963,38.95
12,Bodhan,GENERAL,2,Mohammed Shakil Aamir,MALE,47,GENERAL,BRS,63664,237,63901,37.17
12,Bodhan,GENERAL,3,Mohan Reddy Vaddi,MALE,56,GENERAL,BJP,33234,321,33555,19.52
12,Bodhan,GENERAL,4,Hanmaji Bhoopal Reddy,MALE,34,GENERAL,AODRP,1590,1,1591,0.93
12,Bodhan,GENERAL,5,Amarnath Babu. M,MALE,65,GENERAL,BSP,1407,18,1425,0.83
12,Bodhan,GENERAL,6,Nota,,,,NOTA,867,5,872,0.51
12,Bodhan,GENERAL,7,D. Nagaraj,MALE,40,GENERAL,AIFB,662,1,663,0.39
12,Bodhan,GENERAL,8,Syed Asgar,MALE,46,GENERAL,IND,634,2,636,0.37
12,Bodhan,GENERAL,9,A. Sudarshan Raj,MALE,61,SC,IND,523,0,523,0.3
12,Bodhan,GENERAL,10,Shek Jaleel,MALE,44,GENERAL,IND,517,3,520,0.3
12,Bodhan,GENERAL,11,Mosin,MALE,35,GENERAL,MCPI,477,4,481,0.28
12,Bodhan,GENERAL,12,Junaid Ahmed Khaleel,MALE,40,GENERAL,IND,298,5,303,0.18
12,Bodhan,GENERAL,13,Sharjeel Parvez,MALE,49,GENERAL,AIMEIEM,201,1,202,0.12
12,Bodhan,GENERAL,14,Murali Sayam,MALE,31,SC,DHRMSMJP,171,0,171,0.1
12,Bodhan,GENERAL,15,Rajitha Vani,FEMALE,50,SC,PPOI,123,0,123,0.07
13,Jukkal,SC,1,Laxmi Kantha Rao Thota,MALE,53,SC,INC,64116,373,64489,39.19
13,Jukkal,SC,2,Hanmant Shinde,MALE,57,SC,BRS,63127,210,63337,38.49
13,Jukkal,SC,3,Aruna Thara T,FEMALE,50,SC,BJP,28231,206,28437,17.28
13,Jukkal,SC,4,Ekambekar Pragna Kumar,MALE,49,SC,BSP,1790,19,1809,1.1
13,Jukkal,SC,5,G. Laxmi,FEMALE,32,SC,IND,1038,0,1038,0.63
13,Jukkal,SC,6,Gama Sanjeev,MALE,30,SC,IND,962,3,965,0.59
13,Jukkal,SC,7,Gaikwad Prakash,MALE,62,SC,IND,780,0,780,0.47
13,Jukkal,SC,8,Kandarpally Kashinath,MALE,28,SC,BMUP,599,0,599,0.36
13,Jukkal,SC,9,Vagmare Gangadhar,MALE,44,SC,NRCP,511,0,511,0.31
13,Jukkal,SC,10,Nota,,,,NOTA,469,0,469,0.29
13,Jukkal,SC,11,Jupaka Shyamala,FEMALE,33,SC,IND,463,0,463,0.28
13,Jukkal,SC,12,Gaini Prem Kumar,MALE,39,SC,IND,396,0,396,0.24
13,Jukkal,SC,13,Gattugalla Vittal,MALE,28,SC,IND,340,1,341,0.21
13,Jukkal,SC,14,Anil Kumar Buddi,MALE,32,SC,IND,204,0,204,0.12
13,Jukkal,SC,15,Bhoomaiah Ponagantiwari,MALE,36,SC,DHRMSMJP,197,3,200,0.12
13,Jukkal,SC,16,Bogudameeda Sailu,MALE,51,SC,TLGNARJYS,186,1,187,0.11
13,Jukkal,SC,17,Gajge Raju,MALE,27,SC,IPBP,162,0,162,0.1
13,Jukkal,SC,18,Baabu. R,MALE,38,SC,BAHUBP,152,0,152,0.09
14,Banswada,GENERAL,1,Srinivas Reddy Parige (pocharam),MALE,74,GENERAL,BRS,75694,584,76278,47.65
14,Banswada,GENERAL,2,Eanugu Ravinder Reddy,MALE,58,GENERAL,INC,52377,437,52814,32.99
14,Banswada,GENERAL,3,Laxmi Narayana Yendala,MALE,60,GENERAL,BJP,23334,351,23685,14.8
14,Banswada,GENERAL,4,Putta Bhaskar,MALE,31,GENERAL,IND,3657,14,3671,2.29
14,Banswada,GENERAL,5,Neeradi Eshwar,MALE,43,SC,BSP,1413,22,1435,0.9
14,Banswada,GENERAL,6,Nota,,,,NOTA,1009,3,1012,0.63
14,Banswada,GENERAL,7,Srikanth Tota,MALE,45,GENERAL,DHRMSMJP,838,5,843,0.53
14,Banswada,GENERAL,8,Subhash Deme,MALE,59,GENERAL,IND,339,2,341,0.21
15,Yellareddy,GENERAL,1,Madan Mohan Rao. K,MALE,54,GENERAL,INC,86276,713,86989,47.07
15,Yellareddy,GENERAL,2,Surendar Jajala,MALE,50,GENERAL,BRS,62655,333,62988,34.08
15,Yellareddy,GENERAL,3,Banswada Subhash Reddy,MALE,60,GENERAL,BJP,26709,291,27000,14.61
15,Yellareddy,GENERAL,4,Jamuna Rathla,FEMALE,47,ST,BSP,1955,18,1973,1.07
15,Yellareddy,GENERAL,5,Nota,,,,NOTA,1284,16,1300,0.7
15,Yellareddy,GENERAL,6,Shambugalla Laxmaiah,MALE,40,SC,DHRMSMJP,886,8,894,0.48
15,Yellareddy,GENERAL,7,Gurrapu Peddakolla Jai Kumar,MALE,30,GENERAL,BCYP,866,1,867,0.47
15,Yellareddy,GENERAL,8,Amar Singh Baman,MALE,43,GENERAL,IND,736,0,736,0.4
15,Yellareddy,GENERAL,9,Mudricha Subhash,MALE,29,ST,GNASURKP,676,5,681,0.37
15,Yellareddy,GENERAL,10,Myathari Sanjeevulu,MALE,27,SC,IND,551,1,552,0.3
15,Yellareddy,GENERAL,11,Balraju Talari,MALE,42,SC,PRSHP,459,0,459,0.25
15,Yellareddy,GENERAL,12,Srinivas Badhavath,MALE,33,ST,VTRP,361,0,361,0.2
16,Kamareddy,GENERAL,1,Katipally Venkata Ramana Reddy,MALE,53,GENERAL,BJP,65395,1257,66652,34.55
16,Kamareddy,GENERAL,2,Kalvakuntla Chandrashekar Rao,MALE,69,GENERAL,BRS,59633,278,59911,31.06
16,Kamareddy,GENERAL,3,Anumula Revanth Reddy,MALE,56,GENERAL,INC,54413,503,54916,28.47
16,Kamareddy,GENERAL,4,Ravi Nayak Bhukya,MALE,36,ST,IND,1823,0,1823,0.95
16,Kamareddy,GENERAL,5,Udthawar Suresh Goud,MALE,48,GENERAL,BSP,1184,17,1201,0.62
16,Kamareddy,GENERAL,6,Rajagiri Santhosh Reddy,MALE,27,GENERAL,IND,736,0,736,0.38
16,Kamareddy,GENERAL,7,Akula Hareesh,MALE,28,GENERAL,IND,534,0,534,0.28
16,Kamareddy,GENERAL,8,Akula Hanmandlu,MALE,50,GENERAL,PRJSNP,484,0,484,0.25
16,Kamareddy,GENERAL,9,Nota,,,,NOTA,467,7,474,0.25
16,Kamareddy,GENERAL,10,Arrolla Naresh,MALE,29,GENERAL,IND,403,0,403,0.21
16,Kamareddy,GENERAL,11,Siddiramulu Sirigadha,MALE,51,GENERAL,BLFP,339,1,340,0.18
16,Kamareddy,GENERAL,12,Rupavath Kondaiah,MALE,38,ST,IND,323,0,323,0.17
16,Kamareddy,GENERAL,13,Bodasu Narsimlu,MALE,37,GENERAL,IND,323,0,323,0.17
16,Kamareddy,GENERAL,14,Mohammad Taher Bin Ahmed,MALE,37,GENERAL,IND,319,1,320,0.17
16,Kamareddy,GENERAL,15,Dandu Dhanunjay,MALE,29,GENERAL,URTP,308,0,308,0.16
16,Kamareddy,GENERAL,16,Kante Sayanna,MALE,45,GENERAL,IND,300,0,300,0.16
16,Kamareddy,GENERAL,17,Ugrawai Boleshwer,MALE,37,SC,DHRMSMJP,287,11,298,0.15
16,Kamareddy,GENERAL,18,Mohammed Arif,MALE,47,GENERAL,RPI,285,0,285,0.15
16,Kamareddy,GENERAL,19,Kotagiri Srinivas,MALE,56,GENERAL,YGATLSIP,248,1,249,0.13
16,Kamareddy,GENERAL,20,Barigela Shiva,MALE,31,SC,IND,249,0,249,0.13
16,Kamareddy,GENERAL,21,Madishetty Thirupathi,MALE,39,GENERAL,IND,248,0,248,0.13
16,Kamareddy,GENERAL,22,Gabbula Nagendar,MALE,54,GENERAL,IND,236,0,236,0.12
16,Kamareddy,GENERAL,23,Pampari Narsimha Narender,MALE,45,GENERAL,RDHP,216,0,216,0.11
16,Kamareddy,GENERAL,24,Chevula Parshuramulu,MALE,32,GENERAL,IND,203,0,203,0.11
16,Kamareddy,GENERAL,25,Hassan Shaik,MALE,35,GENERAL,IND,186,0,186,0.1
16,Kamareddy,GENERAL,26,Kunta Ravi,MALE,31,GENERAL,IND,167,0,167,0.09
16,Kamareddy,GENERAL,27,Jukanti Anjal Reddy,MALE,45,GENERAL,IND,157,0,157,0.08
16,Kamareddy,GENERAL,28,Baabu R,MALE,38,GENERAL,BUJNBHRTP,151,0,151,0.08
16,Kamareddy,GENERAL,29,Bhargavi Mangilipally,FEMALE,40,GENERAL,IND,144,0,144,0.07
16,Kamareddy,GENERAL,30,Dodle Rajender,MALE,40,GENERAL,IND,143,0,143,0.07
16,Kamareddy,GENERAL,31,Kanyaka Prasanna.s,FEMALE,61,GENERAL,BMUP,126,0,126,0.07
16,Kamareddy,GENERAL,32,Katikam Sanga Reddy,MALE,42,GENERAL,IND,120,0,120,0.06
16,Kamareddy,GENERAL,33,Mohammed Khaleelullah,MALE,38,GENERAL,IND,111,1,112,0.06
16,Kamareddy,GENERAL,34,Nila Nagaraju,MALE,34,GENERAL,IND,92,1,93,0.05
16,Kamareddy,GENERAL,35,Venkanna Gugulothu,MALE,40,ST,IND,89,0,89,0.05
16,Kamareddy,GENERAL,36,Kanuganti Raju,MALE,57,GENERAL,AIFB,84,0,84,0.04
16,Kamareddy,GENERAL,37,B.b.naik,MALE,48,ST,IND,81,0,81,0.04
16,Kamareddy,GENERAL,38,Banthilal Manja,MALE,46,ST,IND,78,0,78,0.04
16,Kamareddy,GENERAL,39,Shaik Abdul Wahed,MALE,41,GENERAL,IND,64,0,64,0.03
16,Kamareddy,GENERAL,40,Chandra Sekhar Chalika,MALE,43,GENERAL,IND,62,0,62,0.03
17,Nizamabad (Urban),GENERAL,1,Dhanpal Suryanarayana,MALE,65,GENERAL,BJP,73724,1516,75240,40.82
17,Nizamabad (Urban),GENERAL,2,Mohammed Ali Shabbir,MALE,65,GENERAL,INC,59104,749,59853,32.47
17,Nizamabad (Urban),GENERAL,3,Ganesh Bigala,MALE,54,GENERAL,BRS,44598,231,44829,24.32
17,Nizamabad (Urban),GENERAL,4,Nota,,,,NOTA,531,7,538,0.29
17,Nizamabad (Urban),GENERAL,5,Nalluri Rajesh,MALE,38,GENERAL,IND,511,1,512,0.28
17,Nizamabad (Urban),GENERAL,6,Shaik Imran,MALE,30,GENERAL,BSP,473,10,483,0.26
17,Nizamabad (Urban),GENERAL,7,Yamaganti Kannaiah Goud,MALE,29,GENERAL,AODRP,475,0,475,0.26
17,Nizamabad (Urban),GENERAL,8,Padakanti Ramu,MALE,38,GENERAL,IND,390,1,391,0.21
17,Nizamabad (Urban),GENERAL,9,Md Azeem Qureshi,MALE,37,GENERAL,IND,305,0,305,0.17
17,Nizamabad (Urban),GENERAL,10,Lakka Ashok,MALE,60,GENERAL,URTP,303,0,303,0.16
17,Nizamabad (Urban),GENERAL,11,Fazal Kareem,MALE,33,GENERAL,IND,268,0,268,0.15
17,Nizamabad (Urban),GENERAL,12,Badavath Lalitha,FEMALE,36,ST,IND,205,0,205,0.11
17,Nizamabad (Urban),GENERAL,13,Gangale Sanjeev,MALE,55,SC,RPI,138,0,138,0.07
17,Nizamabad (Urban),GENERAL,14,Ragi Anil,MALE,42,GENERAL,IND,114,0,114,0.06
17,Nizamabad (Urban),GENERAL,15,Mogili Rajkumar,MALE,45,GENERAL,IPBP,111,0,111,0.06
17,Nizamabad (Urban),GENERAL,16,Dandi Latha,FEMALE,48,GENERAL,BLFP,106,0,106,0.06
17,Nizamabad (Urban),GENERAL,17,Yamaganti Narendhar Goud,MALE,58,GENERAL,YGATLSIP,105,0,105,0.06
17,Nizamabad (Urban),GENERAL,18,Om Shankar Gandla,MALE,42,GENERAL,DHRMSMJP,90,5,95,0.05
17,Nizamabad (Urban),GENERAL,19,Ali Mansoor,MALE,35,GENERAL,AYSRCP,83,0,83,0.05
17,Nizamabad (Urban),GENERAL,20,Mohammed Zaheer Uddin,MALE,55,GENERAL,MBT,79,0,79,0.04
17,Nizamabad (Urban),GENERAL,21,Rapelly Srinivas,MALE,48,GENERAL,IND,62,1,63,0.03
17,Nizamabad (Urban),GENERAL,22,Datturam Khatal,MALE,45,GENERAL,RSPS,36,0,36,0.02
18,Nizamabad (Rural),GENERAL,1,Bhoopathi Reddy Rekulapally,MALE,59,GENERAL,INC,77723,655,78378,40.19
18,Nizamabad (Rural),GENERAL,2,Goverdhan Bajireddy,MALE,69,GENERAL,BRS,56102,313,56415,28.93
18,Nizamabad (Rural),GENERAL,3,Dinesh Kumar Kulachari,MALE,51,GENERAL,BJP,49268,455,49723,25.5
18,Nizamabad (Rural),GENERAL,4,Mattamla Shekhar,MALE,42,GENERAL,BSP,2261,32,2293,1.18
18,Nizamabad (Rural),GENERAL,5,Nota,,,,NOTA,2254,14,2268,1.16
18,Nizamabad (Rural),GENERAL,6,Balaraju Guguloth,MALE,39,ST,IND,1728,2,1730,0.89
18,Nizamabad (Rural),GENERAL,7,Boddu Ganga Reddy,MALE,71,GENERAL,IND,1093,3,1096,0.56
18,Nizamabad (Rural),GENERAL,8,Prashanth Ravutla,MALE,29,SC,DHRMSMJP,992,15,1007,0.52
18,Nizamabad (Rural),GENERAL,9,Chimarla Rajeshwar,MALE,41,GENERAL,IND,382,4,386,0.2
18,Nizamabad (Rural),GENERAL,10,Ara Sukesh Kumar,MALE,28,GENERAL,IND,374,2,376,0.19
18,Nizamabad (Rural),GENERAL,11,B.b.naik,MALE,48,ST,IND,353,6,359,0.18
18,Nizamabad (Rural),GENERAL,12,Degavath Shivaram,MALE,45,ST,IND,325,2,327,0.17
18,Nizamabad (Rural),GENERAL,13,Methri Rajashekar,MALE,31,SC,MCPI,282,0,282,0.14
18,Nizamabad (Rural),GENERAL,14,Kala Srinivas,MALE,42,GENERAL,RPI,221,3,224,0.11
18,Nizamabad (Rural),GENERAL,15,Prasanna Kumar,MALE,36,GENERAL,BCYP,152,2,154,0.08
19,Balkonda,GENERAL,1,Prashanth Reddy Vemula,MALE,57,GENERAL,BRS,69863,554,70417,40.28
19,Balkonda,GENERAL,2,Sunil Kumar Muthyala,MALE,45,GENERAL,INC,65025,859,65884,37.68
19,Balkonda,GENERAL,3,Annapurna Devi Aleti,FEMALE,68,GENERAL,BJP,29953,297,30250,17.3
19,Balkonda,GENERAL,4,Gadde Srinivas,MALE,55,GENERAL,AODRP,3299,14,3313,1.89
19,Balkonda,GENERAL,5,Pallikonda Narsaiah,MALE,67,GENERAL,BSP,1193,35,1228,0.7
19,Balkonda,GENERAL,6,Nota,,,,NOTA,1155,7,1162,0.66
19,Balkonda,GENERAL,7,Bhojanna Manglaram,MALE,35,SC,DHRMSMJP,919,16,935,0.53
19,Balkonda,GENERAL,8,Chetpally Shekar,MALE,31,GENERAL,BCYP,865,3,868,0.5
19,Balkonda,GENERAL,9,Abbagoni Ashok Goud,MALE,41,GENERAL,BLFP,777,5,782,0.45
20,Koratla,GENERAL,1,Kalvakuntla Sanjay,MALE,47,GENERAL,BRS,71755,360,72115,39.28
20,Koratla,GENERAL,2,Arvind Dharmapuri,MALE,47,GENERAL,BJP,61092,718,61810,33.67
20,Koratla,GENERAL,3,Narsinga Rao Juvvadi,MALE,61,GENERAL,INC,39323,324,39647,21.6
20,Koratla,GENERAL,4,Nishanth Karthikeya Pudhari,MALE,39,GENERAL,BSP,2444,22,2466,1.34
20,Koratla,GENERAL,5,Muthyam Raghu,MALE,34,GENERAL,IND,2140,1,2141,1.17
20,Koratla,GENERAL,6,Nota,,,,NOTA,1382,9,1391,0.76
20,Koratla,GENERAL,7,Vemula Vikram Reddy,MALE,30,GENERAL,IND,1376,0,1376,0.75
20,Koratla,GENERAL,8,Md. Rasheed Khan,MALE,54,GENERAL,IND,736,2,738,0.4
20,Koratla,GENERAL,9,Srinivas Rao Chennamaneni,MALE,50,GENERAL,AIFB,651,6,657,0.36
20,Koratla,GENERAL,10,Manuka Pravin,MALE,60,GENERAL,IND,342,2,344,0.19
20,Koratla,GENERAL,11,Alle Panduranga,MALE,49,GENERAL,LJD,194,0,194,0.11
20,Koratla,GENERAL,12,Dandu Dhanunjay,MALE,29,SC,URTP,173,0,173,0.09
20,Koratla,GENERAL,13,Are Rajendar,MALE,40,GENERAL,IND,168,4,172,0.09
20,Koratla,GENERAL,14,Raghuveer Kumar Dayya,MALE,31,SC,BMUP,132,1,133,0.07
20,Koratla,GENERAL,15,Saikrishna Murthy Guyya,MALE,38,GENERAL,BCYP,117,1,118,0.06
20,Koratla,GENERAL,16,Podeti Ramesh,MALE,39,SC,DHRMSMJP,115,0,115,0.06
21,Jagtial,GENERAL,1,Dr. Sanjay,MALE,61,GENERAL,BRS,69763,480,70243,39.83
21,Jagtial,GENERAL,2,Jeevan Reddy. T,MALE,72,GENERAL,INC,53697,724,54421,30.86
21,Jagtial,GENERAL,3,Boga Shravani,FEMALE,32,GENERAL,BJP,41531,607,42138,23.89
21,Jagtial,GENERAL,4,Ramadevi Rangu,FEMALE,38,GENERAL,AODRP,2430,8,2438,1.38
21,Jagtial,GENERAL,5,Nota,,,,NOTA,1460,11,1471,0.83
21,Jagtial,GENERAL,6,Balkam Mallesham Yadav,MALE,48,GENERAL,BSP,1226,16,1242,0.7
21,Jagtial,GENERAL,7,Gopi Chandraiah,MALE,54,ST,IND,940,6,946,0.54
21,Jagtial,GENERAL,8,Cheeti Shyamala,FEMALE,80,GENERAL,IND,794,3,797,0.45
21,Jagtial,GENERAL,9,Kotagiri Mohan,MALE,34,GENERAL,IND,517,3,520,0.29
21,Jagtial,GENERAL,10,Ankam Srinivas,MALE,47,GENERAL,MTRSP,481,4,485,0.28
21,Jagtial,GENERAL,11,Thirupathi Thoomu,MALE,29,GENERAL,IND,424,2,426,0.24
21,Jagtial,GENERAL,12,Mohd. Jameel,MALE,39,GENERAL,IND,332,1,333,0.19
21,Jagtial,GENERAL,13,Dr. Vadlamani Sathyanarayana Murthy,MALE,66,GENERAL,PPOI,312,4,316,0.18
21,Jagtial,GENERAL,14,Bollam Satish Kumar,MALE,38,GENERAL,BCUF,196,2,198,0.11
21,Jagtial,GENERAL,15,Dubba Chaithanya Kumar,MALE,35,SC,DHRMSMJP,193,4,197,0.11
21,Jagtial,GENERAL,16,Bhukya Nandu,MALE,56,ST,VTRP,188,0,188,0.11
22,Dharmapuri,SC,1,Adluri Laxman Kumar,MALE,57,SC,INC,90691,702,91393,50.3
22,Dharmapuri,SC,2,Koppula Eshwar,MALE,63,SC,BRS,68999,355,69354,38.17
22,Dharmapuri,SC,3,Kumar. S,MALE,57,SC,BJP,7243,102,7345,4.04
22,Dharmapuri,SC,4,Sherla Mahendar,MALE,30,SC,IND,3832,15,3847,2.12
22,Dharmapuri,SC,5,Mothe Naresh,MALE,32,SC,IND,2673,5,2678,1.47
22,Dharmapuri,SC,6,Nota,,,,NOTA,2386,6,2392,1.32
22,Dharmapuri,SC,7,Nakka Vijay Kumar,MALE,49,SC,BSP,1326,18,1344,0.74
22,Dharmapuri,SC,8,Mudugam Rajalingu,MALE,43,SC,IND,1016,6,1022,0.56
22,Dharmapuri,SC,9,Akshay Kumar Mekala,MALE,29,SC,IND,651,6,657,0.36
22,Dharmapuri,SC,10,Medapatla Dubbaiah,MALE,33,SC,IND,534,3,537,0.3
22,Dharmapuri,SC,11,Duda Mahipal,MALE,31,SC,IND,343,3,346,0.19
22,Dharmapuri,SC,12,Jadi Prem Sagar,MALE,36,SC,IND,188,5,193,0.11
22,Dharmapuri,SC,13,Duda Thirupathi,MALE,37,SC,DHRMSMJP,175,2,177,0.1
22,Dharmapuri,SC,14,Kuntala Narsaiah,MALE,47,SC,IND,149,4,153,0.08
22,Dharmapuri,SC,15,Theegala Shekhar,MALE,39,SC,IND,132,5,137,0.08
22,Dharmapuri,SC,16,Bhuthkuri Kantha,FEMALE,49,SC,AIFB,113,2,115,0.06
23,Ramagundam,GENERAL,1,Makkan Singh Raj Thakur,MALE,52,GENERAL,INC,91604,623,92227,60.28
23,Ramagundam,GENERAL,2,Korukanti Chander,MALE,51,GENERAL,BRS,35143,290,35433,23.16
23,Ramagundam,GENERAL,3,Kandula Sandhya Rani,FEMALE,39,GENERAL,BJP,12833,133,12966,8.48
23,Ramagundam,GENERAL,4,Somarapu Satyanarayana,MALE,75,GENERAL,IND,4005,43,4048,2.65
23,Ramagundam,GENERAL,5,Nota,,,,NOTA,1563,9,1572,1.03
23,Ramagundam,GENERAL,6,Ambati Naresh Yadav,MALE,36,GENERAL,BSP,846,7,853,0.56
23,Ramagundam,GENERAL,7,Manchikatla Dayakar,MALE,48,GENERAL,IND,811,0,811,0.53
23,Ramagundam,GENERAL,8,Kampalli Raghu Babu,MALE,30,SC,IND,627,1,628,0.41
23,Ramagundam,GENERAL,9,Samala Aravind,MALE,26,GENERAL,AODRP,622,5,627,0.41
23,Ramagundam,GENERAL,10,Gorre Ramesh,MALE,57,SC,telp,533,1,534,0.35
23,Ramagundam,GENERAL,11,Kirthi Kanth Gudimalla,MALE,41,GENERAL,IND,438,1,439,0.29
23,Ramagundam,GENERAL,12,Neerati Shankar,MALE,55,SC,IND,374,3,377,0.25
23,Ramagundam,GENERAL,13,B. Chandra Shekar,MALE,26,GENERAL,IND,346,0,346,0.23
23,Ramagundam,GENERAL,14,Gajjelli Venkateshwarlu,MALE,48,GENERAL,IND,324,2,326,0.21
23,Ramagundam,GENERAL,15,N. Ramu,MALE,40,SC,IND,246,1,247,0.16
23,Ramagundam,GENERAL,16,Peddapalli Sandeep,MALE,30,GENERAL,IND,220,1,221,0.14
23,Ramagundam,GENERAL,17,Manmohan Thammera,MALE,41,GENERAL,VTRP,211,3,214,0.14
23,Ramagundam,GENERAL,18,Shakeer Baba,MALE,39,GENERAL,IND,185,0,185,0.12
23,Ramagundam,GENERAL,19,Rajkumar Pulipaka,MALE,34,SC,DHRMSMJP,168,3,171,0.11
23,Ramagundam,GENERAL,20,Jeevan Rao Paruvelli,MALE,65,GENERAL,JSKHP,166,0,166,0.11
23,Ramagundam,GENERAL,21,Lingala Shankar,MALE,39,SC,IND,150,0,150,0.1
23,Ramagundam,GENERAL,22,Perumandla Wedha Bhushan,MALE,38,GENERAL,PPOI,148,1,149,0.1
23,Ramagundam,GENERAL,23,Sheelam Srinivas,MALE,42,GENERAL,BHRTSWDCNG,149,0,149,0.1
23,Ramagundam,GENERAL,24,Ashok Vemula,MALE,55,GENERAL,NIP,147,2,149,0.1
24,Manthani,GENERAL,1,Duddilla Sridhar Babu,MALE,54,GENERAL,INC,103243,579,103822,52.82
24,Manthani,GENERAL,2,Putta Madhukar,MALE,52,GENERAL,BRS,72175,267,72442,36.86
24,Manthani,GENERAL,3,Chandrupatla Sunil Reddy,MALE,49,GENERAL,BJP,5741,38,5779,2.94
24,Manthani,GENERAL,4,Challa Narayana Reddy,MALE,58,GENERAL,BSP,2923,14,2937,1.49
24,Manthani,GENERAL,5,Arla Nagaraju,MALE,36,SC,AODRP,2413,1,2414,1.23
24,Manthani,GENERAL,6,G. Kishan Rao,MALE,76,GENERAL,IND,1402,2,1404,0.71
24,Manthani,GENERAL,7,Gorige Kiran Kumar,MALE,34,ST,IND,911,2,913,0.46
24,Manthani,GENERAL,8,Arikilla Ramakrishna,MALE,32,SC,IND,845,0,845,0.43
24,Manthani,GENERAL,9,Nota,,,,NOTA,774,2,776,0.39
24,Manthani,GENERAL,10,Noone Rajesham,MALE,71,GENERAL,IND,765,0,765,0.39
24,Manthani,GENERAL,11,Butti Damodar,MALE,33,SC,IND,621,0,621,0.32
24,Manthani,GENERAL,12,Ajeeth Kumar Sagi,MALE,44,GENERAL,AIFB,566,0,566,0.29
24,Manthani,GENERAL,13,K. Mahender,MALE,32,SC,ABDP,551,0,551,0.28
24,Manthani,GENERAL,14,Pothula Rajesh Khanna,MALE,33,GENERAL,IND,533,0,533,0.27
24,Manthani,GENERAL,15,Madem Venkatesh,MALE,25,SC,IND,456,0,456,0.23
24,Manthani,GENERAL,16,Erugurala Santhosh,MALE,36,SC,telp,346,0,346,0.18
24,Manthani,GENERAL,17,Chityala Srinivas,MALE,28,SC,DHRMSMJP,309,2,311,0.16
24,Manthani,GENERAL,18,Challa Laxman,MALE,31,GENERAL,IND,311,0,311,0.16
24,Manthani,GENERAL,19,Anvesh Pothula,MALE,30,GENERAL,IND,269,1,270,0.14
24,Manthani,GENERAL,20,Nune Sanjeev,MALE,30,GENERAL,BHRTSWDCNG,200,0,200,0.1
24,Manthani,GENERAL,21,Durgam Nageshwara Rao,MALE,40,SC,PS,158,0,158,0.08
24,Manthani,GENERAL,22,Ranaveni Laxman,MALE,50,GENERAL,IND,123,0,123,0.06
25,Peddapalle,GENERAL,1,Chinthakunta Vijaya Ramana Rao,MALE,57,GENERAL,INC,118113,775,118888,57.17
25,Peddapalle,GENERAL,2,Dasari Manohar Reddy,MALE,69,GENERAL,BRS,63431,349,63780,30.67
25,Peddapalle,GENERAL,3,Dasari Usha,FEMALE,27,GENERAL,BSP,10205,110,10315,4.96
25,Peddapalle,GENERAL,4,Pradeep Kumar Dugyala,MALE,57,GENERAL,BJP,6216,96,6312,3.04
25,Peddapalle,GENERAL,5,Bhuthagadda Naresh,MALE,34,GENERAL,IND,1869,0,1869,0.9
25,Peddapalle,GENERAL,6,Gunti Kumara Swamy,MALE,44,GENERAL,IND,1162,6,1168,0.56
25,Peddapalle,GENERAL,7,Sravan Peddapelly,MALE,33,GENERAL,IND,1138,5,1143,0.55
25,Peddapalle,GENERAL,8,Naveen Nukala,MALE,27,SC,IND,1022,1,1023,0.49
25,Peddapalle,GENERAL,9,Nota,,,,NOTA,861,4,865,0.42
25,Peddapalle,GENERAL,10,Chinthapandu Anil,MALE,27,GENERAL,IND,807,8,815,0.39
25,Peddapalle,GENERAL,11,Pendyala Surender,MALE,49,GENERAL,IND,431,1,432,0.21
25,Peddapalle,GENERAL,12,Kokkisa Devendra Goud,MALE,61,GENERAL,IND,264,6,270,0.13
25,Peddapalle,GENERAL,13,Donthravena Rajkumar,MALE,26,GENERAL,BHRTSWDCNG,233,3,236,0.11
25,Peddapalle,GENERAL,14,Chiluka Anand,MALE,39,SC,IND,218,6,224,0.11
25,Peddapalle,GENERAL,15,Amani Bachali,FEMALE,29,SC,DHRMSMJP,197,1,198,0.1
25,Peddapalle,GENERAL,16,Karapuri Naresh Kumar,MALE,34,GENERAL,IND,176,2,178,0.09
25,Peddapalle,GENERAL,17,Janagama Thirupathi,MALE,48,SC,NIP,120,0,120,0.06
25,Peddapalle,GENERAL,18,Dileshwar Reddy Gagireddy,MALE,61,GENERAL,PPOI,105,3,108,0.05
26,Karimnagar,GENERAL,1,Gangula Kamalakar,MALE,56,GENERAL,BRS,91224,955,92179,40.12
26,Karimnagar,GENERAL,2,Bandi Sanjay Kumar,MALE,52,GENERAL,BJP,86344,2672,89016,38.74
26,Karimnagar,GENERAL,3,Purumalla Srinivas,MALE,50,GENERAL,INC,38526,1531,40057,17.43
26,Karimnagar,GENERAL,4,Nallala Srinivas,MALE,34,SC,BSP,1449,97,1546,0.67
26,Karimnagar,GENERAL,5,Nota,,,,NOTA,1255,14,1269,0.55
26,Karimnagar,GENERAL,6,Gorre Thara,FEMALE,54,SC,IND,985,1,986,0.43
26,Karimnagar,GENERAL,7,Gorre Sampath Kumar,MALE,41,SC,IND,706,0,706,0.31
26,Karimnagar,GENERAL,8,Gurram Kamalaker,MALE,38,GENERAL,IND,443,1,444,0.19
26,Karimnagar,GENERAL,9,Ambati Joji Reddy,MALE,56,GENERAL,AIFB,423,7,430,0.19
26,Karimnagar,GENERAL,10,Dr. Penchala Srinivas,MALE,44,GENERAL,IND,404,1,405,0.18
26,Karimnagar,GENERAL,11,Bellapu Karunakar,MALE,36,GENERAL,IND,362,1,363,0.16
26,Karimnagar,GENERAL,12,Kota Shyam Kumar,MALE,36,GENERAL,IND,293,5,298,0.13
26,Karimnagar,GENERAL,13,Dr. K. Nagesh,MALE,65,GENERAL,IND,287,1,288,0.13
26,Karimnagar,GENERAL,14,Theety Sudhakar Rao,MALE,50,GENERAL,IND,277,1,278,0.12
26,Karimnagar,GENERAL,15,Banda Kishore Reddy,MALE,34,GENERAL,IND,197,0,197,0.09
26,Karimnagar,GENERAL,16,Gavvala Laxmi,FEMALE,39,SC,IND,181,0,181,0.08
26,Karimnagar,GENERAL,17,Modumpalli Srikanth,MALE,27,SC,DHRMSMJP,152,7,159,0.07
26,Karimnagar,GENERAL,18,Cheeti Venkat Ramana Rao,MALE,51,GENERAL,IND,142,0,142,0.06
26,Karimnagar,GENERAL,19,Aqeel Shahed Mohammed,MALE,56,GENERAL,IND,110,1,111,0.05
26,Karimnagar,GENERAL,20,Ellaiah Nagunoori,MALE,46,GENERAL,IND,106,2,108,0.05
26,Karimnagar,GENERAL,21,Bandi Srinivas,MALE,41,GENERAL,INJSP,97,1,98,0.04
26,Karimnagar,GENERAL,22,Shafi,MALE,39,GENERAL,IND,84,0,84,0.04
26,Karimnagar,GENERAL,23,Mohan Durgam,MALE,51,SC,BMUP,81,3,84,0.04
26,Karimnagar,GENERAL,24,Narmada Thotapally,FEMALE,31,SC,PPOI,78,1,79,0.03
26,Karimnagar,GENERAL,25,Durga Bai Bangaru,FEMALE,45,GENERAL,PS,79,0,79,0.03
26,Karimnagar,GENERAL,26,Pallella Devaraju,MALE,46,GENERAL,IND,69,1,70,0.03
26,Karimnagar,GENERAL,27,Moin Mechanik,MALE,41,GENERAL,IND,66,0,66,0.03
26,Karimnagar,GENERAL,28,Babban,MALE,38,GENERAL,IND,47,4,51,0.02
27,Choppadandi,SC,1,Medipally Sathyam,MALE,43,SC,INC,89757,638,90395,49.62
27,Choppadandi,SC,2,Ravi Shankar Sunke,MALE,53,SC,BRS,52847,109,52956,29.07
27,Choppadandi,SC,3,Bodiga Shobha Galanna,FEMALE,49,SC,BJP,26507,162,26669,14.64
27,Choppadandi,SC,4,Konkati Shekhar,MALE,41,SC,BSP,5097,56,5153,2.83
27,Choppadandi,SC,5,Gowru Ajay Kumar,MALE,35,SC,IND,1400,0,1400,0.77
27,Choppadandi,SC,6,Nota,,,,NOTA,1253,7,1260,0.69
27,Choppadandi,SC,7,Kallepelly Vijaya Raju,MALE,57,SC,IND,993,1,994,0.55
27,Choppadandi,SC,8,Jangam Sadhana,FEMALE,33,SC,DHRMSMJP,738,7,745,0.41
27,Choppadandi,SC,9,Dasari Vidyasagar,MALE,35,SC,IND,651,1,652,0.36
27,Choppadandi,SC,10,Akkenapalli Sathish,MALE,32,SC,IND,401,0,401,0.22
27,Choppadandi,SC,11,Bejjanki Prashanth Kumar,MALE,31,SC,PPID,375,0,375,0.21
27,Choppadandi,SC,12,Vijay Kumar Muthyala,MALE,47,SC,AIFB,357,1,358,0.2
27,Choppadandi,SC,13,Dumpala Narshim Babu,MALE,61,SC,JASWP,344,1,345,0.19
27,Choppadandi,SC,14,Lakkam Ajay,MALE,35,SC,VTRP,248,0,248,0.14
27,Choppadandi,SC,15,Bangari Madhava,MALE,37,SC,PPOI,237,0,237,0.13
28,Vemulawada,GENERAL,1,Aadi Srinivas,MALE,57,GENERAL,INC,70836,615,71451,41.03
28,Vemulawada,GENERAL,2,Chalimeda Lakshmi Narasimha Rao,MALE,61,GENERAL,BRS,56538,332,56870,32.66
28,Vemulawada,GENERAL,3,Chennamaneni Vikas,MALE,45,GENERAL,BJP,29533,177,29710,17.06
28,Vemulawada,GENERAL,4,Dr. Goli Mohan,MALE,49,GENERAL,BSP,4604,45,4649,2.67
28,Vemulawada,GENERAL,5,Md. Akhil Pasha,MALE,26,GENERAL,AODRP,2822,14,2836,1.63
28,Vemulawada,GENERAL,6,Jinka Srinivas,MALE,47,SC,IND,1916,12,1928,1.11
28,Vemulawada,GENERAL,7,Nota,,,,NOTA,1275,5,1280,0.74
28,Vemulawada,GENERAL,8,Gudishe Mohan,MALE,43,SC,IND,1256,10,1266,0.73
28,Vemulawada,GENERAL,9,Merupula Rakesh Reddy,MALE,32,GENERAL,IND,1198,2,1200,0.69
28,Vemulawada,GENERAL,10,Ravi Naini,MALE,44,GENERAL,YGATLSIP,595,16,611,0.35
28,Vemulawada,GENERAL,11,Katkoori Anose,MALE,31,SC,IND,494,9,503,0.29
28,Vemulawada,GENERAL,12,Angoori Ranjith,MALE,25,SC,IND,426,3,429,0.25
28,Vemulawada,GENERAL,13,Puppala Mohan,MALE,33,GENERAL,IND,417,2,419,0.24
28,Vemulawada,GENERAL,14,Gaddam Harish,MALE,29,GENERAL,DHRMSMJP,364,11,375,0.22
28,Vemulawada,GENERAL,15,Guggilla Ravi Goud,MALE,39,GENERAL,AIFB,245,2,247,0.14
28,Vemulawada,GENERAL,16,Ramesh Babu Ajmeera,MALE,33,ST,PRSHP,228,4,232,0.13
28,Vemulawada,GENERAL,17,Jakkani Bhupathi,MALE,80,GENERAL,PPOI,135,4,139,0.08
29,Sircilla,GENERAL,1,Kalvakuntla Taraka Rama Rao (k.t.r),MALE,47,GENERAL,BRS,88761,483,89244,47.28
29,Sircilla,GENERAL,2,K.k. Mahender Reddy,MALE,62,GENERAL,INC,58916,641,59557,31.56
29,Sircilla,GENERAL,3,Rani Rudrama Reddy,FEMALE,43,GENERAL,BJP,18184,144,18328,9.71
29,Sircilla,GENERAL,4,Pittala Bhoomesh,MALE,50,GENERAL,BSP,7523,62,7585,4.02
29,Sircilla,GENERAL,5,Lagishetty Srinivas,MALE,52,GENERAL,VTRP,2536,32,2568,1.36
29,Sircilla,GENERAL,6,J. Madhu,MALE,40,GENERAL,IND,1980,3,1983,1.05
29,Sircilla,GENERAL,7,Goute Ganesh,MALE,40,GENERAL,IND,1751,1,1752,0.93
29,Sircilla,GENERAL,8,Konda Ravi Kanth,MALE,37,GENERAL,AODRP,1502,24,1526,0.81
29,Sircilla,GENERAL,9,Pathipaka Suresh,MALE,33,GENERAL,AIFB,1161,5,1166,0.62
29,Sircilla,GENERAL,10,Nota,,,,NOTA,840,2,842,0.45
29,Sircilla,GENERAL,11,Koduri Bala Lingam,MALE,44,GENERAL,IND,765,1,766,0.41
29,Sircilla,GENERAL,12,Krishna Donikeni,MALE,41,GENERAL,IND,749,1,750,0.4
29,Sircilla,GENERAL,13,Nakka Hareesh,MALE,28,SC,IND,439,1,440,0.23
29,Sircilla,GENERAL,14,Ragula Ramulu,MALE,49,SC,ABDP,408,0,408,0.22
29,Sircilla,GENERAL,15,Reddymalla Srinivas,MALE,55,SC,RPPRINAT,369,6,375,0.2
29,Sircilla,GENERAL,16,Annaram Saikumar,MALE,27,GENERAL,IND,341,1,342,0.18
29,Sircilla,GENERAL,17,Kesugani Parameshwari,FEMALE,40,SC,DHRMSMJP,330,3,333,0.18
29,Sircilla,GENERAL,18,Thatipamula Srinivas,MALE,56,GENERAL,IND,181,2,183,0.1
29,Sircilla,GENERAL,19,Rikkamalle Manoj Kumar,MALE,37,GENERAL,IND,177,1,178,0.09
29,Sircilla,GENERAL,20,Busapuram Praveen,MALE,31,GENERAL,IND,156,1,157,0.08
29,Sircilla,GENERAL,21,D. Devaiah,MALE,73,GENERAL,PPOI,133,3,136,0.07
29,Sircilla,GENERAL,22,Dosala Chandram,MALE,39,SC,IPBP,120,1,121,0.06
30,Manakondur,SC,1,Dr. Kavvampally Satyanarayana,MALE,58,SC,INC,95904,869,96773,52.08
30,Manakondur,SC,2,Erupula Balakishan Rasamayi,MALE,58,SC,BRS,64161,247,64408,34.66
30,Manakondur,SC,3,Arepally Mohan,MALE,67,SC,BJP,14674,205,14879,8.01
30,Manakondur,SC,4,Nisani Ramachandram,MALE,40,SC,BSP,3292,53,3345,1.8
30,Manakondur,SC,5,Shanigarapu Yuvaraju,MALE,31,SC,IND,2213,3,2216,1.19
30,Manakondur,SC,6,Nota,,,,NOTA,1988,10,1998,1.08
30,Manakondur,SC,7,Boge Padma,FEMALE,39,SC,AIMEP,838,6,844,0.45
30,Manakondur,SC,8,Nishani Krishna,MALE,40,SC,BCYP,355,2,357,0.19
30,Manakondur,SC,9,Dubbasi Mahendar,MALE,33,SC,IPBP,340,3,343,0.18
30,Manakondur,SC,10,Thodeti Pavithra,FEMALE,30,SC,SP(I),334,8,342,0.18
30,Manakondur,SC,11,"Jakkanapally Ganesh, Advocate",MALE,35,SC,AIFB,314,10,324,0.17
31,Huzurabad,GENERAL,1,Kaushik Reddy Padi,MALE,38,GENERAL,BRS,80003,330,80333,38.38
31,Huzurabad,GENERAL,2,Eatala Rajendar,MALE,59,GENERAL,BJP,62845,615,63460,30.32
31,Huzurabad,GENERAL,3,Voditala Pranav,MALE,35,GENERAL,INC,52461,703,53164,25.4
31,Huzurabad,GENERAL,4,Palle Prashanth Goud,MALE,32,GENERAL,BSP,2123,27,2150,1.03
31,Huzurabad,GENERAL,5,Nota,,,,NOTA,1205,3,1208,0.58
31,Huzurabad,GENERAL,6,Moutam Sampath,MALE,33,GENERAL,AODRP,1153,0,1153,0.55
31,Huzurabad,GENERAL,7,Barige Gattaiah Yadav,MALE,48,GENERAL,IND,1095,1,1096,0.52
31,Huzurabad,GENERAL,8,Abbu Mahipal Reddy,MALE,34,GENERAL,IND,999,0,999,0.48
31,Huzurabad,GENERAL,9,Emmadi Sathish,MALE,37,SC,IND,923,1,924,0.44
31,Huzurabad,GENERAL,10,Challa Thirupathi Reddy,MALE,35,GENERAL,IND,762,0,762,0.36
31,Huzurabad,GENERAL,11,Bisadi Mukunda Rao,MALE,57,GENERAL,IND,682,0,682,0.33
31,Huzurabad,GENERAL,12,Chiluveri Rakesh,MALE,28,SC,DHRMSMJP,586,6,592,0.28
31,Huzurabad,GENERAL,13,Veeraswamy Goud Jakke,MALE,48,GENERAL,MCPI,573,0,573,0.27
31,Huzurabad,GENERAL,14,Anil Gouda,MALE,38,GENERAL,IND,504,0,504,0.24
31,Huzurabad,GENERAL,15,Gangarapu Thirupathi,MALE,56,SC,PPID,345,0,345,0.16
31,Huzurabad,GENERAL,16,Rameshbabu Shanigarapu,MALE,39,SC,BALP,305,0,305,0.15
31,Huzurabad,GENERAL,17,Madhavarani Barige,FEMALE,39,GENERAL,IND,286,0,286,0.14
31,Huzurabad,GENERAL,18,Srikanth Siliveru,MALE,39,GENERAL,IND,151,0,151,0.07
31,Huzurabad,GENERAL,19,Devunoori Srinivasu,MALE,43,GENERAL,DABAP,150,0,150,0.07
31,Huzurabad,GENERAL,20,Molugu Venkatesh,MALE,39,SC,NIP,147,2,149,0.07
31,Huzurabad,GENERAL,21,Chintha Anilkumar,MALE,38,GENERAL,PPOI,118,1,119,0.06
31,Huzurabad,GENERAL,22,Rapole Ram Kumar Bharadwaj,MALE,51,GENERAL,IND,107,0,107,0.05
31,Huzurabad,GENERAL,23,Thirupathi Bavu,MALE,43,GENERAL,BCYP,99,0,99,0.05
32,Husnabad,GENERAL,1,Ponnam Prabhakar,MALE,56,GENERAL,INC,99769,1186,100955,48.84
32,Husnabad,GENERAL,2,Satish Kumar Voditela,MALE,57,GENERAL,BRS,81291,320,81611,39.48
32,Husnabad,GENERAL,3,Bomma Sriram Chakravarthy,MALE,53,GENERAL,BJP,8228,110,8338,4.03
32,Husnabad,GENERAL,4,Gadda. Sathish,MALE,33,GENERAL,IND,5097,7,5104,2.47
32,Husnabad,GENERAL,5,Peddolla Srinivas,MALE,44,GENERAL,BSP,2662,32,2694,1.3
32,Husnabad,GENERAL,6,Kashaveni Sammaiah,MALE,50,GENERAL,IND,1304,1,1305,0.63
32,Husnabad,GENERAL,7,Nota,,,,NOTA,1217,5,1222,0.59
32,Husnabad,GENERAL,8,Anilreddy Kadthala,MALE,29,GENERAL,IND,804,1,805,0.39
32,Husnabad,GENERAL,9,Dumbala Parasharamulu,MALE,49,GENERAL,JASWP,655,0,655,0.32
32,Husnabad,GENERAL,10,Botha Nagabhushanam,MALE,40,SC,IPBP,538,2,540,0.26
32,Husnabad,GENERAL,11,Boini Sadan Maharaj,MALE,35,SC,DHRMSMJP,478,9,487,0.24
32,Husnabad,GENERAL,12,Kamadri Murali,MALE,35,SC,IND,454,1,455,0.22
32,Husnabad,GENERAL,13,Bolli Subhash,MALE,32,GENERAL,TDDP,441,1,442,0.21
32,Husnabad,GENERAL,14,Pachimatla Ravinder,MALE,51,GENERAL,IND,435,1,436,0.21
32,Husnabad,GENERAL,15,Devasani Thirupathi Reddy,MALE,48,GENERAL,IND,431,0,431,0.21
32,Husnabad,GENERAL,16,Sunkari Venkataswamy,MALE,63,GENERAL,PPID,370,1,371,0.18
32,Husnabad,GENERAL,17,Marati Manideep,MALE,27,SC,IND,341,0,341,0.16
32,Husnabad,GENERAL,18,Sandeep Konganti,MALE,30,GENERAL,VTRP,171,2,173,0.08
32,Husnabad,GENERAL,19,Lankasiri Raj Kumar,MALE,29,GENERAL,NNKP,168,2,170,0.08
32,Husnabad,GENERAL,20,Vadlakonda Ravikumar Reddy,MALE,58,GENERAL,BCYP,163,0,163,0.08
33,Siddipet,GENERAL,1,Thanneeru Harish Rao,MALE,52,GENERAL,BRS,104109,1405,105514,58.17
33,Siddipet,GENERAL,2,Pujala Hari Krishna,MALE,39,GENERAL,INC,22489,717,23206,12.79
33,Siddipet,GENERAL,3,Dudi Srikanth Reddy,MALE,42,GENERAL,BJP,22332,869,23201,12.79
33,Siddipet,GENERAL,4,Gadhagoni Chakradhar Goud,MALE,36,GENERAL,BSP,16314,296,16610,9.16
33,Siddipet,GENERAL,5,Pilli Sai Kumar,MALE,26,GENERAL,IND,4968,2,4970,2.74
33,Siddipet,GENERAL,6,Nota,,,,NOTA,1260,40,1300,0.72
33,Siddipet,GENERAL,7,Barre Mallaiah,MALE,70,GENERAL,IND,926,2,928,0.51
33,Siddipet,GENERAL,8,Paisa Ramakrishna,MALE,53,GENERAL,IND,877,4,881,0.49
33,Siddipet,GENERAL,9,Ati Anjaneyulu,MALE,37,SC,IND,672,3,675,0.37
33,Siddipet,GENERAL,10,Pashikanti Shankar,MALE,64,GENERAL,IND,541,2,543,0.3
33,Siddipet,GENERAL,11,Pothuganti Narsimha Reddy,MALE,72,GENERAL,IND,501,3,504,0.28
33,Siddipet,GENERAL,12,Vatarikari Nagarani,FEMALE,43,SC,ABDP,474,4,478,0.26
33,Siddipet,GENERAL,13,Gummadi Srishylam,MALE,36,GENERAL,IND,394,49,443,0.24
33,Siddipet,GENERAL,14,Ekkldevi Lingam,MALE,40,GENERAL,IND,357,1,358,0.2
33,Siddipet,GENERAL,15,Varikolu Srinivas,MALE,35,GENERAL,IND,338,0,338,0.19
33,Siddipet,GENERAL,16,Guvvala Santhosh Kumar,MALE,31,GENERAL,IND,286,5,291,0.16
33,Siddipet,GENERAL,17,Dharmajipeta Prathap Reddy,MALE,46,GENERAL,IND,226,1,227,0.13
33,Siddipet,GENERAL,18,Babu Karrolla,MALE,40,SC,DHRMSMJP,214,4,218,0.12
33,Siddipet,GENERAL,19,Narsimha Reddy Adulla,MALE,59,GENERAL,BCYP,205,1,206,0.11
33,Siddipet,GENERAL,20,Srikanth Peddasaigari,MALE,26,GENERAL,IND,192,4,196,0.11
33,Siddipet,GENERAL,21,Romala Babu Durgaiah,MALE,38,SC,IPBP,163,1,164,0.09
33,Siddipet,GENERAL,22,Rajinikar Chada,MALE,35,GENERAL,IND,151,1,152,0.08
34,Medak,GENERAL,1,Mynampally Rohith,MALE,26,GENERAL,INC,85873,1253,87126,46.63
34,Medak,GENERAL,2,Padma Devender Reddy.m,FEMALE,54,GENERAL,BRS,76635,334,76969,41.19
34,Medak,GENERAL,3,Vijay Kumar Panja,MALE,48,GENERAL,BJP,13352,305,13657,7.31
34,Medak,GENERAL,4,A.kumar,MALE,36,SC,IND,2479,10,2489,1.33
34,Medak,GENERAL,5,Nota,,,,NOTA,1852,8,1860,1.0
34,Medak,GENERAL,6,Laxmi Amsanpally,FEMALE,53,GENERAL,BSP,1094,18,1112,0.6
34,Medak,GENERAL,7,Lambadi Tharya,MALE,47,ST,IND,809,1,810,0.43
34,Medak,GENERAL,8,Lasmagalla Padma,FEMALE,39,SC,IND,771,2,773,0.41
34,Medak,GENERAL,9,Pullaiah Vanam,MALE,51,ST,MCPI,759,2,761,0.41
34,Medak,GENERAL,10,Boddu Devadasu,MALE,48,SC,IBP,379,1,380,0.2
34,Medak,GENERAL,11,Kommata Swamy,MALE,34,SC,IND,282,1,283,0.15
34,Medak,GENERAL,12,Gaddameedi Nagaraju Goud,MALE,31,GENERAL,IND,218,3,221,0.12
34,Medak,GENERAL,13,Wanaparthy Rohit,MALE,45,GENERAL,BCYP,217,0,217,0.12
34,Medak,GENERAL,14,Patlolla Bhapu Reddy,MALE,45,GENERAL,IND,200,5,205,0.11
35,Narayankhed,GENERAL,1,Patlolla Sanjeeva Reddy,MALE,61,GENERAL,INC,90281,1092,91373,47.09
35,Narayankhed,GENERAL,2,Mahareddy Bhupal Reddy,MALE,63,GENERAL,BRS,84515,311,84826,43.72
35,Narayankhed,GENERAL,3,Jenawade Sangappa,MALE,47,GENERAL,BJP,7694,129,7823,4.03
35,Narayankhed,GENERAL,4,Mohd Alauddin,MALE,43,GENERAL,BSP,1549,12,1561,0.8
35,Narayankhed,GENERAL,5,Ponna Mala Rukmini Reddy,FEMALE,40,GENERAL,IND,1137,0,1137,0.59
35,Narayankhed,GENERAL,6,Satish. V,MALE,28,ST,IND,960,0,960,0.49
35,Narayankhed,GENERAL,7,Mudiraju Venkatesham,MALE,50,GENERAL,IND,951,0,951,0.49
35,Narayankhed,GENERAL,8,Nota,,,,NOTA,858,3,861,0.44
35,Narayankhed,GENERAL,9,Putala Vithal,MALE,66,GENERAL,IND,860,0,860,0.44
35,Narayankhed,GENERAL,10,Neelakanti Ashok Kumar,MALE,51,GENERAL,IND,773,0,773,0.4
35,Narayankhed,GENERAL,11,Prakash Rathod.,MALE,30,ST,BMUP,640,5,645,0.33
35,Narayankhed,GENERAL,12,Satti. Gopal Reddy,MALE,48,GENERAL,YGATLSIP,574,0,574,0.3
35,Narayankhed,GENERAL,13,Abbenda Anja Goud,MALE,41,GENERAL,IND,400,2,402,0.21
35,Narayankhed,GENERAL,14,B. Nageswar,MALE,27,SC,IND,381,0,381,0.2
35,Narayankhed,GENERAL,15,Bhutipil Narsimlu,MALE,47,SC,BARESP,340,0,340,0.18
35,Narayankhed,GENERAL,16,P. Narsa Reddy,MALE,58,GENERAL,IND,154,3,157,0.08
35,Narayankhed,GENERAL,17,K. Ramesh Nayak,MALE,28,ST,NRCP,148,0,148,0.08
35,Narayankhed,GENERAL,18,Alige Jeevan,MALE,33,SC,DHRMSMJP,137,0,137,0.07
35,Narayankhed,GENERAL,19,Chouhan Ankosh,MALE,31,ST,JJSP,126,1,127,0.07
36,Andole,SC,1,C. Damodar Rajanarsimha,MALE,64,SC,INC,113104,1043,114147,53.65
36,Andole,SC,2,Chanti Kranthi Kiran,MALE,47,SC,BRS,85677,277,85954,40.4
36,Andole,SC,3,Babu Mohan Palli,MALE,71,SC,BJP,5462,62,5524,2.6
36,Andole,SC,4,Ramesh. Begari,MALE,29,SC,IND,1253,1,1254,0.59
36,Andole,SC,5,Nadiminti Krishna,MALE,50,SC,IND,850,1,851,0.4
36,Andole,SC,6,Begari Amos,MALE,25,SC,IND,810,1,811,0.38
36,Andole,SC,7,Vatnagari Davidu,MALE,40,SC,IND,810,0,810,0.38
36,Andole,SC,8,Mupparam Prakasham,MALE,46,SC,BSP,757,5,762,0.36
36,Andole,SC,9,Nota,,,,NOTA,546,2,548,0.26
36,Andole,SC,10,V Siva Kumar,MALE,36,SC,IND,527,0,527,0.25
36,Andole,SC,11,Begari Ashok,MALE,34,SC,YGATLSIP,304,0,304,0.14
36,Andole,SC,12,Girukhabhavi Surekha,FEMALE,37,SC,IND,254,0,254,0.12
36,Andole,SC,13,Pottigalla Mohan,MALE,42,SC,IND,242,1,243,0.11
36,Andole,SC,14,N. Kranthi Kumar,MALE,31,SC,IND,178,1,179,0.08
36,Andole,SC,15,Krishna Pump,MALE,47,SC,IND,128,6,134,0.06
36,Andole,SC,16,Gummadi Laxman (john),MALE,28,SC,BMUP,129,0,129,0.06
36,Andole,SC,17,Devadas. Yerraram.,MALE,31,SC,BCYP,111,1,112,0.05
36,Andole,SC,18,P.kranthi Kumar,MALE,31,SC,IND,104,5,109,0.05
36,Andole,SC,19,Pavan Kasala,MALE,33,SC,IPBP,98,0,98,0.05
37,Narsapur,GENERAL,1,Vakiti Sunitha Laxma Reddy,FEMALE,55,GENERAL,BRS,88104,306,88410,44.64
37,Narsapur,GENERAL,2,Aavula Raji Reddy,MALE,52,GENERAL,INC,78957,598,79555,40.17
37,Narsapur,GENERAL,3,Arra Golla Murlidhar Yadav,MALE,65,GENERAL,BJP,22713,152,22865,11.54
37,Narsapur,GENERAL,4,Nota,,,,NOTA,1383,3,1386,0.7
37,Narsapur,GENERAL,5,Chekurthi Laxma Reddy,MALE,43,GENERAL,IND,1097,1,1098,0.55
37,Narsapur,GENERAL,6,K Narsimhulu,MALE,59,ST,BSP,1085,5,1090,0.55
37,Narsapur,GENERAL,7,Pillutla Lakshmi,FEMALE,38,GENERAL,IND,848,2,850,0.43
37,Narsapur,GENERAL,8,Bidimatta Laxmi,FEMALE,38,GENERAL,IND,751,0,751,0.38
37,Narsapur,GENERAL,9,Dodla Narayan Reddy,MALE,41,GENERAL,IND,695,0,695,0.35
37,Narsapur,GENERAL,10,Agamaiah Gourigari,MALE,50,GENERAL,BCYP,603,1,604,0.3
37,Narsapur,GENERAL,11,E. Madhavi,FEMALE,38,GENERAL,IND,559,0,559,0.28
37,Narsapur,GENERAL,12,Janapati Narsimlu,MALE,26,GENERAL,IPBP,198,1,199,0.1
38,Zahirabad,SC,1,Koninty Manik Rao,MALE,68,SC,BRS,96913,292,97205,46.49
38,Zahirabad,SC,2,A.chandrasekhar,MALE,64,SC,INC,83620,795,84415,40.37
38,Zahirabad,SC,3,Ramchander Rajanarsimha Cilarapu,MALE,54,SC,BJP,13454,191,13645,6.53
38,Zahirabad,SC,4,Jangam Gopi,MALE,55,SC,BSP,5214,37,5251,2.51
38,Zahirabad,SC,5,Digwal Ramesh,MALE,41,SC,IND,1630,0,1630,0.78
38,Zahirabad,SC,6,Narsimulu,MALE,44,SC,AODRP,1174,0,1174,0.56
38,Zahirabad,SC,7,Praveen,MALE,37,SC,IND,1135,0,1135,0.54
38,Zahirabad,SC,8,Ramulu Huggelly,MALE,34,SC,IND,665,3,668,0.32
38,Zahirabad,SC,9,Nota,,,,NOTA,611,2,613,0.29
38,Zahirabad,SC,10,K. Gundamma,FEMALE,38,SC,IND,511,0,511,0.24
38,Zahirabad,SC,11,Mogudam Pally Ashappa,MALE,38,SC,IND,497,0,497,0.24
38,Zahirabad,SC,12,Ch. Ruben,MALE,31,SC,PRJVLGUP,494,0,494,0.24
38,Zahirabad,SC,13,Ullas,MALE,30,SC,IND,317,0,317,0.15
38,Zahirabad,SC,14,Ramesh,MALE,36,SC,TPSP,226,0,226,0.11
38,Zahirabad,SC,15,Navodaya Sidhu,MALE,36,SC,VTRP,190,0,190,0.09
38,Zahirabad,SC,16,Myatri Mahendar,MALE,37,SC,DHRMSMJP,186,0,186,0.09
38,Zahirabad,SC,17,B Chandrakanth,MALE,36,SC,BMUP,183,0,183,0.09
38,Zahirabad,SC,18,Marri Durgesh,MALE,40,SC,RPI,179,1,180,0.09
38,Zahirabad,SC,19,Kishan,MALE,44,SC,BHRTSWDCNG,151,0,151,0.07
38,Zahirabad,SC,20,Shivashankar,MALE,30,SC,IND,137,0,137,0.07
38,Zahirabad,SC,21,Mark Babu,MALE,38,SC,IPBP,109,5,114,0.05
38,Zahirabad,SC,22,Srinivas,MALE,37,SC,IND,85,0,85,0.04
38,Zahirabad,SC,23,Hemanand Tabla,MALE,32,SC,IND,82,0,82,0.04
39,Sangareddy,GENERAL,1,Chinta Prabhakar,MALE,63,GENERAL,BRS,82614,498,83112,44.32
39,Sangareddy,GENERAL,2,T. Jayaprakash Reddy,MALE,57,GENERAL,INC,73317,1578,74895,39.94
39,Sangareddy,GENERAL,3,Pulimamidi Raju,MALE,43,GENERAL,BJP,20509,412,20921,11.16
39,Sangareddy,GENERAL,4,Dodla. Venkat,MALE,37,GENERAL,TPSP,2094,0,2094,1.12
39,Sangareddy,GENERAL,5,Kyasaram Pravin Kumar,MALE,44,GENERAL,BSP,1035,16,1051,0.56
39,Sangareddy,GENERAL,6,Nota,,,,NOTA,804,7,811,0.43
39,Sangareddy,GENERAL,7,Kolkur Pratap,MALE,44,GENERAL,IND,447,0,447,0.24
39,Sangareddy,GENERAL,8,Neeradi Narsimulu,MALE,33,SC,IND,375,0,375,0.2
39,Sangareddy,GENERAL,9,Kiran Rathod,MALE,30,ST,IND,364,0,364,0.19
39,Sangareddy,GENERAL,10,Bangaru. Krishna,MALE,37,SC,IND,363,1,364,0.19
39,Sangareddy,GENERAL,11,Patlolla Santosh Reddy,MALE,36,GENERAL,IND,309,2,311,0.17
39,Sangareddy,GENERAL,12,Sathyanarayana Nagusanpalli,MALE,37,GENERAL,IND,266,0,266,0.14
39,Sangareddy,GENERAL,13,Satyanarayana Goud Kovuri,MALE,38,GENERAL,BCYP,252,0,252,0.13
39,Sangareddy,GENERAL,14,Posanpally Bapu Reddy,MALE,50,GENERAL,IND,250,2,252,0.13
39,Sangareddy,GENERAL,15,G. Harikanth Reddy,MALE,30,GENERAL,IND,249,0,249,0.13
39,Sangareddy,GENERAL,16,Mohammed Jaweed,MALE,35,GENERAL,DJHP,226,0,226,0.12
39,Sangareddy,GENERAL,17,Chandramohan,MALE,44,GENERAL,TECPI,218,0,218,0.12
39,Sangareddy,GENERAL,18,Sheker Palpanoori,MALE,40,SC,BMUP,170,4,174,0.09
39,Sangareddy,GENERAL,19,Thummalapally Pruthviraj,MALE,54,GENERAL,IND,157,0,157,0.08
39,Sangareddy,GENERAL,20,V. Venkat Reddy,MALE,34,GENERAL,IND,134,0,134,0.07
39,Sangareddy,GENERAL,21,Mede Gopal,MALE,37,SC,IND,123,1,124,0.07
39,Sangareddy,GENERAL,22,Ramesh Yadav,MALE,37,GENERAL,IND,119,2,121,0.06
39,Sangareddy,GENERAL,23,D. Srinivas,MALE,41,SC,DHRMSMJP,116,0,116,0.06
39,Sangareddy,GENERAL,24,Narsimlu Thota,MALE,54,SC,IPBP,110,0,110,0.06
39,Sangareddy,GENERAL,25,Satkula. Anjaneyulu,MALE,41,GENERAL,IND,97,1,98,0.05
39,Sangareddy,GENERAL,26,Police Ramchander,MALE,50,SC,AIMEP,69,0,69,0.04
39,Sangareddy,GENERAL,27,Regoti Sharath Kumar,MALE,30,GENERAL,VTRP,66,1,67,0.04
39,Sangareddy,GENERAL,28,Mohamed Saheb Jani,MALE,57,GENERAL,IND,67,0,67,0.04
39,Sangareddy,GENERAL,29,Methri Manohar,MALE,54,SC,BARESP,59,2,61,0.03
40,Patancheru,GENERAL,1,Gudem Mahipal Reddy,MALE,60,GENERAL,BRS,105166,221,105387,38.06
40,Patancheru,GENERAL,2,Kata Srinivas Goud,MALE,42,GENERAL,INC,97738,558,98296,35.5
40,Patancheru,GENERAL,3,Neelam Madhu,MALE,40,GENERAL,BSP,46059,103,46162,16.67
40,Patancheru,GENERAL,4,Nandeeshwar Goud Thouti,MALE,61,GENERAL,BJP,19872,91,19963,7.21
40,Patancheru,GENERAL,5,Nota,,,,NOTA,2657,6,2663,0.96
40,Patancheru,GENERAL,6,Jonnalagadda Mallikarjuna Rao,MALE,59,GENERAL,CPI(M),1153,5,1158,0.42
40,Patancheru,GENERAL,7,Karra Danaiah,MALE,54,SC,MCPI,678,0,678,0.24
40,Patancheru,GENERAL,8,M. Ramulu,MALE,42,GENERAL,IND,573,1,574,0.21
40,Patancheru,GENERAL,9,Khader Mohiuddin,MALE,66,GENERAL,IND,408,1,409,0.15
40,Patancheru,GENERAL,10,Devaiah Paladi,MALE,52,SC,SUCI,394,0,394,0.14
40,Patancheru,GENERAL,11,Penmets Madhavi Latha,FEMALE,42,GENERAL,IND,315,0,315,0.11
40,Patancheru,GENERAL,12,Kathyayani Kumbha,FEMALE,28,GENERAL,IND,250,0,250,0.09
40,Patancheru,GENERAL,13,Anangalla Ramulu,MALE,35,SC,RSHTSMNYPP,212,0,212,0.08
40,Patancheru,GENERAL,14,Ganapuram Venu Gopal,MALE,31,GENERAL,IND,149,0,149,0.05
40,Patancheru,GENERAL,15,T. Padma Rao,MALE,40,SC,IPBP,99,1,100,0.04
40,Patancheru,GENERAL,16,Lakshman Annela,MALE,39,SC,DHRMSMJP,86,1,87,0.03
40,Patancheru,GENERAL,17,Bandaru Govardhana Suryanarayana,MALE,58,GENERAL,BCYP,84,0,84,0.03
41,Dubbak,GENERAL,1,Kotta Prabhakar Reddy,MALE,60,GENERAL,BRS,97451,428,97879,56.01
41,Dubbak,GENERAL,2,Madhavaneni Raghunandan Rao,MALE,58,GENERAL,BJP,43744,622,44366,25.39
41,Dubbak,GENERAL,3,Cheruku Srinivas Reddy,MALE,52,GENERAL,INC,24947,288,25235,14.44
41,Dubbak,GENERAL,4,Nota,,,,NOTA,2261,8,2269,1.3
41,Dubbak,GENERAL,5,Salkam Mallesh Yadav,MALE,46,GENERAL,BSP,1197,16,1213,0.69
41,Dubbak,GENERAL,6,Mahammad Umar,MALE,38,GENERAL,IND,1192,4,1196,0.68
41,Dubbak,GENERAL,7,Palleturu Prasad,MALE,33,SC,IND,626,8,634,0.36
41,Dubbak,GENERAL,8,Vijay Kumar Gollapally,MALE,29,GENERAL,ABDP,600,6,606,0.35
41,Dubbak,GENERAL,9,Gondhi Bhujangam Patel,MALE,63,GENERAL,IND,580,3,583,0.33
41,Dubbak,GENERAL,10,Vemula Venkata Prasanna,FEMALE,28,SC,DHRMSMJP,468,4,472,0.27
41,Dubbak,GENERAL,11,Dutpala Naresh,MALE,36,GENERAL,PEP,200,5,205,0.12
41,Dubbak,GENERAL,12,Gouti Mallesh,MALE,43,GENERAL,RSHTSMNYPP,104,3,107,0.06
42,Gajwel,GENERAL,1,Kalvakuntla Chandrashekar Rao,MALE,69,GENERAL,BRS,111244,440,111684,48.05
42,Gajwel,GENERAL,2,Eatala Rajender,MALE,59,GENERAL,BJP,65961,692,66653,28.68
42,Gajwel,GENERAL,3,Thoomkunta Narsa Reddy,MALE,60,GENERAL,INC,32322,246,32568,14.01
42,Gajwel,GENERAL,4,Jakkani Sanjay Kumar,MALE,27,GENERAL,BSP,2710,33,2743,1.18
42,Gajwel,GENERAL,5,Mekala Raghuma Reddy,MALE,39,GENERAL,YGATLSIP,2230,2,2232,0.96
42,Gajwel,GENERAL,6,Kinnera Yadaiah,MALE,38,SC,IND,1995,3,1998,0.86
42,Gajwel,GENERAL,7,Nirudi Swamy,MALE,37,SC,IND,1399,1,1400,0.6
42,Gajwel,GENERAL,8,R. Nikhil,MALE,27,GENERAL,IND,1371,0,1371,0.59
42,Gajwel,GENERAL,9,Poreddy Venugopal,MALE,31,GENERAL,ABDP,1279,2,1281,0.55
42,Gajwel,GENERAL,10,V. Sadananda Reddy,MALE,58,GENERAL,PEOPRTCP,1049,0,1049,0.45
42,Gajwel,GENERAL,11,Rangannagari Jyothi,FEMALE,47,GENERAL,IPBP,967,0,967,0.42
42,Gajwel,GENERAL,12,Nota,,,,NOTA,827,5,832,0.36
42,Gajwel,GENERAL,13,Racha Subhadra Reddy,FEMALE,73,GENERAL,SP(I),721,0,721,0.31
42,Gajwel,GENERAL,14,Ashok Pothu,MALE,52,GENERAL,MTRSP,643,4,647,0.28
42,Gajwel,GENERAL,15,Navnanandi Limbareddy,MALE,41,GENERAL,IND,553,0,553,0.24
42,Gajwel,GENERAL,16,Vollala Praveen Kumar Rao,MALE,45,GENERAL,sps,508,0,508,0.22
42,Gajwel,GENERAL,17,Pagidipala Rama Raju,MALE,31,GENERAL,YVTRP,491,4,495,0.21
42,Gajwel,GENERAL,18,Ragula Nagaraju,MALE,35,GENERAL,BCYP,474,0,474,0.2
42,Gajwel,GENERAL,19,Dasari Haribabu,MALE,34,SC,IND,319,0,319,0.14
42,Gajwel,GENERAL,20,Dasari Chendramohan,MALE,38,GENERAL,IND,275,0,275,0.12
42,Gajwel,GENERAL,21,Mukkera Krishna,MALE,31,SC,IND,261,1,262,0.11
42,Gajwel,GENERAL,22,Siliveri Indragoud,MALE,36,GENERAL,NNKP,258,1,259,0.11
42,Gajwel,GENERAL,23,Sapavat Suman,MALE,36,ST,IND,237,0,237,0.1
42,Gajwel,GENERAL,24,Ahemad,MALE,34,GENERAL,JSKHP,231,1,232,0.1
42,Gajwel,GENERAL,25,Palleturu Prasad,MALE,33,SC,IND,213,0,213,0.09
42,Gajwel,GENERAL,26,Raju Boggula,MALE,32,SC,IND,206,1,207,0.09
42,Gajwel,GENERAL,27,Bhanuchander Dasari,MALE,28,SC,IND,186,0,186,0.08
42,Gajwel,GENERAL,28,Bakka Sadesh,MALE,36,GENERAL,IND,176,0,176,0.08
42,Gajwel,GENERAL,29,Gaddam Ashok,MALE,32,SC,AINHCP,172,3,175,0.08
42,Gajwel,GENERAL,30,Nelapati Nagaraju,MALE,32,GENERAL,VTRP,160,1,161,0.07
42,Gajwel,GENERAL,31,Karunkar Reddy Adiyala,MALE,46,GENERAL,IND,156,2,158,0.07
42,Gajwel,GENERAL,32,Datrika Santosh,MALE,46,GENERAL,NRCP,143,1,144,0.06
42,Gajwel,GENERAL,33,N. Prasad,MALE,28,SC,BLIP,129,3,132,0.06
42,Gajwel,GENERAL,34,Gaddam Anitha,FEMALE,44,SC,GNASURKP,129,0,129,0.06
42,Gajwel,GENERAL,35,Dubbaka Buggaraju,MALE,45,SC,DHRMSMJP,127,0,127,0.05
42,Gajwel,GENERAL,36,Mekala Saritha Reddy,FEMALE,29,GENERAL,IND,124,0,124,0.05
42,Gajwel,GENERAL,37,Kiran Rathod,MALE,30,SC,IND,114,0,114,0.05
42,Gajwel,GENERAL,38,Loggari Ramesh Patel,MALE,46,GENERAL,IND,107,0,107,0.05
42,Gajwel,GENERAL,39,Gurrapu Ramulu,MALE,61,GENERAL,IND,100,1,101,0.04
42,Gajwel,GENERAL,40,Ranaveni Laxman (rl Rao Gp),MALE,50,GENERAL,IND,94,0,94,0.04
42,Gajwel,GENERAL,41,Gabbula Nagender,MALE,54,GENERAL,IND,79,0,79,0.03
42,Gajwel,GENERAL,42,D. Ellam,MALE,36,SC,IND,77,0,77,0.03
42,Gajwel,GENERAL,43,Jeedipally Srinivas,MALE,32,GENERAL,IND,64,0,64,0.03
42,Gajwel,GENERAL,44,Baddam Srinivas Reddy,MALE,46,GENERAL,IND,50,0,50,0.02
42,Gajwel,GENERAL,45,Mamidi Narayanareddy,MALE,57,GENERAL,IND,39,0,39,0.02
43,Medchal,GENERAL,1,Chamakura Malla Reddy,MALE,70,GENERAL,BRS,185189,828,186017,46.44
43,Medchal,GENERAL,2,Thotakura Vajresh Yadav (jangaiah Yadav),MALE,58,GENERAL,INC,150517,2081,152598,38.1
43,Medchal,GENERAL,3,Yenugu Sudarsan Reddy,MALE,46,GENERAL,BJP,50055,480,50535,12.62
43,Medchal,GENERAL,4,Nota,,,,NOTA,3719,18,3737,0.93
43,Medchal,GENERAL,5,Mallepogu Vijaya Raju,MALE,35,GENERAL,BSP,1864,21,1885,0.47
43,Medchal,GENERAL,6,Gaddam Shyam Prasad,MALE,30,SC,IND,945,1,946,0.24
43,Medchal,GENERAL,7,Ramancharla Srikanth,MALE,37,GENERAL,IND,564,0,564,0.14
43,Medchal,GENERAL,8,Kante Sayanna,MALE,45,GENERAL,IND,515,0,515,0.13
43,Medchal,GENERAL,9,Mitta Narsaiah Goud,MALE,54,GENERAL,IND,464,1,465,0.12
43,Medchal,GENERAL,10,Boin Durga Prasad Yadav,MALE,36,GENERAL,SHP,439,2,441,0.11
43,Medchal,GENERAL,11,K. Penta Chary,MALE,47,GENERAL,IND,400,1,401,0.1
43,Medchal,GENERAL,12,Neetash Chary Masoji,MALE,32,GENERAL,IND,385,0,385,0.1
43,Medchal,GENERAL,13,Sadanandam Gaddam,MALE,49,GENERAL,IND,256,0,256,0.06
43,Medchal,GENERAL,14,R. Raj Kamal Maharaj,MALE,37,SC,DHRMSMJP,236,1,237,0.06
43,Medchal,GENERAL,15,Martin Mudi,MALE,58,SC,MCPI,234,1,235,0.06
43,Medchal,GENERAL,16,Chinthala Ankalamma,FEMALE,42,GENERAL,BHOP,217,0,217,0.05
43,Medchal,GENERAL,17,S Anil Kumar,MALE,33,GENERAL,IND,186,0,186,0.05
43,Medchal,GENERAL,18,Hamid Ul Hak Chaudari,MALE,51,GENERAL,IND,181,0,181,0.05
43,Medchal,GENERAL,19,Jakata Srinivas,MALE,36,SC,RSHTSMNYPP,175,0,175,0.04
43,Medchal,GENERAL,20,Mla Dasanna,MALE,47,GENERAL,TLGNARJYS,151,2,153,0.04
43,Medchal,GENERAL,21,Oruganti Venkateswarlu,MALE,50,GENERAL,BCYP,135,2,137,0.03
43,Medchal,GENERAL,22,Shamaik Sarilla,MALE,27,SC,IND,129,0,129,0.03
43,Medchal,GENERAL,23,Dr. Mohd Muslehuddin,MALE,50,GENERAL,DJHP,121,0,121,0.03
44,Malkajgiri,GENERAL,1,Marri Rajashekar Reddy,MALE,54,GENERAL,BRS,124683,366,125049,47.12
44,Malkajgiri,GENERAL,2,Mynampally Hanumanth Rao,MALE,57,GENERAL,INC,74872,647,75519,28.45
44,Malkajgiri,GENERAL,3,Ramchander Rao N,MALE,64,GENERAL,BJP,55090,337,55427,20.88
44,Malkajgiri,GENERAL,4,Nota,,,,NOTA,2597,11,2608,0.98
44,Malkajgiri,GENERAL,5,Dr. Ratnakar Pandu,MALE,51,GENERAL,BSP,1262,17,1279,0.48
44,Malkajgiri,GENERAL,6,Rajashekar Reddy Veeraiahgari,MALE,31,GENERAL,IND,1161,0,1161,0.44
44,Malkajgiri,GENERAL,7,Ramesh Loggari,MALE,46,GENERAL,PRJVLGUP,699,0,699,0.26
44,Malkajgiri,GENERAL,8,Sagaram Sreedhar,MALE,67,GENERAL,RPPRINAT,474,2,476,0.18
44,Malkajgiri,GENERAL,9,Shaikh Chand Ahmed,MALE,36,GENERAL,AINHCP,361,0,361,0.14
44,Malkajgiri,GENERAL,10,Rathod Dileep Kumar,MALE,45,ST,NRCP,297,0,297,0.11
44,Malkajgiri,GENERAL,11,Kattela Shiva Raju,MALE,27,SC,DHRMSMJP,254,2,256,0.1
44,Malkajgiri,GENERAL,12,K. Padmaja,FEMALE,44,GENERAL,TDDP,197,2,199,0.07
44,Malkajgiri,GENERAL,13,Runjala John Abraham,MALE,27,GENERAL,IPBP,179,0,179,0.07
44,Malkajgiri,GENERAL,14,R. Srinivas,MALE,58,GENERAL,IND,164,0,164,0.06
44,Malkajgiri,GENERAL,15,Satyam Made,MALE,43,ST,IND,160,0,160,0.06
44,Malkajgiri,GENERAL,16,Pitla Mohaan Raj,MALE,50,GENERAL,IND,141,0,141,0.05
44,Malkajgiri,GENERAL,17,Ravikoti Madan Mohan,MALE,84,GENERAL,IND,128,0,128,0.05
44,Malkajgiri,GENERAL,18,Shaik Faiyaz Ahmed,MALE,45,GENERAL,DJHP,127,0,127,0.05
44,Malkajgiri,GENERAL,19,King William,MALE,47,GENERAL,AIFB,95,0,95,0.04
44,Malkajgiri,GENERAL,20,Saudagar Bhikam Praveen,MALE,42,SC,IND,92,0,92,0.03
44,Malkajgiri,GENERAL,21,Kondapaka Kanakaiah,MALE,48,GENERAL,TLGNARJYS,91,1,92,0.03
44,Malkajgiri,GENERAL,22,Aenugula Sai Kiran Reddy,MALE,33,GENERAL,IND,86,0,86,0.03
44,Malkajgiri,GENERAL,23,Jajula Bhaskar,MALE,48,SC,SHP,81,0,81,0.03
44,Malkajgiri,GENERAL,24,Bobbili Ramesh,MALE,44,SC,BHRTSWDCNG,79,0,79,0.03
44,Malkajgiri,GENERAL,25,Pampari Narsimha Narender,MALE,45,GENERAL,RDHP,78,0,78,0.03
44,Malkajgiri,GENERAL,26,Polasa Ravi Kumar,MALE,51,GENERAL,IND,74,1,75,0.03
44,Malkajgiri,GENERAL,27,Padmaja Gaddam,FEMALE,46,SC,PEP,75,0,75,0.03
44,Malkajgiri,GENERAL,28,Chundi Shobhan Babu,MALE,50,GENERAL,TPJRP,71,0,71,0.03
44,Malkajgiri,GENERAL,29,C.n. Sridhar,MALE,48,GENERAL,IND,71,0,71,0.03
44,Malkajgiri,GENERAL,30,Vigneshwer Reddy Peesari,MALE,46,GENERAL,IND,62,0,62,0.02
44,Malkajgiri,GENERAL,31,Ankani Mosha,MALE,44,GENERAL,IND,59,0,59,0.02
44,Malkajgiri,GENERAL,32,Jakkula Narsimulu,MALE,54,GENERAL,PRCP,58,0,58,0.02
44,Malkajgiri,GENERAL,33,Pasunoori Sandeep Reddy,MALE,40,GENERAL,IND,57,0,57,0.02
44,Malkajgiri,GENERAL,34,Malotu Shankar,MALE,60,GENERAL,IND,50,0,50,0.02
45,Quthbullapur,GENERAL,1,K.p. Vivekanand,MALE,46,GENERAL,BRS,187327,672,187999,46.8
45,Quthbullapur,GENERAL,2,Kuna Srisailam Goud,MALE,57,GENERAL,BJP,101927,496,102423,25.5
45,Quthbullapur,GENERAL,3,Kolan Hanmanth Reddy,MALE,58,GENERAL,INC,100884,670,101554,25.28
45,Quthbullapur,GENERAL,4,Nota,,,,NOTA,4073,6,4079,1.02
45,Quthbullapur,GENERAL,5,Mohammed Ahmed Lamra,MALE,48,GENERAL,BSP,1751,8,1759,0.44
45,Quthbullapur,GENERAL,6,Mekala Karthik Yadav,MALE,35,GENERAL,sps,745,1,746,0.19
45,Quthbullapur,GENERAL,7,Sai Kumar Panthula,MALE,33,GENERAL,IND,598,5,603,0.15
45,Quthbullapur,GENERAL,8,Bagili Srinivas Reddy,MALE,40,GENERAL,IND,501,1,502,0.12
45,Quthbullapur,GENERAL,9,Muthyapaga Shiva Kumar,MALE,28,SC,IND,430,5,435,0.11
45,Quthbullapur,GENERAL,10,D. Durga Rao,MALE,36,GENERAL,IND,298,1,299,0.07
45,Quthbullapur,GENERAL,11,Mohammed Mahisan,MALE,54,GENERAL,IND,275,4,279,0.07
45,Quthbullapur,GENERAL,12,Thota Suvarna,FEMALE,44,SC,IPBP,256,0,256,0.06
45,Quthbullapur,GENERAL,13,Choudhary Gari Swatika,FEMALE,38,GENERAL,VTRP,244,3,247,0.06
45,Quthbullapur,GENERAL,14,Ravindar,MALE,55,GENERAL,MCPI,190,9,199,0.05
45,Quthbullapur,GENERAL,15,Mohammed Wajid,MALE,43,GENERAL,NRCP,148,2,150,0.04
45,Quthbullapur,GENERAL,16,Dhontula Ramesh Mudiraj,MALE,34,GENERAL,AIFB,136,1,137,0.03
46,Kukatpalle,GENERAL,1,Madhavaram Krishna Rao,MALE,57,GENERAL,BRS,135276,359,135635,54.08
46,Kukatpalle,GENERAL,2,Bandi Ramesh,MALE,60,GENERAL,INC,64871,377,65248,26.02
46,Kukatpalle,GENERAL,3,Mummareddy Prema Kumar,MALE,57,GENERAL,JnP,39711,119,39830,15.88
46,Kukatpalle,GENERAL,4,Nota,,,,NOTA,2446,12,2458,0.98
46,Kukatpalle,GENERAL,5,Bashetty Narsing Rao,MALE,58,GENERAL,IND,1769,0,1769,0.71
46,Kukatpalle,GENERAL,6,Bandarigalla Sanjeeva Rao,MALE,52,SC,BSP,1371,11,1382,0.55
46,Kukatpalle,GENERAL,7,Madala Prasad,MALE,37,GENERAL,JJSP,762,0,762,0.3
46,Kukatpalle,GENERAL,8,Chukka Srinivas Rao,MALE,49,GENERAL,IND,344,0,344,0.14
46,Kukatpalle,GENERAL,9,C. Chandra Sekhar,MALE,43,GENERAL,IND,321,0,321,0.13
46,Kukatpalle,GENERAL,10,Seshamatam Naveen Kumar,MALE,39,GENERAL,TLGNARJYS,317,1,318,0.13
46,Kukatpalle,GENERAL,11,Ch.thirupathi,MALE,39,SC,MCPI,291,0,291,0.12
46,Kukatpalle,GENERAL,12,Chalika Parvathi,FEMALE,36,GENERAL,IND,290,0,290,0.12
46,Kukatpalle,GENERAL,13,Thoomu Yella Rao,MALE,58,GENERAL,IND,268,0,268,0.11
46,Kukatpalle,GENERAL,14,Sudhakar Mende Yadav,MALE,49,GENERAL,IND,229,1,230,0.09
46,Kukatpalle,GENERAL,15,Alyana Dilleshwari,FEMALE,30,GENERAL,IND,225,0,225,0.09
46,Kukatpalle,GENERAL,16,Sandra Sunil Kumar,MALE,37,GENERAL,DHRMSMJP,189,3,192,0.08
46,Kukatpalle,GENERAL,17,Pawan Kalyan,MALE,32,GENERAL,IND,189,0,189,0.08
46,Kukatpalle,GENERAL,18,Varada Raju Kola,MALE,49,GENERAL,IND,177,0,177,0.07
46,Kukatpalle,GENERAL,19,Satish Chary,MALE,38,GENERAL,IND,148,1,149,0.06
46,Kukatpalle,GENERAL,20,Muttaiah Jerripothula,MALE,35,SC,IND,141,1,142,0.06
46,Kukatpalle,GENERAL,21,Maamilla Anand,MALE,47,GENERAL,IPBP,140,0,140,0.06
46,Kukatpalle,GENERAL,22,Bhakthavatsalam,MALE,69,GENERAL,LJD,134,0,134,0.05
46,Kukatpalle,GENERAL,23,Bhoj Raj Koyalkar,MALE,50,GENERAL,SHP,123,0,123,0.05
46,Kukatpalle,GENERAL,24,Achyuthanand,MALE,26,GENERAL,PEP,91,0,91,0.04
46,Kukatpalle,GENERAL,25,Venkata Bala Krishna Arekapudi,MALE,55,GENERAL,IND,86,0,86,0.03
47,Uppal,GENERAL,1,Bandari Lakshma Reddy,MALE,56,GENERAL,BRS,132433,496,132929,48.33
47,Uppal,GENERAL,2,Parameshwar Reddy Mandumula,MALE,45,GENERAL,INC,83004,896,83900,30.5
47,Uppal,GENERAL,3,N.v.s.s. Prabhakar,MALE,57,GENERAL,BJP,46976,364,47340,17.21
47,Uppal,GENERAL,4,Nota,,,,NOTA,2519,17,2536,0.92
47,Uppal,GENERAL,5,Laxma Reddy Manne,MALE,41,GENERAL,AODRP,1839,11,1850,0.67
47,Uppal,GENERAL,6,Sunkara Naresh,MALE,36,GENERAL,BSP,1512,16,1528,0.56
47,Uppal,GENERAL,7,Amirchetty Devender,MALE,48,GENERAL,IND,996,0,996,0.36
47,Uppal,GENERAL,8,Adepu Govardan,MALE,45,GENERAL,IND,533,0,533,0.19
47,Uppal,GENERAL,9,Sukhender Reddy Narra,MALE,34,GENERAL,VTRP,393,1,394,0.14
47,Uppal,GENERAL,10,B Sandeep Kumar,MALE,44,GENERAL,IND,295,0,295,0.11
47,Uppal,GENERAL,11,Karri Venkoji Rao,MALE,65,GENERAL,IND,252,0,252,0.09
47,Uppal,GENERAL,12,Balavantha Chary Uppoji,MALE,60,GENERAL,IND,240,1,241,0.09
47,Uppal,GENERAL,13,Vemula Pushpa Latha,FEMALE,39,GENERAL,RPPRINAT,236,0,236,0.09
47,Uppal,GENERAL,14,Ashok Vudari,MALE,63,GENERAL,IND,203,0,203,0.07
47,Uppal,GENERAL,15,Manjula Vuppala,FEMALE,52,GENERAL,IND,162,0,162,0.06
47,Uppal,GENERAL,16,Ravi Moluguri,MALE,37,SC,BHRTSWDCNG,158,0,158,0.06
47,Uppal,GENERAL,17,N. Krishna Gopal,MALE,59,GENERAL,IND,151,0,151,0.05
47,Uppal,GENERAL,18,Md.javeed Iqbal,MALE,36,GENERAL,IND,120,0,120,0.04
47,Uppal,GENERAL,19,Runjala John Abraham,MALE,27,GENERAL,IPBP,116,1,117,0.04
47,Uppal,GENERAL,20,Alamuri Thimmaiah Chari,MALE,40,GENERAL,PPOI,112,0,112,0.04
47,Uppal,GENERAL,21,Revu Chinna Dhana Raju,MALE,32,SC,IND,111,0,111,0.04
47,Uppal,GENERAL,22,V.r. Srinivas,MALE,48,SC,AIMEP,105,1,106,0.04
47,Uppal,GENERAL,23,Chintha Ganesh,MALE,25,SC,DHRMSMJP,94,0,94,0.03
47,Uppal,GENERAL,24,Barla Swapna,FEMALE,42,GENERAL,IND,79,1,80,0.03
47,Uppal,GENERAL,25,Kanduru Anil Kumar,MALE,40,GENERAL,PRSHP,79,1,80,0.03
47,Uppal,GENERAL,26,Botla Sailu,MALE,51,SC,AINHCP,69,7,76,0.03
47,Uppal,GENERAL,27,Okkasu Balnarasimha,MALE,56,SC,PRCP,68,0,68,0.02
47,Uppal,GENERAL,28,Bandari Lingam Goud,MALE,57,GENERAL,IND,65,0,65,0.02
47,Uppal,GENERAL,29,Gattiegorla Narahari,MALE,42,GENERAL,IND,65,0,65,0.02
47,Uppal,GENERAL,30,M Jagdishraj,MALE,47,GENERAL,IND,64,0,64,0.02
47,Uppal,GENERAL,31,Banjapally Sudharani,FEMALE,52,GENERAL,IND,63,0,63,0.02
47,Uppal,GENERAL,32,Bojja Yadagiri,MALE,48,SC,IND,59,0,59,0.02
47,Uppal,GENERAL,33,Bethanabatla Shiva Kumar,MALE,62,GENERAL,VSWABHRTP,55,0,55,0.02
48,Ibrahimpatnam,GENERAL,1,Malreddy Ranga Reddy,MALE,67,GENERAL,INC,124574,1932,126506,50.92
48,Ibrahimpatnam,GENERAL,2,Manchireddy Kishan Reddy,MALE,70,GENERAL,BRS,89173,633,89806,36.14
48,Ibrahimpatnam,GENERAL,3,Nomula Dayanand,MALE,59,GENERAL,BJP,15514,276,15790,6.36
48,Ibrahimpatnam,GENERAL,4,Pagadala Yadaiah,MALE,55,GENERAL,CPI(M),3877,71,3948,1.59
48,Ibrahimpatnam,GENERAL,5,K. Kishan Reddy,MALE,42,GENERAL,AODRP,2351,5,2356,0.95
48,Ibrahimpatnam,GENERAL,6,Gorige Mallesh,MALE,55,GENERAL,BSP,2060,54,2114,0.85
48,Ibrahimpatnam,GENERAL,7,Nota,,,,NOTA,1410,17,1427,0.57
48,Ibrahimpatnam,GENERAL,8,Bachhigalla Saidulu,MALE,33,SC,PRJVLGUP,866,3,869,0.35
48,Ibrahimpatnam,GENERAL,9,V. Sadananda Reddy,MALE,58,GENERAL,PEOPRTCP,636,0,636,0.26
48,Ibrahimpatnam,GENERAL,10,Tulasigari Ravinder,MALE,35,SC,DHRMSMJP,538,21,559,0.22
48,Ibrahimpatnam,GENERAL,11,Malothu Shiva,MALE,36,ST,IND,470,0,470,0.19
48,Ibrahimpatnam,GENERAL,12,Prathap Simha Raidu. J (chinna Raidu),MALE,28,GENERAL,TJP,467,1,468,0.19
48,Ibrahimpatnam,GENERAL,13,Syed Siddiqulla Husseni,MALE,61,GENERAL,IPBP,451,0,451,0.18
48,Ibrahimpatnam,GENERAL,14,Amireddy Sandeep Reddy,MALE,36,GENERAL,VTRP,304,1,305,0.12
48,Ibrahimpatnam,GENERAL,15,Sapavat Devaram,MALE,33,ST,IND,287,1,288,0.12
48,Ibrahimpatnam,GENERAL,16,Yampalla Sudhakar Reddy,MALE,45,GENERAL,YGATLSIP,282,2,284,0.11
48,Ibrahimpatnam,GENERAL,17,Mirjapur Ravi,MALE,26,GENERAL,IND,273,0,273,0.11
48,Ibrahimpatnam,GENERAL,18,Kotha Shankar Reddy,MALE,60,GENERAL,IND,270,1,271,0.11
48,Ibrahimpatnam,GENERAL,19,Gosukonda Prudhviraju,MALE,37,SC,TRP,221,0,221,0.09
48,Ibrahimpatnam,GENERAL,20,Solipuram Venkat Ram Reddy,MALE,48,GENERAL,IND,203,0,203,0.08
48,Ibrahimpatnam,GENERAL,21,K. Ravinder Reddy,MALE,70,GENERAL,IND,181,0,181,0.07
48,Ibrahimpatnam,GENERAL,22,Pareekshith Reddy,MALE,38,GENERAL,IND,154,0,154,0.06
48,Ibrahimpatnam,GENERAL,23,Manku Murali,MALE,50,SC,IND,152,0,152,0.06
48,Ibrahimpatnam,GENERAL,24,Tode Balachander,MALE,65,SC,IND,147,0,147,0.06
48,Ibrahimpatnam,GENERAL,25,Ravula Saikiran,MALE,26,GENERAL,IND,128,0,128,0.05
48,Ibrahimpatnam,GENERAL,26,Vangeti Narendar Reddy,MALE,39,GENERAL,IND,125,0,125,0.05
48,Ibrahimpatnam,GENERAL,27,Muddagowni Rajyalaxmi,FEMALE,39,GENERAL,IND,111,0,111,0.04
48,Ibrahimpatnam,GENERAL,28,Jayanth Prasad Naidu Thupakula,MALE,36,GENERAL,NRCP,110,0,110,0.04
48,Ibrahimpatnam,GENERAL,29,Cheemala Kalavathi Yadav,FEMALE,57,GENERAL,BCYP,108,0,108,0.04
49,Lal Bahadur Nagar,GENERAL,1,Devireddy Sudhir Reddy,MALE,61,GENERAL,BRS,110683,697,111380,37.74
49,Lal Bahadur Nagar,GENERAL,2,Sama Ranga Reddy,MALE,55,GENERAL,BJP,88106,969,89075,30.18
49,Lal Bahadur Nagar,GENERAL,3,Madhu Yaskhi Goud,MALE,65,GENERAL,INC,81454,1819,83273,28.22
49,Lal Bahadur Nagar,GENERAL,4,Nota,,,,NOTA,2941,25,2966,1.0
49,Lal Bahadur Nagar,GENERAL,5,Guvvala Sai Rama Krishna Mudhiraj,MALE,38,GENERAL,BSP,1446,10,1456,0.49
49,Lal Bahadur Nagar,GENERAL,6,Devireddy Sudheer Reddy,MALE,30,GENERAL,IND,1372,1,1373,0.47
49,Lal Bahadur Nagar,GENERAL,7,Mekala Jaipal Reddy,MALE,43,GENERAL,AODRP,889,3,892,0.3
49,Lal Bahadur Nagar,GENERAL,8,Giridhar Pochampally,MALE,47,GENERAL,AIFB,513,5,518,0.18
49,Lal Bahadur Nagar,GENERAL,9,Janavath Sreeram Naik,MALE,31,ST,NRCP,331,1,332,0.11
49,Lal Bahadur Nagar,GENERAL,10,Aniketh Koshiga,MALE,32,GENERAL,VTRP,253,1,254,0.09
49,Lal Bahadur Nagar,GENERAL,11,Y. Joshna Rani,FEMALE,36,SC,INDPJC,182,1,183,0.06
49,Lal Bahadur Nagar,GENERAL,12,Vinod Kumar Gorkanti,MALE,30,GENERAL,YGATLSIP,165,0,165,0.06
49,Lal Bahadur Nagar,GENERAL,13,K.nagadeva,MALE,52,GENERAL,IND,158,0,158,0.05
49,Lal Bahadur Nagar,GENERAL,14,Ergi Hanumanthu,MALE,34,SC,DHRMSMJP,152,2,154,0.05
49,Lal Bahadur Nagar,GENERAL,15,Naresh Middela,MALE,31,GENERAL,PEP,141,0,141,0.05
49,Lal Bahadur Nagar,GENERAL,16,Challa Ram Kalyan,MALE,41,GENERAL,BKSP,138,2,140,0.05
49,Lal Bahadur Nagar,GENERAL,17,Jella Nagarjuna,MALE,31,GENERAL,IND,136,1,137,0.05
49,Lal Bahadur Nagar,GENERAL,18,Kandala Pardha Saradhi,MALE,61,GENERAL,JNRJP,128,2,130,0.04
49,Lal Bahadur Nagar,GENERAL,19,Chennoju Srinivasulu,MALE,42,GENERAL,TRP,129,0,129,0.04
49,Lal Bahadur Nagar,GENERAL,20,Mokuroju. Paripurnachary,MALE,43,GENERAL,IND,129,0,129,0.04
49,Lal Bahadur Nagar,GENERAL,21,P.brahmaiah,MALE,44,GENERAL,IND,123,0,123,0.04
49,Lal Bahadur Nagar,GENERAL,22,Jagadeshwar Dhidha,MALE,43,SC,IPBP,122,0,122,0.04
49,Lal Bahadur Nagar,GENERAL,23,Sudheer Reddy Dhepa,MALE,38,GENERAL,IND,117,2,119,0.04
49,Lal Bahadur Nagar,GENERAL,24,Patiballa Anjali,FEMALE,51,GENERAL,IND,119,0,119,0.04
49,Lal Bahadur Nagar,GENERAL,25,Hanmanthu Khatravath Naik,MALE,51,ST,IND,111,0,111,0.04
49,Lal Bahadur Nagar,GENERAL,26,Chamakura Rajaiah Alias Pidikili Raju,MALE,47,GENERAL,SJPI,108,1,109,0.04
49,Lal Bahadur Nagar,GENERAL,27,Novkat Bala Kirthi Rani,FEMALE,47,ST,JMBP,108,0,108,0.04
49,Lal Bahadur Nagar,GENERAL,28,A. Anjaneya Chary,MALE,36,GENERAL,TJP,92,0,92,0.03
49,Lal Bahadur Nagar,GENERAL,29,Kasireddy Phaninder,MALE,34,GENERAL,IND,91,0,91,0.03
49,Lal Bahadur Nagar,GENERAL,30,Dr. Veera Bhoga Vasantha Rayalu,MALE,46,GENERAL,IND,86,0,86,0.03
49,Lal Bahadur Nagar,GENERAL,31,Dr. Marri Madhusudan Reddy,MALE,61,GENERAL,IND,84,1,85,0.03
49,Lal Bahadur Nagar,GENERAL,32,Abhilash Talpuri,MALE,32,GENERAL,JSKHP,80,0,80,0.03
49,Lal Bahadur Nagar,GENERAL,33,Manchala. Srikanth,MALE,37,SC,IND,72,0,72,0.02
49,Lal Bahadur Nagar,GENERAL,34,Ginnam. Venkateshwarlu,MALE,58,GENERAL,IND,69,0,69,0.02
49,Lal Bahadur Nagar,GENERAL,35,Y.shyam Sunder Reddy,MALE,47,GENERAL,IND,69,0,69,0.02
49,Lal Bahadur Nagar,GENERAL,36,Kothagundla Nagamani,FEMALE,54,GENERAL,BCYP,66,3,69,0.02
49,Lal Bahadur Nagar,GENERAL,37,Pandu Rangam. Rayabandi,MALE,50,GENERAL,BLFP,60,0,60,0.02
49,Lal Bahadur Nagar,GENERAL,38,Koduru Ravi,MALE,45,GENERAL,BLIP,58,1,59,0.02
49,Lal Bahadur Nagar,GENERAL,39,Mohd. Mubashir,MALE,34,GENERAL,PRCP,54,0,54,0.02
49,Lal Bahadur Nagar,GENERAL,40,Rupani. Lingasvami,MALE,67,GENERAL,TLGNARJYS,52,0,52,0.02
49,Lal Bahadur Nagar,GENERAL,41,Venkatesh Yadav,MALE,34,GENERAL,IND,52,0,52,0.02
49,Lal Bahadur Nagar,GENERAL,42,Hanuma Reddy,MALE,75,GENERAL,IND,51,0,51,0.02
49,Lal Bahadur Nagar,GENERAL,43,Yamarthi Ratna Prasad,MALE,50,GENERAL,RPPRINAT,51,0,51,0.02
49,Lal Bahadur Nagar,GENERAL,44,Komati Reddy Venkat Ramana Reddy,MALE,33,GENERAL,IND,46,1,47,0.02
49,Lal Bahadur Nagar,GENERAL,45,Shanmukha Chary Rangu,MALE,50,GENERAL,IND,43,0,43,0.01
49,Lal Bahadur Nagar,GENERAL,46,Sapavat Suman,MALE,36,ST,IND,43,0,43,0.01
49,Lal Bahadur Nagar,GENERAL,47,Ayyalasomayajula Naga Srinivas,MALE,41,GENERAL,IND,42,0,42,0.01
49,Lal Bahadur Nagar,GENERAL,48,Eesari. Suryaprakash Reddy,MALE,43,GENERAL,IND,41,0,41,0.01
49,Lal Bahadur Nagar,GENERAL,49,Srinivas Rao Hazari,MALE,55,GENERAL,IND,27,0,27,0.01
50,Maheswaram,GENERAL,1,Patlolla Sabitha Indra Reddy,FEMALE,60,GENERAL,BRS,124753,825,125578,40.99
50,Maheswaram,GENERAL,2,Andela Sriramulu Yadav,MALE,48,GENERAL,BJP,98223,1168,99391,32.45
50,Maheswaram,GENERAL,3,K. Laxma Reddy (k.l.r),MALE,67,GENERAL,INC,69531,1126,70657,23.07
50,Maheswaram,GENERAL,4,Kotha Manohar Reddy,MALE,48,GENERAL,BSP,2627,70,2697,0.88
50,Maheswaram,GENERAL,5,Nota,,,,NOTA,2022,9,2031,0.66
50,Maheswaram,GENERAL,6,Eesari Surya Prakash Reddy,MALE,43,GENERAL,IND,1005,2,1007,0.33
50,Maheswaram,GENERAL,7,Huma Abbasi,FEMALE,43,GENERAL,JMBP,691,0,691,0.23
50,Maheswaram,GENERAL,8,Amarender Gundrapalli,MALE,31,SC,DHRMSMJP,634,8,642,0.21
50,Maheswaram,GENERAL,9,T.sriramulu Yadav,MALE,40,GENERAL,BKSP,462,0,462,0.15
50,Maheswaram,GENERAL,10,Kathula Yadaiah,MALE,46,SC,IND,442,0,442,0.14
50,Maheswaram,GENERAL,11,Sabitha Maddi,FEMALE,40,GENERAL,IND,299,1,300,0.1
50,Maheswaram,GENERAL,12,Kallem Laxma Reddy (k.l.r),MALE,34,GENERAL,JSKHP,250,3,253,0.08
50,Maheswaram,GENERAL,13,Subramanya Rahul Gunturu,MALE,27,GENERAL,IND,233,0,233,0.08
50,Maheswaram,GENERAL,14,Pagilla Narasimha Reddy,MALE,50,GENERAL,IND,229,1,230,0.08
50,Maheswaram,GENERAL,15,Kankanala Srikanth,MALE,52,GENERAL,IND,214,0,214,0.07
50,Maheswaram,GENERAL,16,Syed Azeem Uddin,MALE,31,GENERAL,AIMEIEM,170,1,171,0.06
50,Maheswaram,GENERAL,17,Sabavath Savindar,MALE,30,ST,IND,170,0,170,0.06
50,Maheswaram,GENERAL,18,Laxmanachari Pokuri,MALE,42,GENERAL,JNRJP,159,4,163,0.05
50,Maheswaram,GENERAL,19,Eeranki Sandeep Goud,MALE,31,GENERAL,PEP,136,2,138,0.05
50,Maheswaram,GENERAL,20,Uppula Mahender,MALE,28,SC,IND,124,0,124,0.04
50,Maheswaram,GENERAL,21,C.bramhmam Reddy,MALE,53,GENERAL,PPOI,112,0,112,0.04
50,Maheswaram,GENERAL,22,B.ram Charan,MALE,31,GENERAL,IND,106,1,107,0.03
50,Maheswaram,GENERAL,23,Kumbham Suresh,MALE,35,GENERAL,BCYP,106,0,106,0.03
50,Maheswaram,GENERAL,24,R.raghuram Naik,MALE,37,ST,IND,102,1,103,0.03
50,Maheswaram,GENERAL,25,Mohammed Taj,MALE,35,GENERAL,DJHP,83,1,84,0.03
50,Maheswaram,GENERAL,26,Mallesh Pippala Kuruma,MALE,31,GENERAL,VTRP,79,3,82,0.03
50,Maheswaram,GENERAL,27,Chikkulla Shiva Prasad,MALE,40,GENERAL,IND,73,0,73,0.02
50,Maheswaram,GENERAL,28,Narasimha Reddy Dyapa,MALE,58,GENERAL,TRP,73,0,73,0.02
51,Rajendranagar,GENERAL,1,T. Prakash Goud,MALE,64,GENERAL,BRS,121283,451,121734,37.09
51,Rajendranagar,GENERAL,2,Thokala Srinivas Reddy,MALE,32,GENERAL,BJP,88978,660,89638,27.31
51,Rajendranagar,GENERAL,3,Kasturi Narender,MALE,54,GENERAL,INC,81055,1002,82057,25.0
51,Rajendranagar,GENERAL,4,Mandagiri Swamy Yadav,MALE,44,GENERAL,AIMIM,25645,25,25670,7.82
51,Rajendranagar,GENERAL,5,Nota,,,,NOTA,1819,13,1832,0.56
51,Rajendranagar,GENERAL,6,Rachamalla Jayasimha,MALE,43,GENERAL,BSP,1241,24,1265,0.39
51,Rajendranagar,GENERAL,7,Karre Srinivas,MALE,46,SC,IND,795,0,795,0.24
51,Rajendranagar,GENERAL,8,Nallagoppula Harish Goud,MALE,30,GENERAL,MCPI,717,2,719,0.22
51,Rajendranagar,GENERAL,9,Mohammed Nawaz,MALE,37,GENERAL,DJHP,677,0,677,0.21
51,Rajendranagar,GENERAL,10,Srinivas Jennumahanthi,MALE,47,GENERAL,RCPI(R),614,0,614,0.19
51,Rajendranagar,GENERAL,11,B.ramulu Yadav,MALE,48,GENERAL,AIFB,572,0,572,0.17
51,Rajendranagar,GENERAL,12,Syed Aijaz Hussaini,MALE,36,GENERAL,PRCP,352,0,352,0.11
51,Rajendranagar,GENERAL,13,Mohd Abdul Aziz,MALE,43,GENERAL,NRCP,311,0,311,0.09
51,Rajendranagar,GENERAL,14,Kolukuri Srinivas Reddy,MALE,32,GENERAL,IND,245,1,246,0.07
51,Rajendranagar,GENERAL,15,Mahesh V.,MALE,40,GENERAL,PPOI,224,2,226,0.07
51,Rajendranagar,GENERAL,16,Thotla Raghavender,MALE,31,GENERAL,DHRMSMJP,166,3,169,0.05
51,Rajendranagar,GENERAL,17,Hema Jilloju,FEMALE,36,GENERAL,IND,153,0,153,0.05
51,Rajendranagar,GENERAL,18,D.gopal Dandotikar,MALE,29,GENERAL,VTRP,151,1,152,0.05
51,Rajendranagar,GENERAL,19,Palamakula Madhu,MALE,42,SC,IPBP,149,0,149,0.05
51,Rajendranagar,GENERAL,20,Ponugoti Bhavani,FEMALE,44,GENERAL,JMBP,134,2,136,0.04
51,Rajendranagar,GENERAL,21,Mohamed Abdul Azeem,MALE,52,GENERAL,IND,136,0,136,0.04
51,Rajendranagar,GENERAL,22,Gurrampally Kerith Kumari,FEMALE,47,SC,BMUP,130,0,130,0.04
51,Rajendranagar,GENERAL,23,Mohammed Iqbal,MALE,47,GENERAL,IND,126,1,127,0.04
51,Rajendranagar,GENERAL,24,Mohd Amer,MALE,31,GENERAL,RJ,115,3,118,0.04
51,Rajendranagar,GENERAL,25,Govind,MALE,45,GENERAL,IND,117,0,117,0.04
51,Rajendranagar,GENERAL,26,Kandivanam Raju Mallesh Goud,MALE,40,GENERAL,IND,97,1,98,0.03
52,Serilingampally,GENERAL,1,Arekapudi Gandhi,MALE,62,GENERAL,BRS,156999,333,157332,43.97
52,Serilingampally,GENERAL,2,Jagadeeswar Goud,MALE,48,GENERAL,INC,110208,572,110780,30.96
52,Serilingampally,GENERAL,3,M.ravi Kumar Yadav,MALE,42,GENERAL,BJP,79841,307,80148,22.4
52,Serilingampally,GENERAL,4,Nota,,,,NOTA,3142,3,3145,0.88
52,Serilingampally,GENERAL,5,O.srinivas Yadav,MALE,56,GENERAL,BSP,1116,4,1120,0.31
52,Serilingampally,GENERAL,6,Raja Mahendra Katari,MALE,36,GENERAL,IND,1002,1,1003,0.28
52,Serilingampally,GENERAL,7,Gunji Vasu,MALE,35,GENERAL,IND,738,1,739,0.21
52,Serilingampally,GENERAL,8,Kokkonda Prudhvi Pathi Rao,MALE,51,GENERAL,IND,395,0,395,0.11
52,Serilingampally,GENERAL,9,Akarsh Sriramoju,MALE,27,GENERAL,IND,372,0,372,0.1
52,Serilingampally,GENERAL,10,Anil Kumar Tudum,MALE,55,GENERAL,MCPI,352,0,352,0.1
52,Serilingampally,GENERAL,11,Shaik Faruq,MALE,28,GENERAL,IND,285,0,285,0.08
52,Serilingampally,GENERAL,12,Juvva Phani Kumar,MALE,43,GENERAL,IND,223,0,223,0.06
52,Serilingampally,GENERAL,13,Karthieek Gundla,MALE,28,GENERAL,IND,205,1,206,0.06
52,Serilingampally,GENERAL,14,Saikumar Narra,MALE,27,GENERAL,YGATLSIP,164,1,165,0.05
52,Serilingampally,GENERAL,15,Parnandi Ramulu,MALE,52,SC,IND,145,1,146,0.04
52,Serilingampally,GENERAL,16,Venu Nandimandalam,MALE,48,GENERAL,IND,139,0,139,0.04
52,Serilingampally,GENERAL,17,J. Srinivasa Rao,MALE,45,GENERAL,IND,134,0,134,0.04
52,Serilingampally,GENERAL,18,Mekala Venkata Subbamma,FEMALE,50,SC,IND,128,2,130,0.04
52,Serilingampally,GENERAL,19,Dudekula Imam Hussain,MALE,49,GENERAL,AIMEP,105,1,106,0.03
52,Serilingampally,GENERAL,20,Ravinder Uppula,MALE,51,GENERAL,IND,91,0,91,0.03
52,Serilingampally,GENERAL,21,Prasad V,MALE,40,GENERAL,PPOI,85,0,85,0.02
52,Serilingampally,GENERAL,22,Samba Siva Prasad M,MALE,53,GENERAL,IND,84,0,84,0.02
52,Serilingampally,GENERAL,23,Nemmadi Sravan Kumar,MALE,27,SC,DHRMSMJP,76,1,77,0.02
52,Serilingampally,GENERAL,24,Syed Saber,MALE,39,GENERAL,IND,73,0,73,0.02
52,Serilingampally,GENERAL,25,Nakka Prabhakar,MALE,33,SC,PRJVLGUP,70,3,73,0.02
52,Serilingampally,GENERAL,26,Beera Srinivasa Rao,MALE,51,GENERAL,IND,72,0,72,0.02
52,Serilingampally,GENERAL,27,Kondapally Ramulu,MALE,47,SC,BMUP,68,0,68,0.02
52,Serilingampally,GENERAL,28,Ghouse Mohammed,MALE,43,GENERAL,NRCP,62,1,63,0.02
52,Serilingampally,GENERAL,29,Maramulla Gnana Raju,MALE,48,SC,IND,62,1,63,0.02
52,Serilingampally,GENERAL,30,Mohammad Pasha,MALE,44,GENERAL,IND,60,0,60,0.02
52,Serilingampally,GENERAL,31,Durga Prasad Saladi,MALE,41,GENERAL,IPBP,57,0,57,0.02
52,Serilingampally,GENERAL,32,Raviteja Srirumula,MALE,27,GENERAL,IND,44,0,44,0.01
53,Chevella,SC,1,Kale Yadaiah,MALE,61,SC,BRS,75843,375,76218,38.73
53,Chevella,SC,2,Beem Bharath Pamena,MALE,52,SC,INC,74981,969,75950,38.59
53,Chevella,SC,3,K.s.ratnam,MALE,68,SC,BJP,37886,569,38455,19.54
53,Chevella,SC,4,Raja Mahendra Varma,MALE,41,SC,BSP,1687,33,1720,0.87
53,Chevella,SC,5,Nota,,,,NOTA,1412,11,1423,0.72
53,Chevella,SC,6,Durga Prasad. T,MALE,38,SC,PRJVLGUP,870,1,871,0.44
53,Chevella,SC,7,Tudumu Pandu,MALE,40,SC,IND,755,2,757,0.38
53,Chevella,SC,8,Maddela Sathyanarayana,MALE,33,SC,IND,444,0,444,0.23
53,Chevella,SC,9,Baindla Narsimulu,MALE,46,SC,IND,380,3,383,0.19
53,Chevella,SC,10,Stalin Ravindra Maharaj,MALE,35,SC,DHRMSMJP,186,3,189,0.1
53,Chevella,SC,11,Mekala Srinivas,MALE,37,SC,IPBP,146,1,147,0.07
53,Chevella,SC,12,Girigalla Chinna Manikyam,MALE,50,SC,GNASURKP,128,1,129,0.07
53,Chevella,SC,13,Arakali Kiran Kumar,MALE,39,SC,MBT,116,0,116,0.06
54,Pargi,GENERAL,1,Dr. T. Ram Mohan Reddy,MALE,58,GENERAL,INC,96671,1899,98570,48.93
54,Pargi,GENERAL,2,K. Mahesh Reddy,MALE,51,GENERAL,BRS,74113,424,74537,37.0
54,Pargi,GENERAL,3,Booneti Maruthi Kiran,MALE,44,GENERAL,BJP,16179,479,16658,8.27
54,Pargi,GENERAL,4,Mahesh Reddy Bareddy,MALE,31,GENERAL,AODRP,2181,1,2182,1.08
54,Pargi,GENERAL,5,Anandam Yenkepally,MALE,32,SC,BSP,2100,51,2151,1.07
54,Pargi,GENERAL,6,Mukunda Nageshwar,MALE,44,GENERAL,IND,1391,5,1396,0.69
54,Pargi,GENERAL,7,Nota,,,,NOTA,1119,5,1124,0.56
54,Pargi,GENERAL,8,Pathlavath Gattya Naik,MALE,38,ST,BMUP,1066,3,1069,0.53
54,Pargi,GENERAL,9,B. Srisailam Yadav,MALE,28,GENERAL,sps,934,0,934,0.46
54,Pargi,GENERAL,10,G. Mallesham Goud,MALE,47,GENERAL,IND,736,1,737,0.37
54,Pargi,GENERAL,11,B.raghavendra,MALE,33,GENERAL,IND,573,1,574,0.28
54,Pargi,GENERAL,12,Dudekula Gouse,MALE,35,GENERAL,IND,503,0,503,0.25
54,Pargi,GENERAL,13,Beri Ramachandar Yadav,MALE,51,GENERAL,IND,361,0,361,0.18
54,Pargi,GENERAL,14,Mangali Naresh,MALE,35,GENERAL,DHRMSMJP,262,16,278,0.14
54,Pargi,GENERAL,15,Mohammed Saleem,MALE,51,GENERAL,BCYP,199,0,199,0.1
54,Pargi,GENERAL,16,Bhaskar Begari,MALE,39,SC,TRP,158,2,160,0.08
55,Vicarabad,SC,1,Gaddam Prasad Kumar,MALE,59,SC,INC,85603,1282,86885,49.85
55,Vicarabad,SC,2,Dr. Anand Methuku,MALE,49,SC,BRS,73714,278,73992,42.46
55,Vicarabad,SC,3,P. Naveen Kumar,MALE,41,SC,BJP,6950,182,7132,4.09
55,Vicarabad,SC,4,G. Kranthi Kumar,MALE,36,SC,BSP,2406,37,2443,1.4
55,Vicarabad,SC,5,Nota,,,,NOTA,1406,6,1412,0.81
55,Vicarabad,SC,6,Jangam Laxmi Narsamma,FEMALE,38,SC,IND,617,0,617,0.35
55,Vicarabad,SC,7,B. Anand Kumar,MALE,35,SC,AODRP,588,2,590,0.34
55,Vicarabad,SC,8,Vasanth Kumar S.,MALE,36,SC,IND,346,2,348,0.2
55,Vicarabad,SC,9,S. Gopal,MALE,49,SC,PRJVLGUP,228,0,228,0.13
55,Vicarabad,SC,10,Gandu Ravindar,MALE,39,SC,DHRMSMJP,203,3,206,0.12
55,Vicarabad,SC,11,Ramaraju Kishtapuram,MALE,26,SC,PPOI,183,3,186,0.11
55,Vicarabad,SC,12,M Narsimulu Patloor,MALE,43,SC,IPBP,141,1,142,0.08
55,Vicarabad,SC,13,Gudla Rukkaiah,MALE,69,SC,BARESP,101,0,101,0.06
56,Tandur,GENERAL,1,B. Manohar Reddy,MALE,58,GENERAL,INC,83684,978,84662,48.32
56,Tandur,GENERAL,2,Pilot Rohith Reddy,MALE,39,GENERAL,BRS,77763,316,78079,44.56
56,Tandur,GENERAL,3,Nemuri Shanker Goud,MALE,47,GENERAL,JnP,3971,116,4087,2.33
56,Tandur,GENERAL,4,Boini Chandrashekar Mudiraj,MALE,43,GENERAL,BSP,2521,25,2546,1.45
56,Tandur,GENERAL,5,Mambapuram Vijayender,MALE,36,GENERAL,IND,908,2,910,0.52
56,Tandur,GENERAL,6,Mohammed Mustafa Rizwan,MALE,54,GENERAL,IND,854,0,854,0.49
56,Tandur,GENERAL,7,Avuti Srisailam,MALE,39,GENERAL,NRCP,634,3,637,0.36
56,Tandur,GENERAL,8,P. Rohit Reddy,MALE,38,GENERAL,IND,608,2,610,0.35
56,Tandur,GENERAL,9,Nota,,,,NOTA,570,22,592,0.34
56,Tandur,GENERAL,10,Nomula Anil,MALE,28,GENERAL,IND,522,0,522,0.3
56,Tandur,GENERAL,11,Gudise Gopal,MALE,45,SC,PRJVLGUP,283,1,284,0.16
56,Tandur,GENERAL,12,Rathod Anand Nayak,MALE,53,ST,IND,260,2,262,0.15
56,Tandur,GENERAL,13,Peddolla Anand Kumar,MALE,42,SC,IND,249,0,249,0.14
56,Tandur,GENERAL,14,Sri Chiluka Gopal,MALE,43,SC,IND,190,1,191,0.11
56,Tandur,GENERAL,15,Aravindu,MALE,32,GENERAL,IND,148,1,149,0.09
56,Tandur,GENERAL,16,Vittal Rathod,MALE,31,ST,BLIP,123,2,125,0.07
56,Tandur,GENERAL,17,Nenavath Hari Nayak,MALE,35,ST,BMUP,107,0,107,0.06
56,Tandur,GENERAL,18,Manohar Reddy .d,MALE,31,GENERAL,JSKHP,79,2,81,0.05
56,Tandur,GENERAL,19,B. Sumanth,MALE,39,GENERAL,IND,77,0,77,0.04
56,Tandur,GENERAL,20,Gouri Srisailam Mudiraj,MALE,40,GENERAL,DHRMSMJP,75,1,76,0.04
56,Tandur,GENERAL,21,Maroju Suneel,MALE,55,GENERAL,BLFP,64,0,64,0.04
56,Tandur,GENERAL,22,Dharmapuram Ramchandraiah,MALE,37,GENERAL,BCYP,61,0,61,0.03
57,Musheerabad,GENERAL,1,Muta Gopal,MALE,70,GENERAL,BRS,75000,207,75207,49.07
57,Musheerabad,GENERAL,2,Anjan Kumar Yadav,MALE,62,GENERAL,INC,37109,301,37410,24.41
57,Musheerabad,GENERAL,3,Poosa Raju,MALE,51,GENERAL,BJP,35266,157,35423,23.11
57,Musheerabad,GENERAL,4,Nota,,,,NOTA,1332,12,1344,0.88
57,Musheerabad,GENERAL,5,Dasharath Maddela,MALE,44,SC,CPI(M),829,6,835,0.54
57,Musheerabad,GENERAL,6,Pochagari.narender,MALE,43,SC,BSP,589,28,617,0.4
57,Musheerabad,GENERAL,7,Syed Ali Yahiya Bilal,MALE,39,GENERAL,NRCP,261,1,262,0.17
57,Musheerabad,GENERAL,8,Shaik Abdul Ayub,MALE,40,GENERAL,ABDP,191,0,191,0.12
57,Musheerabad,GENERAL,9,Gottimukkala Madhava Chary,MALE,35,GENERAL,IND,179,0,179,0.12
57,Musheerabad,GENERAL,10,Kaja Purna Chander,MALE,45,GENERAL,INDPJC,170,2,172,0.11
57,Musheerabad,GENERAL,11,Etikyala Nagesh,MALE,47,SC,BALP,164,0,164,0.11
57,Musheerabad,GENERAL,12,Laxmi Narayana Yaprala,MALE,33,GENERAL,IND,159,0,159,0.1
57,Musheerabad,GENERAL,13,Vutkuri Sai Goud,MALE,34,GENERAL,JNRJP,137,1,138,0.09
57,Musheerabad,GENERAL,14,Karanam Rajesh Kumar,MALE,32,GENERAL,IND,111,0,111,0.07
57,Musheerabad,GENERAL,15,Muthyala Rajesh,MALE,50,SC,DHRMSMJP,107,0,107,0.07
57,Musheerabad,GENERAL,16,Pasham Santosh Reddy,MALE,33,GENERAL,YGATLSIP,104,0,104,0.07
57,Musheerabad,GENERAL,17,M.gopal,MALE,60,GENERAL,AINHCP,102,0,102,0.07
57,Musheerabad,GENERAL,18,C.shyam Kumar,MALE,52,SC,DABAP,75,0,75,0.05
57,Musheerabad,GENERAL,19,M.rajender,MALE,48,SC,AIFB,71,0,71,0.05
57,Musheerabad,GENERAL,20,Mohd Aijaz,MALE,43,GENERAL,IND,64,0,64,0.04
57,Musheerabad,GENERAL,21,S.ravi,MALE,49,GENERAL,PEP,56,0,56,0.04
57,Musheerabad,GENERAL,22,Cheepirishetti Ramesh,MALE,30,GENERAL,IND,52,0,52,0.03
57,Musheerabad,GENERAL,23,Uttam Praveen Kumar,MALE,55,SC,IND,49,1,50,0.03
57,Musheerabad,GENERAL,24,Palamakula Madhu,MALE,42,SC,IPBP,48,0,48,0.03
57,Musheerabad,GENERAL,25,Reddymalla Parvathi,FEMALE,44,SC,IND,47,0,47,0.03
57,Musheerabad,GENERAL,26,J.anitha,FEMALE,26,SC,IND,47,0,47,0.03
57,Musheerabad,GENERAL,27,Murali Mohan Chappati,MALE,42,GENERAL,IND,41,0,41,0.03
57,Musheerabad,GENERAL,28,Ravi Kumar Vodela,MALE,41,GENERAL,IND,41,0,41,0.03
57,Musheerabad,GENERAL,29,R.hemalatha,FEMALE,37,SC,JMBP,41,0,41,0.03
57,Musheerabad,GENERAL,30,Bokinala Koteswara Rao,MALE,42,GENERAL,IND,35,0,35,0.02
57,Musheerabad,GENERAL,31,Perumalla Samuel Gnanasunder,MALE,63,GENERAL,IND,30,1,31,0.02
57,Musheerabad,GENERAL,32,S.g.poorna Chander Rao,MALE,62,GENERAL,IND,28,0,28,0.02
58,Malakpet,GENERAL,1,Ahmed Bin Abdullah Balala,MALE,56,GENERAL,AIMIM,55609,196,55805,42.27
58,Malakpet,GENERAL,2,Shaik Akbar,MALE,43,GENERAL,INC,29516,183,29699,22.5
58,Malakpet,GENERAL,3,Samreddy Surender Reddy,MALE,59,GENERAL,BJP,23535,196,23731,17.97
58,Malakpet,GENERAL,4,Ajeet Reddy. T,MALE,49,GENERAL,BRS,18583,63,18646,14.12
58,Malakpet,GENERAL,5,Nota,,,,NOTA,876,5,881,0.67
58,Malakpet,GENERAL,6,Ambi Hanumanth Rao,MALE,52,GENERAL,SP(I),640,1,641,0.49
58,Malakpet,GENERAL,7,Algola Ramesh,MALE,42,SC,BSP,453,7,460,0.35
58,Malakpet,GENERAL,8,Polkam Srinivas,MALE,53,GENERAL,IND,279,0,279,0.21
58,Malakpet,GENERAL,9,Syed Ali Raj Mohammed,MALE,54,GENERAL,ABDP,207,0,207,0.16
58,Malakpet,GENERAL,10,Guvvala Satish Kumar,MALE,35,SC,IND,200,1,201,0.15
58,Malakpet,GENERAL,11,L. Ashoknath,MALE,53,SC,IND,183,0,183,0.14
58,Malakpet,GENERAL,12,I. Latha,FEMALE,44,GENERAL,YGATLSIP,149,2,151,0.11
58,Malakpet,GENERAL,13,Syed Bilal,MALE,43,GENERAL,IND,126,0,126,0.1
58,Malakpet,GENERAL,14,Mohammed Saadullah Khan,MALE,31,GENERAL,IND,110,0,110,0.08
58,Malakpet,GENERAL,15,Adam Ahmed Shaik,MALE,29,GENERAL,VTRP,108,0,108,0.08
58,Malakpet,GENERAL,16,J. Shyam Sunder Rao,MALE,54,GENERAL,IND,92,1,93,0.07
58,Malakpet,GENERAL,17,Mohammed Akram Ali Khan,MALE,37,GENERAL,IND,88,0,88,0.07
58,Malakpet,GENERAL,18,Pendekanti Ravi Kumar,MALE,45,GENERAL,ASPKR,81,0,81,0.06
58,Malakpet,GENERAL,19,Khaja Moinuddin,MALE,55,GENERAL,AIMEIEM,78,2,80,0.06
58,Malakpet,GENERAL,20,Kondrapally Manjula,FEMALE,29,SC,DHRMSMJP,71,1,72,0.05
58,Malakpet,GENERAL,21,M. Kiran,MALE,39,SC,IND,61,0,61,0.05
58,Malakpet,GENERAL,22,Bhargavi Kajjayam,FEMALE,48,GENERAL,IND,57,1,58,0.04
58,Malakpet,GENERAL,23,Boggulla Suniithha,FEMALE,49,GENERAL,IND,55,0,55,0.04
58,Malakpet,GENERAL,24,M. Mohd Hussain,MALE,51,GENERAL,NRCP,52,3,55,0.04
58,Malakpet,GENERAL,25,Syed Anwar,MALE,33,GENERAL,AYSRCP,52,0,52,0.04
58,Malakpet,GENERAL,26,Gaddam Anitha,FEMALE,44,SC,GNASURKP,37,0,37,0.03
58,Malakpet,GENERAL,27,Konenti Sudershan,MALE,51,GENERAL,IPBP,33,0,33,0.02
58,Malakpet,GENERAL,28,A. Rajeshwar Yadav,MALE,62,GENERAL,IND,31,0,31,0.02
59,Amberpet,GENERAL,1,Kaleru Venkatesh,MALE,63,GENERAL,BRS,74135,281,74416,50.8
59,Amberpet,GENERAL,2,Chenaboyanna Krishna Yadav,MALE,59,GENERAL,BJP,49505,374,49879,34.05
59,Amberpet,GENERAL,3,Dr. Rohin Kumar Reddy.c,MALE,48,GENERAL,INC,17681,323,18004,12.29
59,Amberpet,GENERAL,4,Nota,,,,NOTA,1308,9,1317,0.9
59,Amberpet,GENERAL,5,Eada Bhaskar Rao,MALE,55,GENERAL,AODRP,486,0,486,0.33
59,Amberpet,GENERAL,6,Anwar Khan,MALE,65,GENERAL,BSP,385,7,392,0.27
59,Amberpet,GENERAL,7,Srikanth Devaruppala,MALE,31,GENERAL,IND,294,6,300,0.2
59,Amberpet,GENERAL,8,Om Singh Rajpurohit,MALE,45,GENERAL,YGATLSIP,273,0,273,0.19
59,Amberpet,GENERAL,9,Mangilipally Shanker,MALE,40,GENERAL,IND,263,2,265,0.18
59,Amberpet,GENERAL,10,P Rajesh,MALE,52,GENERAL,IND,200,1,201,0.14
59,Amberpet,GENERAL,11,M. Srinivas,MALE,41,GENERAL,IND,174,3,177,0.12
59,Amberpet,GENERAL,12,Muppidi Vasudeva Rao,MALE,54,SC,INDPJC,116,0,116,0.08
59,Amberpet,GENERAL,13,Amuda Arun Kumar,MALE,36,GENERAL,IND,110,0,110,0.08
59,Amberpet,GENERAL,14,Arukal Mahendar Goud,MALE,53,GENERAL,IND,96,0,96,0.07
59,Amberpet,GENERAL,15,Andrapu Sudarshan Gangaputra,MALE,51,GENERAL,IND,95,0,95,0.06
59,Amberpet,GENERAL,16,Nalla Uday Kumar,MALE,29,SC,DHRMSMJP,80,2,82,0.06
59,Amberpet,GENERAL,17,L. Srinath,MALE,41,SC,IND,77,0,77,0.05
59,Amberpet,GENERAL,18,Dharmender Tiwari,MALE,37,GENERAL,PEP,56,1,57,0.04
59,Amberpet,GENERAL,19,Syed Mohsin Uddin,MALE,36,GENERAL,NRCP,49,0,49,0.03
59,Amberpet,GENERAL,20,Malik Moqther Mohiuddin,MALE,42,GENERAL,DJMK,48,0,48,0.03
59,Amberpet,GENERAL,21,V.santosh,MALE,34,GENERAL,BHRTSWDCNG,48,0,48,0.03
60,Khairatabad,GENERAL,1,Danam Nagender,MALE,60,GENERAL,BRS,67165,203,67368,43.48
60,Khairatabad,GENERAL,2,P Vijaya Reddy,FEMALE,44,GENERAL,INC,45061,297,45358,29.28
60,Khairatabad,GENERAL,3,Chintala Rama Chandra Reddy,MALE,69,GENERAL,BJP,37931,163,38094,24.59
60,Khairatabad,GENERAL,4,Nota,,,,NOTA,1188,6,1194,0.77
60,Khairatabad,GENERAL,5,Midde Krishna,MALE,46,SC,BSP,539,5,544,0.35
60,Khairatabad,GENERAL,6,Akshay Raghuram Kotian,MALE,30,GENERAL,IND,325,0,325,0.21
60,Khairatabad,GENERAL,7,Kodimela Ramesh,MALE,58,GENERAL,IND,233,0,233,0.15
60,Khairatabad,GENERAL,8,Kurakula Jyothi,FEMALE,42,ST,SUCI,224,0,224,0.14
60,Khairatabad,GENERAL,9,Abdul Hameed,MALE,33,GENERAL,IND,215,0,215,0.14
60,Khairatabad,GENERAL,10,Puram Venkatesham,MALE,51,GENERAL,IND,183,0,183,0.12
60,Khairatabad,GENERAL,11,Dr. Aman Preet Singh Alagh,MALE,39,GENERAL,GNASURKP,160,1,161,0.1
60,Khairatabad,GENERAL,12,D. Nagaraju,MALE,45,GENERAL,YGATLSIP,124,0,124,0.08
60,Khairatabad,GENERAL,13,Huma Abbasi,FEMALE,43,GENERAL,JMBP,99,0,99,0.06
60,Khairatabad,GENERAL,14,R.s. Ranjeet Kumar,MALE,48,GENERAL,IND,94,1,95,0.06
60,Khairatabad,GENERAL,15,T. Shankar Das,MALE,53,SC,BARESP,89,2,91,0.06
60,Khairatabad,GENERAL,16,Mohd Majid,MALE,47,GENERAL,IND,82,0,82,0.05
60,Khairatabad,GENERAL,17,Paul Sathyanadhan David,MALE,66,GENERAL,NRCP,68,0,68,0.04
60,Khairatabad,GENERAL,18,Pasham Madhukar Yadav,MALE,43,GENERAL,IND,68,0,68,0.04
60,Khairatabad,GENERAL,19,Mettu Manjula,FEMALE,28,GENERAL,IND,63,1,64,0.04
60,Khairatabad,GENERAL,20,Aepuri Vikram Babu,MALE,44,GENERAL,DHRMSMJP,59,0,59,0.04
60,Khairatabad,GENERAL,21,Ch. Swarna Kumari,FEMALE,41,SC,IND,58,0,58,0.04
60,Khairatabad,GENERAL,22,Susheel Lal Raju Prasad,MALE,42,GENERAL,IPBP,55,0,55,0.04
60,Khairatabad,GENERAL,23,Shabad Ramesh,MALE,51,GENERAL,IND,47,0,47,0.03
60,Khairatabad,GENERAL,24,Mohammed Abdul Khadeer,MALE,55,GENERAL,mmsp,44,0,44,0.03
60,Khairatabad,GENERAL,25,Anand Chakrapani Chary Sunkoju Kothapally,MALE,50,GENERAL,NJANP,38,0,38,0.02
60,Khairatabad,GENERAL,26,Mohammed Khaja,MALE,46,GENERAL,JAC,32,1,33,0.02
61,Jubilee Hills,GENERAL,1,Maganti Gopinath,MALE,56,GENERAL,BRS,80328,221,80549,43.94
61,Jubilee Hills,GENERAL,2,Mohammed Azharuddin,MALE,60,GENERAL,INC,63838,374,64212,35.03
61,Jubilee Hills,GENERAL,3,Lankala Deepak Reddy,MALE,49,GENERAL,BJP,25756,110,25866,14.11
61,Jubilee Hills,GENERAL,4,M.d. Rashed Farazuddin,MALE,35,GENERAL,AIMIM,7829,19,7848,4.28
61,Jubilee Hills,GENERAL,5,Nota,,,,NOTA,1367,7,1374,0.75
61,Jubilee Hills,GENERAL,6,Nanda Kishore Tallada,MALE,35,GENERAL,AODRP,924,1,925,0.5
61,Jubilee Hills,GENERAL,7,Koneti Sujatha,FEMALE,28,ST,BSP,841,6,847,0.46
61,Jubilee Hills,GENERAL,8,Surabhi Singh,FEMALE,42,GENERAL,IND,222,1,223,0.12
61,Jubilee Hills,GENERAL,9,Shaik Shareef,MALE,46,GENERAL,IND,212,0,212,0.12
61,Jubilee Hills,GENERAL,10,Shaik Kareem,MALE,30,GENERAL,IND,199,0,199,0.11
61,Jubilee Hills,GENERAL,11,Dr.gudoori Chenna Reddy,MALE,76,GENERAL,INDPJC,190,0,190,0.1
61,Jubilee Hills,GENERAL,12,Shiv Shankar Reddy.s,MALE,44,GENERAL,IND,149,0,149,0.08
61,Jubilee Hills,GENERAL,13,Siddhartha Chakravarthy,MALE,36,GENERAL,IND,144,0,144,0.08
61,Jubilee Hills,GENERAL,14,M.prasunamba,FEMALE,46,GENERAL,NRCP,122,0,122,0.07
61,Jubilee Hills,GENERAL,15,Vanaparthy Rambabu,MALE,44,GENERAL,IND,109,0,109,0.06
61,Jubilee Hills,GENERAL,16,Mohammed Akbaruddin,MALE,45,GENERAL,IND,89,3,92,0.05
61,Jubilee Hills,GENERAL,17,Gonti Srikanth,MALE,35,GENERAL,sps,74,1,75,0.04
61,Jubilee Hills,GENERAL,18,Machcherla Venkat Reddy,MALE,68,GENERAL,IND,64,1,65,0.04
61,Jubilee Hills,GENERAL,19,Mohammed Ismail Khan,MALE,34,GENERAL,IND,58,0,58,0.03
61,Jubilee Hills,GENERAL,20,Anand Rao,MALE,39,GENERAL,IND,52,1,53,0.03
62,Sanathnagar,GENERAL,1,Talasani Srinivas Yadav,MALE,58,GENERAL,BRS,72398,159,72557,56.57
62,Sanathnagar,GENERAL,2,Marri Shashidhar Reddy,MALE,74,GENERAL,BJP,30624,106,30730,23.96
62,Sanathnagar,GENERAL,3,Kota Neelima,FEMALE,52,GENERAL,INC,22352,140,22492,17.54
62,Sanathnagar,GENERAL,4,Nota,,,,NOTA,1033,7,1040,0.81
62,Sanathnagar,GENERAL,5,Gunneboina Akhilesh,MALE,27,GENERAL,BSP,418,0,418,0.33
62,Sanathnagar,GENERAL,6,A.srinivas,MALE,42,GENERAL,IND,165,0,165,0.13
62,Sanathnagar,GENERAL,7,Karthik Medi,MALE,32,SC,DHRMSMJP,151,1,152,0.12
62,Sanathnagar,GENERAL,8,Gowlikar Sony,FEMALE,37,GENERAL,SJPI,145,1,146,0.11
62,Sanathnagar,GENERAL,9,Rangapuram Markondaiah,MALE,57,GENERAL,IND,121,0,121,0.09
62,Sanathnagar,GENERAL,10,S.varun Raj,MALE,39,GENERAL,IND,103,0,103,0.08
62,Sanathnagar,GENERAL,11,Sararapu Srisailam,MALE,47,GENERAL,TLGNARJYS,75,0,75,0.06
62,Sanathnagar,GENERAL,12,Devendar Konne,MALE,42,GENERAL,IND,59,0,59,0.05
62,Sanathnagar,GENERAL,13,Chamakura Sujatha,FEMALE,48,GENERAL,JMBP,51,0,51,0.04
62,Sanathnagar,GENERAL,14,Kummari Venkateswarlu,MALE,47,GENERAL,AIFB,48,1,49,0.04
62,Sanathnagar,GENERAL,15,Kanchanamala,FEMALE,49,GENERAL,IND,43,0,43,0.03
62,Sanathnagar,GENERAL,16,Yesu Babu Pavuluri,MALE,49,GENERAL,IPBP,34,0,34,0.03
62,Sanathnagar,GENERAL,17,Syed Khader,MALE,54,GENERAL,mmsp,28,0,28,0.02
63,Nampally,GENERAL,1,Mohammed Majid Hussain,MALE,42,GENERAL,AIMIM,62063,122,62185,40.83
63,Nampally,GENERAL,2,Feroz Khan,MALE,51,GENERAL,INC,59888,260,60148,39.49
63,Nampally,GENERAL,3,Ch. Anand Kumar Goud,MALE,61,GENERAL,BRS,15378,42,15420,10.12
63,Nampally,GENERAL,4,Jakati Laxmi Rahul Chandra,MALE,51,GENERAL,BJP,11163,53,11216,7.36
63,Nampally,GENERAL,5,Nota,,,,NOTA,542,2,544,0.36
63,Nampally,GENERAL,6,M. Narender,MALE,46,GENERAL,IND,342,0,342,0.22
63,Nampally,GENERAL,7,Moulana Shafee Masoodi,MALE,33,GENERAL,BSP,274,3,277,0.18
63,Nampally,GENERAL,8,Shazanullah,MALE,25,GENERAL,IND,177,0,177,0.12
63,Nampally,GENERAL,9,Vijayalaxmi Jakkula,FEMALE,39,SC,IND,163,0,163,0.11
63,Nampally,GENERAL,10,Diddi Pentaiah,MALE,76,GENERAL,IND,162,0,162,0.11
63,Nampally,GENERAL,11,A. Baba Goud,MALE,38,GENERAL,IND,160,1,161,0.11
63,Nampally,GENERAL,12,Deenawale Shivraj Singh,MALE,36,GENERAL,IND,152,0,152,0.1
63,Nampally,GENERAL,13,Shiraz Khan,FEMALE,53,GENERAL,IND,136,0,136,0.09
63,Nampally,GENERAL,14,Md. Nazeer Ahmed Ansari,MALE,38,GENERAL,BMUP,135,0,135,0.09
63,Nampally,GENERAL,15,Syed Zia Ul Hasan,MALE,61,GENERAL,IND,121,0,121,0.08
63,Nampally,GENERAL,16,P. Veera,MALE,40,GENERAL,IND,85,1,86,0.06
63,Nampally,GENERAL,17,Alli Shiva Kumar,MALE,33,SC,DHRMSMJP,77,0,77,0.05
63,Nampally,GENERAL,18,Amina Majid,FEMALE,42,GENERAL,IND,71,1,72,0.05
63,Nampally,GENERAL,19,Samreen,FEMALE,32,GENERAL,JMBP,70,0,70,0.05
63,Nampally,GENERAL,20,Farhana Begum,FEMALE,37,GENERAL,IND,65,0,65,0.04
63,Nampally,GENERAL,21,Vishal Singh D,MALE,25,GENERAL,IND,63,0,63,0.04
63,Nampally,GENERAL,22,Takur Devender Singh,MALE,38,GENERAL,IND,56,0,56,0.04
63,Nampally,GENERAL,23,S.anjali,FEMALE,45,SC,IND,49,0,49,0.03
63,Nampally,GENERAL,24,Anjum,FEMALE,28,GENERAL,IND,49,0,49,0.03
63,Nampally,GENERAL,25,K. Shankar,MALE,37,GENERAL,IND,48,0,48,0.03
63,Nampally,GENERAL,26,Boppi Ganesh,MALE,48,SC,PPOI,46,0,46,0.03
63,Nampally,GENERAL,27,Basapally Shyam Rao,MALE,46,GENERAL,IND,45,0,45,0.03
63,Nampally,GENERAL,28,Ruthu Chekka,FEMALE,34,GENERAL,IND,42,0,42,0.03
63,Nampally,GENERAL,29,Surya Teja Malli,MALE,31,GENERAL,NRCP,33,0,33,0.02
63,Nampally,GENERAL,30,M. Chandra Shekar,MALE,41,GENERAL,IND,33,0,33,0.02
63,Nampally,GENERAL,31,Sujaath Ali Khan,MALE,54,GENERAL,IND,28,0,28,0.02
63,Nampally,GENERAL,32,V. Dhanraj,MALE,42,GENERAL,BHRTSWDCNG,26,0,26,0.02
63,Nampally,GENERAL,33,Rebba Ashwin Kumar,MALE,36,SC,IND,25,0,25,0.02
63,Nampally,GENERAL,34,Mohammed Abdul Azeem,MALE,52,GENERAL,IND,24,0,24,0.02
63,Nampally,GENERAL,35,Billam Narender,MALE,62,GENERAL,IND,24,0,24,0.02
64,Karwan,GENERAL,1,Kausar Mohiuddin,MALE,59,GENERAL,AIMIM,83166,222,83388,47.42
64,Karwan,GENERAL,2,Amar Singh,MALE,68,GENERAL,BJP,41099,303,41402,23.55
64,Karwan,GENERAL,3,Aindala Krishna,MALE,64,SC,BRS,29097,97,29194,16.6
64,Karwan,GENERAL,4,Osman Bin Mohammed Al Hajri,MALE,55,GENERAL,INC,18053,107,18160,10.33
64,Karwan,GENERAL,5,Nota,,,,NOTA,886,10,896,0.51
64,Karwan,GENERAL,6,Addala Karthik,MALE,29,GENERAL,YGATLSIP,626,4,630,0.36
64,Karwan,GENERAL,7,Allepu Anjaiah,MALE,45,GENERAL,BSP,582,7,589,0.33
64,Karwan,GENERAL,8,K. Prabhakar,MALE,52,GENERAL,IND,290,0,290,0.16
64,Karwan,GENERAL,9,Matangi Ramesh Kumar,MALE,41,SC,IND,228,0,228,0.13
64,Karwan,GENERAL,10,Bommaganti Hari Babu,MALE,51,SC,IND,220,0,220,0.13
64,Karwan,GENERAL,11,Mohammed Laiq,MALE,53,GENERAL,MBT,170,0,170,0.1
64,Karwan,GENERAL,12,Gogikar Anil,MALE,25,GENERAL,VTRP,124,1,125,0.07
64,Karwan,GENERAL,13,Avula Srikanth,MALE,34,GENERAL,AIFB,92,1,93,0.05
64,Karwan,GENERAL,14,Ande Usha Kanna,MALE,31,SC,IND,90,1,91,0.05
64,Karwan,GENERAL,15,K. M. Gurucharan,MALE,41,GENERAL,BRS,89,1,90,0.05
64,Karwan,GENERAL,16,Narsingh Rao Vulkundakar,MALE,38,GENERAL,PEP,71,1,72,0.04
64,Karwan,GENERAL,17,Syeda Zainab Naqvi,FEMALE,41,GENERAL,JMBP,71,0,71,0.04
64,Karwan,GENERAL,18,Kondapally Ramu,MALE,26,SC,IND,65,0,65,0.04
64,Karwan,GENERAL,19,Modi Ramesh,MALE,42,SC,DHRMSMJP,62,0,62,0.04
65,Goshamahal,GENERAL,1,T. Raja Singh,MALE,46,GENERAL,BJP,79951,231,80182,54.08
65,Goshamahal,GENERAL,2,Nandu Bilal,MALE,55,GENERAL,BRS,58639,86,58725,39.61
65,Goshamahal,GENERAL,3,Mogili Sunitha,FEMALE,53,GENERAL,INC,6209,56,6265,4.23
65,Goshamahal,GENERAL,4,Nota,,,,NOTA,621,5,626,0.42
65,Goshamahal,GENERAL,5,Shravan Kumar Burra,MALE,42,GENERAL,IND,480,0,480,0.32
65,Goshamahal,GENERAL,6,Peddamyathari Anil,MALE,31,SC,IND,348,0,348,0.23
65,Goshamahal,GENERAL,7,Kolla Pradeep Raj,MALE,41,SC,IND,231,0,231,0.16
65,Goshamahal,GENERAL,8,Khaja Mansoor,MALE,44,GENERAL,JAC,211,0,211,0.14
65,Goshamahal,GENERAL,9,Thakur Yuvraj Singh,MALE,40,GENERAL,IND,169,0,169,0.11
65,Goshamahal,GENERAL,10,Milind Raj Singh,MALE,53,GENERAL,IND,157,0,157,0.11
65,Goshamahal,GENERAL,11,Bonala Srinivas,MALE,48,GENERAL,PEP,110,0,110,0.07
65,Goshamahal,GENERAL,12,Shaik Mohd Kaleem Uddin,MALE,45,GENERAL,NRCP,100,0,100,0.07
65,Goshamahal,GENERAL,13,Chandra Shekhar Rao Gajula,MALE,42,GENERAL,IND,88,0,88,0.06
65,Goshamahal,GENERAL,14,Linga Swamy Singaram,MALE,41,SC,DHRMSMJP,81,0,81,0.05
65,Goshamahal,GENERAL,15,Ashok Kumar Mamba,MALE,42,SC,IND,70,0,70,0.05
65,Goshamahal,GENERAL,16,Mohammed Osman,MALE,40,GENERAL,IND,69,0,69,0.05
65,Goshamahal,GENERAL,17,Mekala Vivek Yadav,MALE,31,GENERAL,BCYP,66,0,66,0.04
65,Goshamahal,GENERAL,18,Priya Sahu,FEMALE,35,GENERAL,JMBP,63,0,63,0.04
65,Goshamahal,GENERAL,19,B.v.ramesh Babu,MALE,64,GENERAL,SP(I),61,0,61,0.04
65,Goshamahal,GENERAL,20,Narsingh Singh,MALE,52,GENERAL,IND,58,0,58,0.04
65,Goshamahal,GENERAL,21,Mohammed Abdul Azeem,MALE,31,GENERAL,AIMEIEM,52,1,53,0.04
65,Goshamahal,GENERAL,22,M. Sangeetha Laxmi,FEMALE,39,SC,IND,46,0,46,0.03
66,Charminar,GENERAL,1,Mir Zulfeqar Ali,MALE,60,GENERAL,AIMIM,49002,101,49103,50.05
66,Charminar,GENERAL,2,Megha Rani Agarwal,FEMALE,42,GENERAL,BJP,26144,106,26250,26.76
66,Charminar,GENERAL,3,Mohammed Mujeebullah Shareef,MALE,55,GENERAL,INC,10856,43,10899,11.11
66,Charminar,GENERAL,4,Mohammed Salauddin Lodhi,MALE,61,GENERAL,BRS,8853,21,8874,9.05
66,Charminar,GENERAL,5,Zeenath Begum,FEMALE,41,GENERAL,NRCP,990,1,991,1.01
66,Charminar,GENERAL,6,Nota,,,,NOTA,833,4,837,0.85
66,Charminar,GENERAL,7,Uppu Venu,MALE,35,GENERAL,IND,369,0,369,0.38
66,Charminar,GENERAL,8,Abrar Hussain Azad,MALE,47,GENERAL,BSP,272,0,272,0.28
66,Charminar,GENERAL,9,Kousar Ali Mirza,MALE,53,GENERAL,AIMEIEM,170,0,170,0.17
66,Charminar,GENERAL,10,Kuldeep Sharma,MALE,43,GENERAL,YGATLSIP,125,0,125,0.13
66,Charminar,GENERAL,11,Mohammed Aman Ullha Shareef,MALE,53,GENERAL,IND,70,1,71,0.07
66,Charminar,GENERAL,12,Yerrolla Dharshan,MALE,25,SC,IND,48,0,48,0.05
66,Charminar,GENERAL,13,Anil Sen,MALE,48,GENERAL,IND,41,0,41,0.04
66,Charminar,GENERAL,14,Jyoti Sharma,FEMALE,27,GENERAL,GNASURKP,30,0,30,0.03
66,Charminar,GENERAL,15,Singa Panga Jaya Krishna,MALE,32,SC,DHRMSMJP,23,0,23,0.02
67,Chandrayangutta,GENERAL,1,Akbar Uddin Owaisi,MALE,53,GENERAL,AIMIM,99545,231,99776,64.89
67,Chandrayangutta,GENERAL,2,Sitharam Reddy Muppi,MALE,54,GENERAL,BRS,18078,38,18116,11.78
67,Chandrayangutta,GENERAL,3,Kowdi Mahender,MALE,54,SC,BJP,16267,147,16414,10.67
67,Chandrayangutta,GENERAL,4,Boya Nagesh,MALE,37,GENERAL,INC,14476,113,14589,9.49
67,Chandrayangutta,GENERAL,5,Nota,,,,NOTA,1444,16,1460,0.95
67,Chandrayangutta,GENERAL,6,Gandham Satyanarayana,MALE,64,GENERAL,IND,1189,1,1190,0.77
67,Chandrayangutta,GENERAL,7,Rashed Hashmi,MALE,52,GENERAL,MBT,804,0,804,0.52
67,Chandrayangutta,GENERAL,8,M. Ramcharan Das,MALE,49,SC,BSP,358,4,362,0.24
67,Chandrayangutta,GENERAL,9,Amjad Khan,MALE,46,GENERAL,IND,257,0,257,0.17
67,Chandrayangutta,GENERAL,10,Adala Karuna,FEMALE,45,SC,YGATLSIP,246,0,246,0.16
67,Chandrayangutta,GENERAL,11,D. Bhanu Chander,MALE,37,GENERAL,IND,175,0,175,0.11
67,Chandrayangutta,GENERAL,12,M. Anitha,FEMALE,37,GENERAL,JMBP,115,1,116,0.08
67,Chandrayangutta,GENERAL,13,Asia,FEMALE,46,GENERAL,NRCP,111,0,111,0.07
67,Chandrayangutta,GENERAL,14,Gorla Bharath Raj,MALE,30,SC,IND,93,0,93,0.06
67,Chandrayangutta,GENERAL,15,Abdul Rahaman Mantrala,MALE,42,GENERAL,DHRMSMJP,62,0,62,0.04
68,Yakutpura,GENERAL,1,Jaffar Hussain,MALE,63,GENERAL,AIMIM,46010,143,46153,32.86
68,Yakutpura,GENERAL,2,Amjed Ullah Khan,MALE,51,GENERAL,MBT,45200,75,45275,32.24
68,Yakutpura,GENERAL,3,N Veerender Babu Yadav,MALE,49,GENERAL,BJP,22165,189,22354,15.92
68,Yakutpura,GENERAL,4,Sama Sunder Reddy,MALE,45,GENERAL,BRS,15453,63,15516,11.05
68,Yakutpura,GENERAL,5,K. Ravi Raj,MALE,49,GENERAL,INC,6880,74,6954,4.95
68,Yakutpura,GENERAL,6,Nota,,,,NOTA,700,4,704,0.5
68,Yakutpura,GENERAL,7,Sama Srinivas Rao,MALE,48,SC,IND,459,0,459,0.33
68,Yakutpura,GENERAL,8,K. Sudershan,MALE,45,SC,IND,386,0,386,0.27
68,Yakutpura,GENERAL,9,Bangari Manik Rao,MALE,50,SC,BSP,345,3,348,0.25
68,Yakutpura,GENERAL,10,Nandala Anil Kumar,MALE,38,GENERAL,VTRP,286,0,286,0.2
68,Yakutpura,GENERAL,11,Mohammed Akram Ali Khan,MALE,37,GENERAL,IND,276,0,276,0.2
68,Yakutpura,GENERAL,12,Aushetty Rajani,FEMALE,40,GENERAL,IND,236,0,236,0.17
68,Yakutpura,GENERAL,13,Mohammed Osman,MALE,56,GENERAL,IND,232,0,232,0.17
68,Yakutpura,GENERAL,14,C.k. Krishna,MALE,57,GENERAL,IND,183,0,183,0.13
68,Yakutpura,GENERAL,15,Renu Keswani,FEMALE,52,GENERAL,IND,167,0,167,0.12
68,Yakutpura,GENERAL,16,Layeeq Ahmed Khan,MALE,66,GENERAL,IND,128,0,128,0.09
68,Yakutpura,GENERAL,17,S.k. Khaja,MALE,38,GENERAL,AIFB,102,0,102,0.07
68,Yakutpura,GENERAL,18,Mallepakula Saidulu,MALE,36,SC,DHRMSMJP,85,1,86,0.06
68,Yakutpura,GENERAL,19,Saritha Agaldivitykhar,FEMALE,29,GENERAL,IND,78,0,78,0.06
68,Yakutpura,GENERAL,20,Mohammed Abdul Aziz Khan,MALE,65,GENERAL,IND,74,0,74,0.05
68,Yakutpura,GENERAL,21,S. Surya Prakash,MALE,58,GENERAL,IND,67,1,68,0.05
68,Yakutpura,GENERAL,22,Kasa Somaiah,MALE,62,GENERAL,AIMEIEM,65,2,67,0.05
68,Yakutpura,GENERAL,23,Racharla Vishnu,MALE,50,GENERAL,PEP,65,0,65,0.05
68,Yakutpura,GENERAL,24,Rahman Shareef,MALE,39,GENERAL,IND,65,0,65,0.05
68,Yakutpura,GENERAL,25,Habeeb Osman Bin Jeelani,MALE,52,GENERAL,IND,53,0,53,0.04
68,Yakutpura,GENERAL,26,Abdul Jaleel,MALE,38,GENERAL,IND,40,1,41,0.03
68,Yakutpura,GENERAL,27,Mohammed Ashfaq,MALE,54,GENERAL,IPBP,39,0,39,0.03
68,Yakutpura,GENERAL,28,Siliveru Naresh,MALE,32,GENERAL,PRSHP,39,0,39,0.03
69,Bahadurpura,GENERAL,1,Mohammed Mubeen,MALE,55,GENERAL,AIMIM,89284,167,89451,62.24
69,Bahadurpura,GENERAL,2,Mir Inayath Ali Baqri,MALE,53,GENERAL,BRS,22398,28,22426,15.6
69,Bahadurpura,GENERAL,3,Pulipati Rajesh Kumar,MALE,36,GENERAL,INC,14380,68,14448,10.05
69,Bahadurpura,GENERAL,4,Y. Naresh,MALE,41,GENERAL,BJP,11575,46,11621,8.09
69,Bahadurpura,GENERAL,5,Sikender Ullah Khan,MALE,43,GENERAL,MBT,2856,6,2862,1.99
69,Bahadurpura,GENERAL,6,Nota,,,,NOTA,1267,12,1279,0.89
69,Bahadurpura,GENERAL,7,Arshadi Begum,FEMALE,43,GENERAL,NRCP,621,0,621,0.43
69,Bahadurpura,GENERAL,8,Racharla Kumar,MALE,36,SC,IND,286,3,289,0.2
69,Bahadurpura,GENERAL,9,Aliya Begum,FEMALE,34,GENERAL,mmsp,229,1,230,0.16
69,Bahadurpura,GENERAL,10,Mohammed Waheed Ali,MALE,44,GENERAL,AIMEIEM,186,0,186,0.13
69,Bahadurpura,GENERAL,11,Mohd Azharuddin Quadari,MALE,35,GENERAL,AIFB,129,0,129,0.09
69,Bahadurpura,GENERAL,12,Shaik Shaheen,FEMALE,37,GENERAL,JMBP,102,0,102,0.07
69,Bahadurpura,GENERAL,13,Irigi Mallesh,MALE,36,SC,DHRMSMJP,81,0,81,0.06
70,Secunderabad,GENERAL,1,Padma Rao.t,MALE,69,GENERAL,BRS,77910,313,78223,55.42
70,Secunderabad,GENERAL,2,Adam Santhosh Kumar,MALE,55,GENERAL,INC,32598,385,32983,23.37
70,Secunderabad,GENERAL,3,Mekala Sarangapani,MALE,60,GENERAL,BJP,25012,190,25202,17.86
70,Secunderabad,GENERAL,4,Nota,,,,NOTA,1503,15,1518,1.08
70,Secunderabad,GENERAL,5,Prakash Velpula,MALE,46,SC,BSP,649,3,652,0.46
70,Secunderabad,GENERAL,6,Banal Manjula,FEMALE,49,GENERAL,AODRP,470,0,470,0.33
70,Secunderabad,GENERAL,7,Sravanthi S,FEMALE,39,SC,MCPI,249,0,249,0.18
70,Secunderabad,GENERAL,8,Bhavani.p,FEMALE,37,SC,IND,224,0,224,0.16
70,Secunderabad,GENERAL,9,Burgula John Dinakar,MALE,29,GENERAL,IND,224,0,224,0.16
70,Secunderabad,GENERAL,10,P.n. Arun Kumar,MALE,41,GENERAL,IBP,211,3,214,0.15
70,Secunderabad,GENERAL,11,Kante Srinivas Rao (ksr),MALE,52,GENERAL,IND,158,1,159,0.11
70,Secunderabad,GENERAL,12,Amalakonda Venugopal Goud,MALE,45,GENERAL,NRCP,155,0,155,0.11
70,Secunderabad,GENERAL,13,Mohammed Abdul Khader,MALE,54,GENERAL,IND,105,1,106,0.08
70,Secunderabad,GENERAL,14,Mohan . K,MALE,63,GENERAL,IND,104,0,104,0.07
70,Secunderabad,GENERAL,15,Krishna Golkonda,MALE,41,SC,DHRMSMJP,99,1,100,0.07
70,Secunderabad,GENERAL,16,P. Naveen Babu,MALE,32,GENERAL,VTRP,89,3,92,0.07
70,Secunderabad,GENERAL,17,M.a.arun Kumar,MALE,59,GENERAL,IPBP,67,1,68,0.05
70,Secunderabad,GENERAL,18,Charan Raj Valparaj,MALE,31,SC,TPJRP,56,3,59,0.04
70,Secunderabad,GENERAL,19,Mudugula Sunitha,FEMALE,44,SC,IND,58,0,58,0.04
70,Secunderabad,GENERAL,20,Pasula Venu Yohan,MALE,38,GENERAL,IND,58,0,58,0.04
70,Secunderabad,GENERAL,21,Mohammed Afzal,MALE,56,GENERAL,IND,56,0,56,0.04
70,Secunderabad,GENERAL,22,Kanuganti Raju,MALE,57,GENERAL,AIFB,48,0,48,0.03
70,Secunderabad,GENERAL,23,Rahul Kodarapu,MALE,27,GENERAL,IND,45,0,45,0.03
70,Secunderabad,GENERAL,24,Gunja Vijaya Kumari,FEMALE,33,GENERAL,LJD,41,0,41,0.03
70,Secunderabad,GENERAL,25,V.g. Sharma,MALE,39,GENERAL,IND,40,0,40,0.03
71,Secunderabad Cantt.,SC,1,Lasya Nanditha Sayanna,FEMALE,36,SC,BRS,58911,146,59057,47.43
71,Secunderabad Cantt.,SC,2,Sriganesh. N,MALE,45,SC,BJP,41752,136,41888,33.64
71,Secunderabad Cantt.,SC,3,Venela Gaddar,FEMALE,43,SC,INC,20664,161,20825,16.72
71,Secunderabad Cantt.,SC,4,Nota,,,,NOTA,1216,4,1220,0.98
71,Secunderabad Cantt.,SC,5,Budida Karunakar,MALE,31,SC,BSP,517,4,521,0.42
71,Secunderabad Cantt.,SC,6,Jajula Bhaskar,MALE,48,SC,SHP,278,0,278,0.22
71,Secunderabad Cantt.,SC,7,Gattu Kumar Karthik,MALE,26,SC,IND,217,1,218,0.18
71,Secunderabad Cantt.,SC,8,Pushpanjali Suraram,FEMALE,45,SC,INDPJC,183,1,184,0.15
71,Secunderabad Cantt.,SC,9,Eillandula Sathish,MALE,29,SC,IND,148,0,148,0.12
71,Secunderabad Cantt.,SC,10,B. Kiran Kumar,MALE,35,SC,IND,111,0,111,0.09
71,Secunderabad Cantt.,SC,11,Paidi Raju,MALE,49,SC,IPBP,67,0,67,0.05
72,Kodangal,GENERAL,1,Anumula Revanth Reddy,MALE,56,GENERAL,INC,106558,871,107429,55.05
72,Kodangal,GENERAL,2,Patnam Narender Reddy,MALE,53,GENERAL,BRS,74709,188,74897,38.38
72,Kodangal,GENERAL,3,Bantu Ramesh,MALE,43,GENERAL,BJP,3928,60,3988,2.04
72,Kodangal,GENERAL,4,M.madhusudhan Reddy,MALE,38,GENERAL,IND,2173,0,2173,1.11
72,Kodangal,GENERAL,5,Kurva Narmada Kistappa,FEMALE,38,GENERAL,BSP,2114,19,2133,1.09
72,Kodangal,GENERAL,6,Nota,,,,NOTA,1999,3,2002,1.03
72,Kodangal,GENERAL,7,Prabhakar Mudiraj,MALE,28,GENERAL,IND,770,0,770,0.39
72,Kodangal,GENERAL,8,Venkat Ramulu Kandedi,MALE,35,GENERAL,IND,463,0,463,0.24
72,Kodangal,GENERAL,9,Pyata Narender Reddy,MALE,37,GENERAL,IND,380,0,380,0.19
72,Kodangal,GENERAL,10,Gottimukkala Anjilaiah,MALE,32,GENERAL,IND,273,0,273,0.14
72,Kodangal,GENERAL,11,Krishna Naik,MALE,29,ST,DHRMSMJP,213,2,215,0.11
72,Kodangal,GENERAL,12,Rathod Surya Naik,MALE,35,ST,BMUP,161,0,161,0.08
72,Kodangal,GENERAL,13,Kotike Ramu Mudhiraj,MALE,35,GENERAL,TLGNARJYS,149,3,152,0.08
72,Kodangal,GENERAL,14,Kura Venkataiah,MALE,52,GENERAL,IND,127,0,127,0.07
73,Narayanpet,GENERAL,1,Chittem Parnika Reddy,FEMALE,30,GENERAL,INC,84005,703,84708,46.31
73,Narayanpet,GENERAL,2,S.rajender Reddy,MALE,58,GENERAL,BRS,76499,258,76757,41.97
73,Narayanpet,GENERAL,3,K. Rathanga Pandu Reddy,MALE,58,GENERAL,BJP,14869,209,15078,8.24
73,Narayanpet,GENERAL,4,Bodhigeli Srinivasulu,MALE,32,SC,BSP,2457,11,2468,1.35
73,Narayanpet,GENERAL,5,Nota,,,,NOTA,1512,5,1517,0.83
73,Narayanpet,GENERAL,6,K.rajender Reddy,MALE,45,GENERAL,IND,1081,1,1082,0.59
73,Narayanpet,GENERAL,7,Eashwar,MALE,26,SC,DHRMSMJP,916,3,919,0.5
73,Narayanpet,GENERAL,8,Sathyanarayana Banda,MALE,35,GENERAL,IND,370,0,370,0.2
74,Mahbubnagar,GENERAL,1,Yennam Srinivas Reddy,MALE,53,GENERAL,INC,84728,2499,87227,48.04
74,Mahbubnagar,GENERAL,2,V. Srinivas Goud,MALE,54,GENERAL,BRS,67736,753,68489,37.72
74,Mahbubnagar,GENERAL,3,A.p. Mithun Kumar Reddy,MALE,39,GENERAL,BJP,19376,543,19919,10.97
74,Mahbubnagar,GENERAL,4,P. Swapna,FEMALE,37,GENERAL,BSP,1287,30,1317,0.73
74,Mahbubnagar,GENERAL,5,Karukonda Srinivasulu,MALE,42,GENERAL,IND,1168,6,1174,0.65
74,Mahbubnagar,GENERAL,6,Nota,,,,NOTA,1140,17,1157,0.64
74,Mahbubnagar,GENERAL,7,Mettukadi Sreenivasulu,MALE,63,GENERAL,IND,730,7,737,0.41
74,Mahbubnagar,GENERAL,8,Mohammed Imtiyaz Ahamad,MALE,49,GENERAL,IND,605,3,608,0.33
74,Mahbubnagar,GENERAL,9,Mohammed Shareef,MALE,46,GENERAL,IND,229,2,231,0.13
74,Mahbubnagar,GENERAL,10,K. Ramulu,MALE,45,SC,DHRMSMJP,121,1,122,0.07
74,Mahbubnagar,GENERAL,11,Munnur Ravi,MALE,37,GENERAL,AIFB,118,3,121,0.07
74,Mahbubnagar,GENERAL,12,Ashok Kumar Gajbinkar,MALE,51,GENERAL,IND,117,0,117,0.06
74,Mahbubnagar,GENERAL,13,Iqbal Ahmed Khan,MALE,38,GENERAL,BMUP,106,0,106,0.06
74,Mahbubnagar,GENERAL,14,C. Srinivas Reddy,MALE,37,GENERAL,JSKHP,88,1,89,0.05
74,Mahbubnagar,GENERAL,15,M.a. Khadar,MALE,42,GENERAL,PGSP,81,0,81,0.04
74,Mahbubnagar,GENERAL,16,T. Krishna,MALE,45,GENERAL,BCYP,74,3,77,0.04
75,Jadcherla,GENERAL,1,Anirudh Reddy Janampalli,MALE,43,GENERAL,INC,90145,720,90865,50.3
75,Jadcherla,GENERAL,2,Charlakola Laxma Rreddy,MALE,62,GENERAL,BRS,75515,179,75694,41.9
75,Jadcherla,GENERAL,3,Chitaranjan Das. J,MALE,72,GENERAL,BJP,7219,93,7312,4.05
75,Jadcherla,GENERAL,4,Shiva Kumar,MALE,35,GENERAL,BSP,1721,4,1725,0.95
75,Jadcherla,GENERAL,5,Nota,,,,NOTA,1652,3,1655,0.92
75,Jadcherla,GENERAL,6,A. Ravi Kumar,MALE,41,GENERAL,IND,975,0,975,0.54
75,Jadcherla,GENERAL,7,M. Shankar,MALE,37,ST,IND,975,0,975,0.54
75,Jadcherla,GENERAL,8,L. Mohan,MALE,32,ST,IND,276,0,276,0.15
75,Jadcherla,GENERAL,9,K Narssingaraw,MALE,48,GENERAL,GNASURKP,197,0,197,0.11
75,Jadcherla,GENERAL,10,Adla Balavardhan Goud,MALE,50,GENERAL,AIFB,179,1,180,0.1
75,Jadcherla,GENERAL,11,Veljala Baswaiah,MALE,53,SC,RCPI(R),172,1,173,0.1
75,Jadcherla,GENERAL,12,Kosgi Yadaiah,MALE,40,SC,DHRMSMJP,151,3,154,0.09
75,Jadcherla,GENERAL,13,Srikanth Pillela,MALE,27,SC,BCYP,145,0,145,0.08
75,Jadcherla,GENERAL,14,Anand Ummadi,MALE,55,GENERAL,BMUP,136,1,137,0.08
75,Jadcherla,GENERAL,15,Maata Shree Jaanakamma,THIRD,46,GENERAL,RSHTSMNYPP,107,0,107,0.06
75,Jadcherla,GENERAL,16,Aneel Kumar,MALE,38,GENERAL,JSKHP,70,0,70,0.04
76,Devarkadra,GENERAL,1,Gavinolla Madhusudan Reddy (gmr),MALE,52,GENERAL,INC,87909,642,88551,45.31
76,Devarkadra,GENERAL,2,Alla Venkateswar Reddy,MALE,55,GENERAL,BRS,87002,157,87159,44.6
76,Devarkadra,GENERAL,3,Konda Prashanth Reddy,MALE,39,GENERAL,BJP,13104,60,13164,6.74
76,Devarkadra,GENERAL,4,Basi Reddy Santhosh Reddy,MALE,40,GENERAL,BSP,1896,13,1909,0.98
76,Devarkadra,GENERAL,5,Nota,,,,NOTA,1705,1,1706,0.87
76,Devarkadra,GENERAL,6,Mandadi Venkat Narshimha Reddy,MALE,62,GENERAL,IND,1099,3,1102,0.56
76,Devarkadra,GENERAL,7,Ramu,MALE,31,GENERAL,IND,761,2,763,0.39
76,Devarkadra,GENERAL,8,A. Venkateshwar Reddy,MALE,53,GENERAL,IND,500,0,500,0.26
76,Devarkadra,GENERAL,9,Badaramoni Jangaiah,MALE,52,GENERAL,DHRMSMJP,162,0,162,0.08
76,Devarkadra,GENERAL,10,B.madhu Sudhan Reddy,MALE,48,GENERAL,JSKHP,124,0,124,0.06
76,Devarkadra,GENERAL,11,Gaddam. Yallappa.,MALE,44,GENERAL,PEP,115,0,115,0.06
76,Devarkadra,GENERAL,12,Bomma Raghavendra,MALE,41,GENERAL,AIFB,87,0,87,0.04
76,Devarkadra,GENERAL,13,Gunti Palli Kathialiah Valmki Boya,MALE,37,GENERAL,VTRP,78,3,81,0.04
77,Makthal,GENERAL,1,Vakiti Srihari,MALE,51,GENERAL,INC,74286,631,74917,39.88
77,Makthal,GENERAL,2,Chittem Ram Mohan Reddy,MALE,60,GENERAL,BRS,57292,100,57392,30.55
77,Makthal,GENERAL,3,Jalander Reddy Madi Reddy,MALE,59,GENERAL,BJP,45229,226,45455,24.2
77,Makthal,GENERAL,4,Jagannath Reddy Varkatam,MALE,51,GENERAL,BSP,2446,8,2454,1.31
77,Makthal,GENERAL,5,Nota,,,,NOTA,1895,1,1896,1.01
77,Makthal,GENERAL,6,Myathari Dasharath Kumar,MALE,29,SC,DHRMSMJP,1148,6,1154,0.61
77,Makthal,GENERAL,7,K Laxmanna,MALE,29,SC,IND,1082,0,1082,0.58
77,Makthal,GENERAL,8,Gavinolla Venkatrama Reddy,MALE,50,GENERAL,AIFB,978,1,979,0.52
77,Makthal,GENERAL,9,Anil,MALE,35,GENERAL,IND,873,0,873,0.46
77,Makthal,GENERAL,10,Bharath Kumar Bushanolla,MALE,29,GENERAL,IND,653,0,653,0.35
77,Makthal,GENERAL,11,M Balakrishna Nirudyogi,MALE,31,GENERAL,IND,508,1,509,0.27
77,Makthal,GENERAL,12,Paathinti Vishnuvardhan Reddy,MALE,45,GENERAL,IND,470,0,470,0.25
78,Wanaparthy,GENERAL,1,Megha Reddy Tudi,MALE,51,GENERAL,INC,105469,1646,107115,50.25
78,Wanaparthy,GENERAL,2,Singireddy Niranjan Reddy,MALE,65,GENERAL,BRS,81269,526,81795,38.37
78,Wanaparthy,GENERAL,3,Anugna Reddy Bujala,MALE,38,GENERAL,BJP,9034,151,9185,4.31
78,Wanaparthy,GENERAL,4,Mandla Maiboos,MALE,50,GENERAL,BSP,3935,47,3982,1.87
78,Wanaparthy,GENERAL,5,Arjun Yadav Kundhella,MALE,26,GENERAL,AODRP,2390,3,2393,1.12
78,Wanaparthy,GENERAL,6,Munipally Rajinikanth,MALE,38,GENERAL,IND,2143,3,2146,1.01
78,Wanaparthy,GENERAL,7,Katravath Ramulu,MALE,31,ST,IND,2012,1,2013,0.94
78,Wanaparthy,GENERAL,8,Nota,,,,NOTA,1928,10,1938,0.91
78,Wanaparthy,GENERAL,9,Bankala Yellaiah,MALE,40,SC,DHRMSMJP,1257,14,1271,0.6
78,Wanaparthy,GENERAL,10,Gangavaram Ramakrishna Reddy,MALE,46,GENERAL,IND,366,5,371,0.17
78,Wanaparthy,GENERAL,11,Neelam Rukmangadhar,MALE,38,GENERAL,IND,294,7,301,0.14
78,Wanaparthy,GENERAL,12,Kammari Suryaprakash,MALE,41,GENERAL,PEP,224,5,229,0.11
78,Wanaparthy,GENERAL,13,Gondi Venkata Ramana,MALE,47,GENERAL,IND,220,4,224,0.11
78,Wanaparthy,GENERAL,14,T. Dayanand,MALE,30,GENERAL,IND,198,3,201,0.09
79,Gadwal,GENERAL,1,Bandla Krishna Mohan Reddy,MALE,56,GENERAL,BRS,93720,377,94097,43.79
79,Gadwal,GENERAL,2,Saritha W/o Thirupataiah,FEMALE,40,GENERAL,INC,86039,1022,87061,40.52
79,Gadwal,GENERAL,3,G. Ranjith Kumar,MALE,39,GENERAL,AIFB,13429,25,13454,6.26
79,Gadwal,GENERAL,4,Shiva Reddy,MALE,59,GENERAL,BJP,7422,136,7558,3.52
79,Gadwal,GENERAL,5,Br Thimmanna,MALE,39,SC,IND,2824,2,2826,1.32
79,Gadwal,GENERAL,6,Athikur Rahaman,MALE,59,GENERAL,BSP,1762,9,1771,0.82
79,Gadwal,GENERAL,7,Raghavendrudu,MALE,33,GENERAL,IND,1143,0,1143,0.53
79,Gadwal,GENERAL,8,Ediga Parameshwar Goud,MALE,34,GENERAL,IND,835,3,838,0.39
79,Gadwal,GENERAL,9,Raju Gaddegothram,MALE,34,SC,IND,778,0,778,0.36
79,Gadwal,GENERAL,10,Nota,,,,NOTA,761,14,775,0.36
79,Gadwal,GENERAL,11,N Venkatesh Naik,MALE,31,ST,IND,692,0,692,0.32
79,Gadwal,GENERAL,12,K Srinivasulu S/o K Krishna Murthy,MALE,37,GENERAL,IND,593,0,593,0.28
79,Gadwal,GENERAL,13,K. Krishna,MALE,32,GENERAL,BHRTSWDCNG,584,0,584,0.27
79,Gadwal,GENERAL,14,Saritha W/o Srinivas Goud,FEMALE,36,GENERAL,IND,513,1,514,0.24
79,Gadwal,GENERAL,15,Budida Anil Kumar,MALE,26,SC,IND,445,0,445,0.21
79,Gadwal,GENERAL,16,B Eshwar,MALE,41,GENERAL,IND,430,3,433,0.2
79,Gadwal,GENERAL,17,Upari Ravi Kumar,MALE,34,GENERAL,IND,299,0,299,0.14
79,Gadwal,GENERAL,18,Subba Rao,MALE,47,GENERAL,PPOI,294,0,294,0.14
79,Gadwal,GENERAL,19,G Saritha,FEMALE,31,GENERAL,NRCP,266,3,269,0.13
79,Gadwal,GENERAL,20,K Srinivasulu S/o K Sunkanna,MALE,48,SC,IND,240,1,241,0.11
79,Gadwal,GENERAL,21,Malicheti Venkat Reddy,MALE,60,GENERAL,VTRP,205,2,207,0.1
80,Alampur,SC,1,Vijayudu,MALE,46,SC,BRS,103770,290,104060,52.88
80,Alampur,SC,2,S.a.sampath Kumar,MALE,51,SC,INC,72550,937,73487,37.34
80,Alampur,SC,3,Dr.r.prasanna Kumar,MALE,51,SC,BSP,6036,46,6082,3.09
80,Alampur,SC,4,Rajagopal Perumallu,MALE,63,SC,BJP,4630,81,4711,2.39
80,Alampur,SC,5,Nota,,,,NOTA,2003,10,2013,1.02
80,Alampur,SC,6,Beesanna,MALE,57,SC,IND,1263,0,1263,0.64
80,Alampur,SC,7,Perapogu Prasangi,MALE,58,SC,IND,1149,3,1152,0.59
80,Alampur,SC,8,Raju,MALE,45,SC,IND,1085,0,1085,0.55
80,Alampur,SC,9,H Vijay Babu,MALE,35,SC,IND,863,0,863,0.44
80,Alampur,SC,10,Ayyappagari Sunil,MALE,31,SC,BCYP,794,1,795,0.4
80,Alampur,SC,11,Laxmanna,MALE,26,SC,DHRMSMJP,452,3,455,0.23
80,Alampur,SC,12,K.gopal,MALE,45,SC,IND,324,0,324,0.16
80,Alampur,SC,13,Maddileti,MALE,30,SC,AINSMP,259,0,259,0.13
80,Alampur,SC,14,Linganna R P,MALE,37,SC,AIFB,248,0,248,0.13
81,Nagarkurnool,GENERAL,1,Dr. Kuchkulla Rajesh Reddy,MALE,50,GENERAL,INC,86097,1064,87161,47.21
81,Nagarkurnool,GENERAL,2,Marri Janardhan Reddy,MALE,54,GENERAL,BRS,81616,297,81913,44.37
81,Nagarkurnool,GENERAL,3,K Kumar,MALE,50,SC,BSP,4880,34,4914,2.66
81,Nagarkurnool,GENERAL,4,Shankar K,MALE,39,GENERAL,sps,2172,0,2172,1.18
81,Nagarkurnool,GENERAL,5,Vanga Laxman Goud,MALE,38,GENERAL,JnP,1906,49,1955,1.06
81,Nagarkurnool,GENERAL,6,Mudavath Balaraju Naik,MALE,34,ST,IND,1693,0,1693,0.92
81,Nagarkurnool,GENERAL,7,Nota,,,,NOTA,1116,6,1122,0.61
81,Nagarkurnool,GENERAL,8,Ramachandra Reddy. K,MALE,52,GENERAL,IND,1120,0,1120,0.61
81,Nagarkurnool,GENERAL,9,Busi Reddy Sudhakar Reddy,MALE,63,GENERAL,IND,732,8,740,0.4
81,Nagarkurnool,GENERAL,10,Janaki Ram Reddy Kadukuntla,MALE,36,GENERAL,IND,580,0,580,0.31
81,Nagarkurnool,GENERAL,11,Gaddam Vijay,MALE,39,SC,BMUP,503,0,503,0.27
81,Nagarkurnool,GENERAL,12,Dannoji Aravind,MALE,33,GENERAL,DHRMSMJP,217,7,224,0.12
81,Nagarkurnool,GENERAL,13,Vanguri Jayashanker,MALE,33,SC,BARESP,150,0,150,0.08
81,Nagarkurnool,GENERAL,14,J.swamy,MALE,33,GENERAL,PPOI,144,0,144,0.08
81,Nagarkurnool,GENERAL,15,C. Surender Reddy,MALE,28,GENERAL,VTRP,118,2,120,0.06
81,Nagarkurnool,GENERAL,16,Bachipur Venkataiah,MALE,43,GENERAL,PEP,104,1,105,0.06
82,Achampet,SC,1,Chikkudu Vamshi Krishna,MALE,57,SC,INC,113761,1576,115337,58.96
82,Achampet,SC,2,Guvvala Balaraju,MALE,46,SC,BRS,65661,350,66011,33.74
82,Achampet,SC,3,Devani Satish Madiga,MALE,54,SC,BJP,4201,66,4267,2.18
82,Achampet,SC,4,Nota,,,,NOTA,2830,3,2833,1.45
82,Achampet,SC,5,Bejavada Ravikumar,MALE,53,SC,IND,2684,0,2684,1.37
82,Achampet,SC,6,Mothukuri Nagarjun,MALE,33,SC,BSP,1174,15,1189,0.61
82,Achampet,SC,7,Guddati Balraju,MALE,29,SC,AODRP,851,1,852,0.44
82,Achampet,SC,8,Ravi Arragadda,MALE,28,SC,IND,744,1,745,0.38
82,Achampet,SC,9,Charagonda Krishnamma,FEMALE,50,SC,IND,525,5,530,0.27
82,Achampet,SC,10,Chintha Saibabu,MALE,31,SC,DHRMSMJP,345,5,350,0.18
82,Achampet,SC,11,Kunda Mallikarjun,MALE,43,SC,YGATLSIP,239,0,239,0.12
82,Achampet,SC,12,N. Praveen Kumar,MALE,30,SC,IND,209,0,209,0.11
82,Achampet,SC,13,N. Sathyam,MALE,38,SC,ABDP,193,1,194,0.1
82,Achampet,SC,14,Kondapally Ramulu,MALE,44,SC,BMUP,103,0,103,0.05
82,Achampet,SC,15,Koyyala Srinivas,MALE,36,SC,PRSHP,77,0,77,0.04
83,Kalwakurthy,GENERAL,1,Kasireddy Narayan Reddy,MALE,59,GENERAL,INC,75058,800,75858,37.41
83,Kalwakurthy,GENERAL,2,Achari Thalloju,MALE,57,GENERAL,BJP,69969,479,70448,34.75
83,Kalwakurthy,GENERAL,3,Gurka Jaipal Yadav,MALE,69,GENERAL,BRS,42638,209,42847,21.13
83,Kalwakurthy,GENERAL,4,Kommu Srinivasulu,MALE,37,GENERAL,BSP,2646,21,2667,1.32
83,Kalwakurthy,GENERAL,5,Adula Srinu,MALE,33,GENERAL,AODRP,1938,3,1941,0.96
83,Kalwakurthy,GENERAL,6,Vaggu Vinay,MALE,26,SC,VTRP,1110,1,1111,0.55
83,Kalwakurthy,GENERAL,7,Syed Ahmed Ali,MALE,40,GENERAL,YGATLSIP,922,0,922,0.45
83,Kalwakurthy,GENERAL,8,Vankeshwaram Ramesh,MALE,34,SC,DHRMSMJP,900,7,907,0.45
83,Kalwakurthy,GENERAL,9,Paladi Kiran Kumar,MALE,29,SC,SUCI,713,1,714,0.35
83,Kalwakurthy,GENERAL,10,M. Pandurangaiah,MALE,36,GENERAL,BARESP,685,0,685,0.34
83,Kalwakurthy,GENERAL,11,Nota,,,,NOTA,660,1,661,0.33
83,Kalwakurthy,GENERAL,12,Mamillapally Padma,FEMALE,33,SC,JMBP,532,0,532,0.26
83,Kalwakurthy,GENERAL,13,A. Kumar,MALE,40,SC,IND,420,0,420,0.21
83,Kalwakurthy,GENERAL,14,M. Hanmadas,MALE,33,SC,IND,405,0,405,0.2
83,Kalwakurthy,GENERAL,15,Bhurya Vadthyavath,MALE,34,ST,GNASURKP,365,0,365,0.18
83,Kalwakurthy,GENERAL,16,Potharapally Shekhar,MALE,33,SC,ASPKR,346,0,346,0.17
83,Kalwakurthy,GENERAL,17,Badepally Raju Goud,MALE,40,GENERAL,BCYP,333,1,334,0.16
83,Kalwakurthy,GENERAL,18,Amar Nath,MALE,30,SC,IPBP,292,1,293,0.14
83,Kalwakurthy,GENERAL,19,T. Anjaneyulu,MALE,29,GENERAL,IND,257,0,257,0.13
83,Kalwakurthy,GENERAL,20,A.chandra Swamy,MALE,40,SC,BMUP,215,0,215,0.11
83,Kalwakurthy,GENERAL,21,Mudavath Ravi,MALE,37,ST,IND,214,0,214,0.11
83,Kalwakurthy,GENERAL,22,T. Subhash,MALE,34,SC,IND,208,1,209,0.1
83,Kalwakurthy,GENERAL,23,Jatavath Ramchander,MALE,39,ST,TECPI,150,1,151,0.07
83,Kalwakurthy,GENERAL,24,N. Thirupathamma,FEMALE,44,GENERAL,BLFP,146,0,146,0.07
83,Kalwakurthy,GENERAL,25,V. Rekhya,MALE,39,ST,IND,104,0,104,0.05
84,Shadnagar,GENERAL,1,K Shankaraiah,MALE,54,GENERAL,INC,76947,870,77817,39.79
84,Shadnagar,GENERAL,2,Anjaiah Yelganamoni,MALE,68,GENERAL,BRS,70385,304,70689,36.15
84,Shadnagar,GENERAL,3,Palamur Vishnuvardhan Reddy,MALE,49,GENERAL,AIFB,31426,225,31651,16.19
84,Shadnagar,GENERAL,4,Ande Babaiah,MALE,64,GENERAL,BJP,8078,86,8164,4.17
84,Shadnagar,GENERAL,5,Pasupula Prasant Kumar,MALE,25,GENERAL,BSP,2613,10,2623,1.34
84,Shadnagar,GENERAL,6,Nota,,,,NOTA,1384,5,1389,0.71
84,Shadnagar,GENERAL,7,Manchala Bikshapathi,MALE,48,SC,DHRMSMJP,900,4,904,0.46
84,Shadnagar,GENERAL,8,Narsiimmhha,MALE,41,GENERAL,IND,658,3,661,0.34
84,Shadnagar,GENERAL,9,Maddela Chandramouli,MALE,51,GENERAL,IND,410,3,413,0.21
84,Shadnagar,GENERAL,10,K Raghavendar,MALE,34,GENERAL,IND,259,2,261,0.13
84,Shadnagar,GENERAL,11,Thuppudu Narsaiah,MALE,48,SC,IND,260,0,260,0.13
84,Shadnagar,GENERAL,12,Anjaiah,MALE,62,SC,IND,245,14,259,0.13
84,Shadnagar,GENERAL,13,Mohammed Khaja Mufeezuddin,MALE,53,GENERAL,JASWP,221,1,222,0.11
84,Shadnagar,GENERAL,14,Md Rahamaddin,MALE,38,GENERAL,AINSMP,134,1,135,0.07
84,Shadnagar,GENERAL,15,Vinay Kumar Sara,MALE,31,GENERAL,VTRP,107,0,107,0.05
85,Kollapur,GENERAL,1,Jupally Krishna Rao,MALE,68,GENERAL,INC,92590,1019,93609,48.7
85,Kollapur,GENERAL,2,Beeram Harshavardhan Reddy,MALE,45,GENERAL,BRS,63304,374,63678,33.13
85,Kollapur,GENERAL,3,Aelleni Sudhakar Rao,MALE,57,GENERAL,BJP,20259,130,20389,10.61
85,Kollapur,GENERAL,4,Karne Shireesha @barrelakka,FEMALE,25,SC,IND,5658,96,5754,2.99
85,Kollapur,GENERAL,5,Gaganam Shekharaiah,MALE,47,SC,BSP,2597,26,2623,1.36
85,Kollapur,GENERAL,6,Nota,,,,NOTA,1035,2,1037,0.54
85,Kollapur,GENERAL,7,Gounti Vikram Yadav,MALE,37,GENERAL,sps,888,1,889,0.46
85,Kollapur,GENERAL,8,Nenavath Shivudu,MALE,31,ST,NRCP,883,0,883,0.46
85,Kollapur,GENERAL,9,Soppari Venkataswamy,MALE,45,GENERAL,IND,808,0,808,0.42
85,Kollapur,GENERAL,10,Aadi Sandhya Rani,FEMALE,39,SC,DHRMSMJP,752,14,766,0.4
85,Kollapur,GENERAL,11,Neelam Krishna Swaero,MALE,35,SC,IND,656,1,657,0.34
85,Kollapur,GENERAL,12,A Harshavardhan Rao,MALE,36,GENERAL,IND,491,0,491,0.26
85,Kollapur,GENERAL,13,Dagadala Vishnu Vardhan Goud @ Kondraopally Vishnu Goud,MALE,39,GENERAL,IND,311,3,314,0.16
85,Kollapur,GENERAL,14,Keesari Harsha Vardhan Reddy,MALE,27,GENERAL,IND,166,0,166,0.09
85,Kollapur,GENERAL,15,Thalari Balavardhan,MALE,28,SC,IND,164,0,164,0.09
86,Devarakonda,ST,1,Balu Naik Nenavath,MALE,51,ST,INC,110456,888,111344,52.06
86,Devarakonda,ST,2,Ravindra Kumar Ramavath,MALE,50,ST,BRS,81035,288,81323,38.02
86,Devarakonda,ST,3,Kethavath Lalu,MALE,59,ST,BJP,9750,65,9815,4.59
86,Devarakonda,ST,4,Dr. Mudavath Venkatesh,MALE,34,ST,BSP,3995,22,4017,1.88
86,Devarakonda,ST,5,Nota,,,,NOTA,1607,6,1613,0.75
86,Devarakonda,ST,6,Ramavath Gopal Krishna,MALE,36,ST,IND,1353,1,1354,0.63
86,Devarakonda,ST,7,Sreenu Vadthya,MALE,39,ST,IND,1058,3,1061,0.5
86,Devarakonda,ST,8,Mudavath Seethram,MALE,30,ST,IND,852,4,856,0.4
86,Devarakonda,ST,9,Korra Lakpathi,MALE,33,ST,SP(I),690,2,692,0.32
86,Devarakonda,ST,10,Kethavath Babu Ram,MALE,32,ST,VTRP,627,0,627,0.29
86,Devarakonda,ST,11,Kelavath Vashya,MALE,27,ST,IND,352,0,352,0.16
86,Devarakonda,ST,12,Kishan. E,MALE,36,ST,IND,299,0,299,0.14
86,Devarakonda,ST,13,Ramesh Babu Kethavath,MALE,27,ST,TRP,282,2,284,0.13
86,Devarakonda,ST,14,Ravi Naik Gugulothu,MALE,40,ST,DHRMSMJP,244,0,244,0.11
87,Nagarjuna Sagar,GENERAL,1,Kunduru Jayaveer,MALE,41,GENERAL,INC,118566,1265,119831,59.3
87,Nagarjuna Sagar,GENERAL,2,Nomula Bhagath Kumar,MALE,39,GENERAL,BRS,63521,461,63982,31.66
87,Nagarjuna Sagar,GENERAL,3,Kankanala Nivedita,FEMALE,47,GENERAL,BJP,6425,66,6491,3.21
87,Nagarjuna Sagar,GENERAL,4,Chittipolu Surender,MALE,44,GENERAL,IND,2330,1,2331,1.15
87,Nagarjuna Sagar,GENERAL,5,Panugotu Lalsingh,MALE,33,ST,IND,2062,3,2065,1.02
87,Nagarjuna Sagar,GENERAL,6,Mamidi Saidaiah,MALE,33,SC,DHRMSMJP,1454,16,1470,0.73
87,Nagarjuna Sagar,GENERAL,7,Lokanaboyina Ramana Mudiraj,MALE,51,GENERAL,BSP,1304,13,1317,0.65
87,Nagarjuna Sagar,GENERAL,8,Vanam Vijay Kumar,MALE,41,GENERAL,IND,1149,0,1149,0.57
87,Nagarjuna Sagar,GENERAL,9,Anitha Masuna,FEMALE,43,GENERAL,AODRP,1119,5,1124,0.56
87,Nagarjuna Sagar,GENERAL,10,Nota,,,,NOTA,1045,11,1056,0.52
87,Nagarjuna Sagar,GENERAL,11,Kasaiah Pothuganti,MALE,28,SC,MCPI,312,0,312,0.15
87,Nagarjuna Sagar,GENERAL,12,Giribabu Kukkala,MALE,31,SC,IND,255,4,259,0.13
87,Nagarjuna Sagar,GENERAL,13,Gavalapalli Subrahmanyam,MALE,39,GENERAL,IND,230,6,236,0.12
87,Nagarjuna Sagar,GENERAL,14,Annapurna Nakirekanti,FEMALE,32,SC,YGATLSIP,233,2,235,0.12
87,Nagarjuna Sagar,GENERAL,15,Jakkula Narsimha,MALE,64,GENERAL,CPIM,131,0,131,0.06
87,Nagarjuna Sagar,GENERAL,16,B. Rukmini Naik,FEMALE,51,ST,JMBP,99,0,99,0.05
88,Miryalaguda,GENERAL,1,Bathula Laxma Reddy,MALE,54,GENERAL,INC,112522,1940,114462,59.08
88,Miryalaguda,GENERAL,2,Nallamothu Bhaskar Rao,MALE,70,GENERAL,BRS,65239,441,65680,33.9
88,Miryalaguda,GENERAL,3,Julakanti Ranga Reddy,MALE,68,GENERAL,CPI(M),3197,37,3234,1.67
88,Miryalaguda,GENERAL,4,Sadineni Srinivasa Rao,MALE,52,GENERAL,BJP,2979,63,3042,1.57
88,Miryalaguda,GENERAL,5,Syed Farooq,MALE,42,GENERAL,IND,1155,0,1155,0.6
88,Miryalaguda,GENERAL,6,Janardanreddy Gundreddy,MALE,43,GENERAL,IND,1036,2,1038,0.54
88,Miryalaguda,GENERAL,7,Bantu Ravi,MALE,35,GENERAL,PPOI,573,1,574,0.3
88,Miryalaguda,GENERAL,8,Mattapally Ankulamma,FEMALE,65,GENERAL,IND,553,0,553,0.29
88,Miryalaguda,GENERAL,9,Nota,,,,NOTA,521,6,527,0.27
88,Miryalaguda,GENERAL,10,P. Yallaiah,MALE,56,SC,IND,492,0,492,0.25
88,Miryalaguda,GENERAL,11,Bolusani Krishnaiah,MALE,60,GENERAL,IND,479,0,479,0.25
88,Miryalaguda,GENERAL,12,Thari Yallaiah,MALE,37,SC,DHRMSMJP,373,6,379,0.2
88,Miryalaguda,GENERAL,13,Baaareddy Lakshma Reddy,MALE,38,GENERAL,IND,332,0,332,0.17
88,Miryalaguda,GENERAL,14,Gopi Vasukula,MALE,32,SC,MCPI,315,2,317,0.16
88,Miryalaguda,GENERAL,15,Kola Saidulu,MALE,34,GENERAL,PRJVNIP,305,0,305,0.16
88,Miryalaguda,GENERAL,16,Maheswaram Chiranjeevi,MALE,32,GENERAL,IND,199,0,199,0.1
88,Miryalaguda,GENERAL,17,Saida Lavuri,MALE,28,ST,IND,195,0,195,0.1
88,Miryalaguda,GENERAL,18,Kukudala Manoj Kumar,MALE,28,GENERAL,VTRP,163,1,164,0.08
88,Miryalaguda,GENERAL,19,Boddu Venkanna Yadav,MALE,31,GENERAL,BCYP,146,2,148,0.08
88,Miryalaguda,GENERAL,20,Janaiah Nandipati,MALE,47,SC,TSP,104,3,107,0.06
88,Miryalaguda,GENERAL,21,Ashok Reddy,MALE,31,GENERAL,JSKHP,102,0,102,0.05
88,Miryalaguda,GENERAL,22,Pedda Anjaiah Vajjagiri,MALE,62,ST,BMUP,100,1,101,0.05
88,Miryalaguda,GENERAL,23,Mallidi Venkata Rama Reddy,MALE,57,GENERAL,IND,83,1,84,0.04
88,Miryalaguda,GENERAL,24,Devulapally Karthik Raju,MALE,33,GENERAL,NRCP,72,0,72,0.04
89,Huzurnagar,GENERAL,1,Uttam Kumar Reddy Nalamada,MALE,59,GENERAL,INC,115320,1387,116707,54.21
89,Huzurnagar,GENERAL,2,Saidi Reddy Shanampudi,MALE,49,GENERAL,BRS,71361,458,71819,33.36
89,Huzurnagar,GENERAL,3,Pillutla. Raghu,MALE,41,GENERAL,AIFB,8183,97,8280,3.85
89,Huzurnagar,GENERAL,4,Challa Srilatha,FEMALE,50,GENERAL,BJP,3660,55,3715,1.73
89,Huzurnagar,GENERAL,5,Saidireddy. Timmareddi,MALE,51,GENERAL,AODRP,2327,6,2333,1.08
89,Huzurnagar,GENERAL,6,Mallu. Laxmi,FEMALE,49,GENERAL,CPI(M),1893,21,1914,0.89
89,Huzurnagar,GENERAL,7,Rambabu Chilaka.,MALE,32,SC,IND,1777,0,1777,0.83
89,Huzurnagar,GENERAL,8,Rapolu. Naveen Kumar,MALE,37,SC,BSP,1459,22,1481,0.69
89,Huzurnagar,GENERAL,9,Bandaru Nagaraju,MALE,30,SC,IND,1269,0,1269,0.59
89,Huzurnagar,GENERAL,10,Pothuraju. Vijay.,MALE,37,SC,IND,1060,0,1060,0.49
89,Huzurnagar,GENERAL,11,Anjanapalli. Ravi,MALE,37,SC,IND,849,0,849,0.39
89,Huzurnagar,GENERAL,12,Nota,,,,NOTA,834,9,843,0.39
89,Huzurnagar,GENERAL,13,Janaiah Nandipati,MALE,47,SC,TSP,491,0,491,0.23
89,Huzurnagar,GENERAL,14,Ravi Nayak. B,MALE,36,ST,IND,408,2,410,0.19
89,Huzurnagar,GENERAL,15,Dr. Deshagani. Sambashiva Goud,MALE,45,GENERAL,IND,403,1,404,0.19
89,Huzurnagar,GENERAL,16,Karnati. Venkateswara. Reddy,MALE,63,GENERAL,IND,381,0,381,0.18
89,Huzurnagar,GENERAL,17,Avirendla Jyothi,FEMALE,31,SC,DHRMSMJP,370,0,370,0.17
89,Huzurnagar,GENERAL,18,Dr. Medi. Ramana,MALE,43,SC,IND,266,0,266,0.12
89,Huzurnagar,GENERAL,19,Pinnani Sampath Kumar,MALE,32,GENERAL,IND,164,0,164,0.08
89,Huzurnagar,GENERAL,20,Macha Sandeep,MALE,30,SC,IND,146,0,146,0.07
89,Huzurnagar,GENERAL,21,Bade Narsaiah,MALE,60,GENERAL,IND,141,1,142,0.07
89,Huzurnagar,GENERAL,22,Banothu. Nageswar Rao,MALE,32,ST,IND,134,0,134,0.06
89,Huzurnagar,GENERAL,23,Vaskula Saidamma,FEMALE,47,SC,MCPI,124,0,124,0.06
89,Huzurnagar,GENERAL,24,Cheekuri Leelavathi,FEMALE,39,GENERAL,IND,118,0,118,0.05
89,Huzurnagar,GENERAL,25,Pillalamarri Lavanya,FEMALE,31,GENERAL,PPOI,99,2,101,0.05
90,Kodad,GENERAL,1,Nalamada Padmavathi Reddy,FEMALE,55,GENERAL,INC,124110,1673,125783,60.19
90,Kodad,GENERAL,2,Bollam. Mallaiah Yadav,MALE,60,GENERAL,BRS,67104,507,67611,32.35
90,Kodad,GENERAL,3,Pillutla Srinivas,MALE,45,GENERAL,BSP,3313,56,3369,1.61
90,Kodad,GENERAL,4,Mekala Satheesh Reddy,MALE,41,GENERAL,JnP,2120,31,2151,1.03
90,Kodad,GENERAL,5,Mattapalli Saidulu,MALE,38,GENERAL,CPI(M),1187,8,1195,0.57
90,Kodad,GENERAL,6,Shekuri Mallaiah,MALE,48,SC,AODRP,1044,0,1044,0.5
90,Kodad,GENERAL,7,Kollu Lakshminarayana Rao,MALE,49,GENERAL,IND,1009,0,1009,0.48
90,Kodad,GENERAL,8,Inugurti Venkata Ramana,MALE,54,GENERAL,IND,917,1,918,0.44
90,Kodad,GENERAL,9,Nota,,,,NOTA,868,19,887,0.42
90,Kodad,GENERAL,10,Gunaganti Saidulu,MALE,36,GENERAL,IND,596,1,597,0.29
90,Kodad,GENERAL,11,Sarasani Sudhakar Reddy,MALE,33,GENERAL,IND,426,1,427,0.2
90,Kodad,GENERAL,12,Sampangi Akhil,MALE,29,SC,SJPI,374,0,374,0.18
90,Kodad,GENERAL,13,Gundu.upendar,MALE,45,GENERAL,IND,361,0,361,0.17
90,Kodad,GENERAL,14,Shek Mastan Saheb,MALE,48,GENERAL,IND,349,0,349,0.17
90,Kodad,GENERAL,15,Malleboina Anjaneyulu,MALE,38,GENERAL,AIFB,333,7,340,0.16
90,Kodad,GENERAL,16,Gangireddy.kotireddy,MALE,37,GENERAL,IND,318,0,318,0.15
90,Kodad,GENERAL,17,Shaik Abdul Malik,MALE,36,GENERAL,BCYP,265,3,268,0.13
90,Kodad,GENERAL,18,Kommu. Ramesh,MALE,37,SC,IND,256,1,257,0.12
90,Kodad,GENERAL,19,Murali Kandula,MALE,45,SC,IND,219,0,219,0.1
90,Kodad,GENERAL,20,Epuri Somaiah,MALE,54,SC,MCPI,215,0,215,0.1
90,Kodad,GENERAL,21,Meriga Saidhababu,MALE,28,SC,DHRMSMJP,170,3,173,0.08
90,Kodad,GENERAL,22,Venkateshwarlu.lingidi,MALE,66,GENERAL,PRJVNIP,170,1,171,0.08
90,Kodad,GENERAL,23,Thandu Upendar,MALE,46,GENERAL,IND,169,0,169,0.08
90,Kodad,GENERAL,24,Rairala Suman,MALE,32,SC,IND,115,0,115,0.06
90,Kodad,GENERAL,25,Sunkara.linga Reddy,MALE,54,GENERAL,IND,109,0,109,0.05
90,Kodad,GENERAL,26,Islavath Ravinayak,MALE,35,ST,BLIP,90,0,90,0.04
90,Kodad,GENERAL,27,Cherukupalli Premkumar,MALE,48,SC,IND,87,0,87,0.04
90,Kodad,GENERAL,28,Chakrala Lingaiah,MALE,38,GENERAL,IND,77,0,77,0.04
90,Kodad,GENERAL,29,Bellamkonda Naveen,MALE,29,GENERAL,IND,67,2,69,0.03
90,Kodad,GENERAL,30,Munukuntla Bhavani,FEMALE,52,GENERAL,IND,63,0,63,0.03
90,Kodad,GENERAL,31,Pachipala Ramakrishna Yadav,MALE,37,GENERAL,IND,45,1,46,0.02
90,Kodad,GENERAL,32,Maridu Ramakrishan,MALE,42,GENERAL,IND,41,0,41,0.02
90,Kodad,GENERAL,33,Manda Gowthami,FEMALE,31,GENERAL,IND,35,1,36,0.02
90,Kodad,GENERAL,34,Bade Srividya,FEMALE,36,GENERAL,IND,31,0,31,0.01
90,Kodad,GENERAL,35,Pittala Saidulu,MALE,42,GENERAL,IND,23,0,23,0.01
91,Suryapet,GENERAL,1,Guntakandla Jagadish Reddy,MALE,58,GENERAL,BRS,74433,710,75143,36.36
91,Suryapet,GENERAL,2,Damodar Reddy Ramreddy,MALE,71,GENERAL,INC,68685,1852,70537,34.13
91,Suryapet,GENERAL,3,Sankineni Venkateshwar Rao,MALE,61,GENERAL,BJP,40072,335,40407,19.55
91,Suryapet,GENERAL,4,Janaiah.vatti,MALE,45,GENERAL,BSP,13734,173,13907,6.73
91,Suryapet,GENERAL,5,Marri Nehemiah,MALE,68,GENERAL,IND,1071,1,1072,0.52
91,Suryapet,GENERAL,6,Maram.venkat Reddy,MALE,52,GENERAL,IND,961,0,961,0.46
91,Suryapet,GENERAL,7,Nota,,,,NOTA,760,14,774,0.37
91,Suryapet,GENERAL,8,Murali Kandula,MALE,45,SC,IND,677,2,679,0.33
91,Suryapet,GENERAL,9,Dharavath Venkatesh,MALE,34,ST,IND,542,0,542,0.26
91,Suryapet,GENERAL,10,Mattapalli.lingaiah,MALE,50,GENERAL,IND,432,0,432,0.21
91,Suryapet,GENERAL,11,Cheruku Kiran Kumar,MALE,33,SC,DHRMSMJP,399,5,404,0.2
91,Suryapet,GENERAL,12,Chamakuri.narsaiah,MALE,42,GENERAL,IND,391,0,391,0.19
91,Suryapet,GENERAL,13,Muppani Linga Reddy,MALE,55,GENERAL,IND,260,2,262,0.13
91,Suryapet,GENERAL,14,Lingidi.venkateshwarlu,MALE,66,GENERAL,PRJVNIP,231,4,235,0.11
91,Suryapet,GENERAL,15,Sheeloju Rajashekar,MALE,29,GENERAL,YGATLSIP,219,2,221,0.11
91,Suryapet,GENERAL,16,Kothapalli Renuka,FEMALE,44,GENERAL,IND,183,2,185,0.09
91,Suryapet,GENERAL,17,Eshwar Yathakula,MALE,41,SC,IND,177,1,178,0.09
91,Suryapet,GENERAL,18,Varikuppala Venkanna,MALE,45,GENERAL,MCPI,119,1,120,0.06
91,Suryapet,GENERAL,19,Kiran Vangapalli,MALE,38,SC,rpsn,74,1,75,0.04
91,Suryapet,GENERAL,20,Tarala Anjaneyulu,MALE,37,GENERAL,JSKHP,73,0,73,0.04
91,Suryapet,GENERAL,21,Palleti Ramesh,MALE,39,SC,BMUP,71,0,71,0.03
92,Nalgonda,GENERAL,1,Komati Reddy Venkat Reddy,MALE,60,GENERAL,INC,104173,3232,107405,52.64
92,Nalgonda,GENERAL,2,Kancharla. Bhupal Reddy,MALE,50,GENERAL,BRS,52401,672,53073,26.01
92,Nalgonda,GENERAL,3,Pilli Rama Raju Yadav,MALE,40,GENERAL,AIFB,26838,258,27096,13.28
92,Nalgonda,GENERAL,4,Madagoni Srinivas Goud,MALE,52,GENERAL,BJP,7553,275,7828,3.84
92,Nalgonda,GENERAL,5,Mudireddy Sudhakar Reddy,MALE,62,GENERAL,CPI(M),1403,36,1439,0.71
92,Nalgonda,GENERAL,6,Gandikota Venkat Laxman,MALE,51,GENERAL,IND,977,0,977,0.48
92,Nalgonda,GENERAL,7,Nota,,,,NOTA,873,28,901,0.44
92,Nalgonda,GENERAL,8,P Shankaraiah,MALE,35,SC,DHRMSMJP,844,33,877,0.43
92,Nalgonda,GENERAL,9,Goli Saidulu,MALE,40,SC,IND,725,0,725,0.36
92,Nalgonda,GENERAL,10,Gudapuri Sanjeeva,MALE,28,SC,IND,404,0,404,0.2
92,Nalgonda,GENERAL,11,Guntoju Venkata Chary,MALE,58,GENERAL,IND,383,1,384,0.19
92,Nalgonda,GENERAL,12,Kancharla Anand Reddy,MALE,34,GENERAL,AODRP,369,4,373,0.18
92,Nalgonda,GENERAL,13,Cholleti Prabhakar,MALE,67,GENERAL,IND,245,0,245,0.12
92,Nalgonda,GENERAL,14,Maram. Venkat Reddy,MALE,52,GENERAL,IND,220,0,220,0.11
92,Nalgonda,GENERAL,15,Kandimalla Bhaskar,MALE,57,GENERAL,IND,209,0,209,0.1
92,Nalgonda,GENERAL,16,Syed. Afroz,MALE,34,GENERAL,IND,175,0,175,0.09
92,Nalgonda,GENERAL,17,Pagadala Bixapathi,MALE,29,GENERAL,BCYP,170,0,170,0.08
92,Nalgonda,GENERAL,18,Merugu Venkateshwarlu,MALE,38,GENERAL,YGATLSIP,162,3,165,0.08
92,Nalgonda,GENERAL,19,Somavarapu Satyanarayana,MALE,59,GENERAL,IND,155,1,156,0.08
92,Nalgonda,GENERAL,20,Mohammed Majeed,MALE,39,GENERAL,IND,141,0,141,0.07
92,Nalgonda,GENERAL,21,Chintakrindi Swamy Kumar,MALE,26,GENERAL,IND,136,0,136,0.07
92,Nalgonda,GENERAL,22,Walkee. Kranthi Kumar,MALE,34,SC,IND,128,0,128,0.06
92,Nalgonda,GENERAL,23,Pottabathula. Saidulu,MALE,33,GENERAL,IND,123,1,124,0.06
92,Nalgonda,GENERAL,24,Surarapu. Paramesha,MALE,41,SC,IND,115,1,116,0.06
92,Nalgonda,GENERAL,25,Koti Nuni,MALE,42,GENERAL,IND,102,1,103,0.05
92,Nalgonda,GENERAL,26,Gopal Swamy Deshagani,MALE,45,GENERAL,JAC,101,0,101,0.05
92,Nalgonda,GENERAL,27,Chedubuddi Ramesh,MALE,35,SC,PEP,92,2,94,0.05
92,Nalgonda,GENERAL,28,T. Santosha,FEMALE,35,GENERAL,NRCP,78,0,78,0.04
92,Nalgonda,GENERAL,29,Polishetty Venkateshwarlu,MALE,58,GENERAL,IND,59,0,59,0.03
92,Nalgonda,GENERAL,30,Mohammed Naseer,MALE,28,GENERAL,IND,49,0,49,0.02
92,Nalgonda,GENERAL,31,Thanniru Yadaiah,MALE,67,GENERAL,IND,43,0,43,0.02
92,Nalgonda,GENERAL,32,Janigala Ramulu Yadav,MALE,49,GENERAL,IND,33,0,33,0.02
93,Munugode,GENERAL,1,Komatireddy Raj Gopal Reddy,MALE,56,GENERAL,INC,118781,843,119624,51.21
93,Munugode,GENERAL,2,Koosukuntla Prabhakar Reddy,MALE,63,GENERAL,BRS,78643,391,79034,33.83
93,Munugode,GENERAL,3,Chelamalla Krishna Reddy,MALE,55,GENERAL,BJP,22158,161,22319,9.55
93,Munugode,GENERAL,4,Donuri Narsi Reddy,MALE,61,GENERAL,CPI(M),2329,22,2351,1.01
93,Munugode,GENERAL,5,Erpula Galaiah,MALE,47,SC,DHRMSMJP,1697,11,1708,0.73
93,Munugode,GENERAL,6,Achana. Srinivasulu,MALE,44,GENERAL,BCYP,1084,1,1085,0.46
93,Munugode,GENERAL,7,Arruri Venkateshwarlu,MALE,43,GENERAL,IND,915,0,915,0.39
93,Munugode,GENERAL,8,Nota,,,,NOTA,844,5,849,0.36
93,Munugode,GENERAL,9,Bollepally Naresh,MALE,32,GENERAL,NRCP,703,1,704,0.3
93,Munugode,GENERAL,10,Megavath Chandu,MALE,26,ST,IND,392,0,392,0.17
93,Munugode,GENERAL,11,Katta Prabhakar Reddy,MALE,54,GENERAL,AODRP,364,4,368,0.16
93,Munugode,GENERAL,12,Madhagony Venkateshwarlu Goud,MALE,40,GENERAL,IND,345,0,345,0.15
93,Munugode,GENERAL,13,Bvr,MALE,36,SC,IND,344,1,345,0.15
93,Munugode,GENERAL,14,Angothu Sikindar Naik,MALE,32,ST,IND,344,0,344,0.15
93,Munugode,GENERAL,15,Kumar Moddu,MALE,35,SC,IND,310,1,311,0.13
93,Munugode,GENERAL,16,Noone Suresh,MALE,29,SC,VTRP,271,0,271,0.12
93,Munugode,GENERAL,17,Avvaru Venu Kumar,MALE,40,GENERAL,BLFP,219,3,222,0.1
93,Munugode,GENERAL,18,Palleti Vinod Kumar,MALE,29,SC,IND,220,0,220,0.09
93,Munugode,GENERAL,19,Udhari Mallesh,MALE,37,SC,IND,217,0,217,0.09
93,Munugode,GENERAL,20,Anthati Hari Prasad Goud,MALE,62,GENERAL,IND,200,0,200,0.09
93,Munugode,GENERAL,21,Galenka Vijay Kumar,MALE,47,SC,IND,187,0,187,0.08
93,Munugode,GENERAL,22,Kambampati Satyanarayana Prajapathi,MALE,35,GENERAL,NNKP,161,3,164,0.07
93,Munugode,GENERAL,23,Bushipaka Venkataiah,MALE,41,SC,IND,151,0,151,0.06
93,Munugode,GENERAL,24,Kolisetty Shiva Kumar,MALE,45,GENERAL,YGATLSIP,149,1,150,0.06
93,Munugode,GENERAL,25,Narasimha Giri,MALE,36,SC,BARESP,128,0,128,0.05
93,Munugode,GENERAL,26,K.v. Goud,MALE,44,GENERAL,SJPI,127,0,127,0.05
93,Munugode,GENERAL,27,Jinkala Krishna Mudiraj,MALE,47,GENERAL,TLGNARJYS,115,2,117,0.05
93,Munugode,GENERAL,28,Karamtoth Chandar,MALE,29,ST,IND,116,0,116,0.05
93,Munugode,GENERAL,29,Kinnera Yadaiah,MALE,38,SC,IND,91,0,91,0.04
93,Munugode,GENERAL,30,Yerra Paramesh,MALE,46,SC,IND,89,0,89,0.04
93,Munugode,GENERAL,31,Cheruku Shiva Kumar,MALE,30,GENERAL,IND,63,0,63,0.03
93,Munugode,GENERAL,32,Ale Venkatesham,MALE,49,GENERAL,BHRTSWDCNG,62,0,62,0.03
93,Munugode,GENERAL,33,Vangala. Venkat Reddy,MALE,44,GENERAL,IND,57,0,57,0.02
93,Munugode,GENERAL,34,Depavath Parshuram Nayak,MALE,37,ST,IND,51,0,51,0.02
93,Munugode,GENERAL,35,Narendra Vemula,MALE,39,SC,IND,49,0,49,0.02
93,Munugode,GENERAL,36,Kotha Venkataiah,MALE,49,GENERAL,IND,47,0,47,0.02
93,Munugode,GENERAL,37,Narri Swamy,MALE,25,GENERAL,IND,47,0,47,0.02
93,Munugode,GENERAL,38,Seenaiah Anthati,MALE,51,GENERAL,IND,40,0,40,0.02
93,Munugode,GENERAL,39,Kore Yadaiah,MALE,49,SC,IND,31,0,31,0.01
93,Munugode,GENERAL,40,Satyanarayana. Rapolu,MALE,41,GENERAL,IND,17,0,17,0.01
94,Bhongir,GENERAL,1,Kumbam Anil Kumar Reddy,MALE,62,GENERAL,INC,102072,670,102742,52.4
94,Bhongir,GENERAL,2,Pailla Shekar Reddy,MALE,56,GENERAL,BRS,76311,230,76541,39.04
94,Bhongir,GENERAL,3,Gudur Narayana Reddy,MALE,61,GENERAL,BJP,9124,76,9200,4.69
94,Bhongir,GENERAL,4,Kondamadugu Narsimha,MALE,47,SC,CPI(M),1310,5,1315,0.67
94,Bhongir,GENERAL,5,Nota,,,,NOTA,879,3,882,0.45
94,Bhongir,GENERAL,6,Gundala Lakshmi Narayana Goud,MALE,66,GENERAL,IND,853,0,853,0.44
94,Bhongir,GENERAL,7,Sanjeevulu Gundu,MALE,37,GENERAL,IND,742,2,744,0.38
94,Bhongir,GENERAL,8,Mukesh Renukuntla,MALE,31,GENERAL,PEP,553,7,560,0.29
94,Bhongir,GENERAL,9,Nalla. Narendar,MALE,31,SC,DHRMSMJP,541,4,545,0.28
94,Bhongir,GENERAL,10,Neal Narsimha,MALE,41,GENERAL,AODRP,512,3,515,0.26
94,Bhongir,GENERAL,11,Beeram Sathish Kumar,MALE,28,SC,DABAP,383,2,385,0.2
94,Bhongir,GENERAL,12,Sandeep Reddy Ravi,MALE,38,GENERAL,IND,371,1,372,0.19
94,Bhongir,GENERAL,13,Gadipally Parameshwar,MALE,64,GENERAL,AIFB,355,1,356,0.18
94,Bhongir,GENERAL,14,Thota Srinivas,MALE,39,GENERAL,YGATLSIP,279,2,281,0.14
94,Bhongir,GENERAL,15,Pusa Srinivas,MALE,51,GENERAL,TRPS,253,5,258,0.13
94,Bhongir,GENERAL,16,Gorla Anjaneyulu,MALE,43,GENERAL,IND,139,2,141,0.07
94,Bhongir,GENERAL,17,Avushetti Pandu,MALE,39,GENERAL,IND,133,0,133,0.07
94,Bhongir,GENERAL,18,Athahar Mohammad,MALE,41,GENERAL,IND,114,0,114,0.06
94,Bhongir,GENERAL,19,Patti Naresh,MALE,30,SC,AINHCP,73,1,74,0.04
94,Bhongir,GENERAL,20,Pallerla Mysaiah,MALE,49,SC,BHRTSWDCNG,63,3,66,0.03
95,Nakrekal,SC,1,Vemula Veeresham,MALE,46,SC,INC,132185,1355,133540,60.97
95,Nakrekal,SC,2,Chirumarthy Lingaiah,MALE,50,SC,BRS,64336,365,64701,29.54
95,Nakrekal,SC,3,Nakirekanti Mogulaiah,MALE,49,SC,BJP,5587,81,5668,2.59
95,Nakrekal,SC,4,Chinnavenkulu Bojja,MALE,54,SC,CPI(M),3215,23,3238,1.48
95,Nakrekal,SC,5,Medi Priyadarshini,FEMALE,38,SC,BSP,2562,41,2603,1.19
95,Nakrekal,SC,6,Nota,,,,NOTA,961,8,969,0.44
95,Nakrekal,SC,7,Kadire Kiran Kumar,MALE,36,SC,PRSHP,778,2,780,0.36
95,Nakrekal,SC,8,Kandukuri Naresh,MALE,31,SC,IND,713,1,714,0.33
95,Nakrekal,SC,9,Panikera Lokesh,MALE,27,SC,IND,698,1,699,0.32
95,Nakrekal,SC,10,Kommu Shobharani,FEMALE,37,SC,IND,672,0,672,0.31
95,Nakrekal,SC,11,Chinthamalla Rambabu,MALE,42,SC,IND,659,0,659,0.3
95,Nakrekal,SC,12,Gantepaka Swamy,MALE,49,SC,IND,629,0,629,0.29
95,Nakrekal,SC,13,Pedamaya Madhu,MALE,36,SC,IND,579,1,580,0.26
95,Nakrekal,SC,14,Venkanna Yathakula,MALE,37,SC,DHRMSMJP,549,6,555,0.25
95,Nakrekal,SC,15,Boda Ashwini Kumar,MALE,44,SC,IND,553,0,553,0.25
95,Nakrekal,SC,16,Venu Vura,MALE,26,SC,JSKHP,454,0,454,0.21
95,Nakrekal,SC,17,Singapaka Suresh,MALE,27,SC,IND,353,0,353,0.16
95,Nakrekal,SC,18,Puram Santhosh Kumar,MALE,41,SC,MTRSP,341,0,341,0.16
95,Nakrekal,SC,19,Vijay Kumar Pandiri,MALE,27,SC,YGATLSIP,333,1,334,0.15
95,Nakrekal,SC,20,Noone Venkat Swamy,MALE,54,SC,BLFP,250,1,251,0.11
95,Nakrekal,SC,21,Medi Naresh,MALE,31,SC,SJPI,215,0,215,0.1
95,Nakrekal,SC,22,Katta Srinivas,MALE,50,SC,IND,206,0,206,0.09
95,Nakrekal,SC,23,Bandari Raju,MALE,37,SC,IND,199,0,199,0.09
95,Nakrekal,SC,24,Medi Shantosh Kumar,MALE,33,SC,TRP,120,0,120,0.05
96,Thungathurthi,SC,1,Mandula Samel,MALE,62,SC,INC,128311,1224,129535,57.53
96,Thungathurthi,SC,2,Gadari Kishore Kumar,MALE,42,SC,BRS,78058,383,78441,34.84
96,Thungathurthi,SC,3,Kadiyam Ramachandraiah,MALE,62,SC,BJP,4377,35,4412,1.96
96,Thungathurthi,SC,4,Kongari Mallaiah,MALE,51,SC,IND,2219,2,2221,0.99
96,Thungathurthi,SC,5,Sirupangi Aravind Kumar,MALE,30,SC,IND,2190,7,2197,0.98
96,Thungathurthi,SC,6,Eadula Veerapapaiah,MALE,44,SC,MCPI,1620,1,1621,0.72
96,Thungathurthi,SC,7,Boddu Kiran,MALE,32,SC,BSP,1389,10,1399,0.62
96,Thungathurthi,SC,8,Nota,,,,NOTA,1351,4,1355,0.6
96,Thungathurthi,SC,9,Bagari Ananthaiah,MALE,59,SC,YGATLSIP,1347,3,1350,0.6
96,Thungathurthi,SC,10,Ashamalla Ravi Prasad,MALE,33,SC,IND,763,0,763,0.34
96,Thungathurthi,SC,11,K. Indira,FEMALE,47,SC,TECPI,511,1,512,0.23
96,Thungathurthi,SC,12,Yathakula Shekar,MALE,40,SC,IND,433,1,434,0.19
96,Thungathurthi,SC,13,Dasari Balaswami,MALE,32,SC,DHRMSMJP,401,2,403,0.18
96,Thungathurthi,SC,14,Devarakonda Janaiah,MALE,33,SC,RPPRINAT,310,0,310,0.14
96,Thungathurthi,SC,15,Siripangi Narsimha,MALE,33,SC,BARESP,216,1,217,0.1
97,Alair,GENERAL,1,Ilaiah Beerla,MALE,48,GENERAL,INC,121401,739,122140,57.41
97,Alair,GENERAL,2,Gongidi Sunitha,FEMALE,54,GENERAL,BRS,72313,191,72504,34.08
97,Alair,GENERAL,3,Padala Srinivas,MALE,51,GENERAL,BJP,9603,56,9659,4.54
97,Alair,GENERAL,4,Dheeravath Gopi Naik,MALE,54,ST,IND,1588,3,1591,0.75
97,Alair,GENERAL,5,Paladugu Upendra,FEMALE,28,SC,IND,1205,1,1206,0.57
97,Alair,GENERAL,6,Bhukya Ganesh,MALE,31,ST,IND,955,1,956,0.45
97,Alair,GENERAL,7,Jaligam Srikanth,MALE,29,SC,IND,921,0,921,0.43
97,Alair,GENERAL,8,Gaddamedi Sravani,FEMALE,41,GENERAL,AODRP,746,6,752,0.35
97,Alair,GENERAL,9,Nota,,,,NOTA,657,2,659,0.31
97,Alair,GENERAL,10,Gunna Sridevi,FEMALE,48,GENERAL,IND,643,1,644,0.3
97,Alair,GENERAL,11,Penta Ramesh,MALE,52,GENERAL,BMUP,262,1,263,0.12
97,Alair,GENERAL,12,Kandadi Manipal Reddy,MALE,38,GENERAL,TRP,231,0,231,0.11
97,Alair,GENERAL,13,Vyla Srinivas Reddy,MALE,59,GENERAL,IND,212,1,213,0.1
97,Alair,GENERAL,14,Gujjula Ramchandra Reddy,MALE,42,GENERAL,IND,187,1,188,0.09
97,Alair,GENERAL,15,Shikha Srinivas,MALE,42,GENERAL,YGATLSIP,147,6,153,0.07
97,Alair,GENERAL,16,Kolipaka Balaraju,MALE,30,SC,IND,119,0,119,0.06
97,Alair,GENERAL,17,Raasala Vinod Kumar,MALE,30,GENERAL,DHRMSMJP,117,0,117,0.05
97,Alair,GENERAL,18,M. Krishna,MALE,54,GENERAL,IND,108,1,109,0.05
97,Alair,GENERAL,19,Polepalli Prahalada,MALE,55,SC,TRPS,102,0,102,0.05
97,Alair,GENERAL,20,Nuchu Shivakumar,MALE,26,GENERAL,INDPJC,78,5,83,0.04
97,Alair,GENERAL,21,Bugga Sreekanth,MALE,30,SC,VTRP,77,1,78,0.04
97,Alair,GENERAL,22,Sunchu Devaiah,MALE,62,SC,IND,73,0,73,0.03
98,Jangoan,GENERAL,1,Palla Rajeshwar Reddy,MALE,60,GENERAL,BRS,98557,418,98975,48.61
98,Jangoan,GENERAL,2,Kommuri Pratap Reddy,MALE,68,GENERAL,INC,82139,1053,83192,40.86
98,Jangoan,GENERAL,3,Arutla Deshmantha Reddy,MALE,62,GENERAL,BJP,7595,139,7734,3.8
98,Jangoan,GENERAL,4,Kalluri Kranthi,MALE,38,GENERAL,AODRP,3043,1,3044,1.5
98,Jangoan,GENERAL,5,Kanaka Reddy Moku,MALE,49,GENERAL,CPI(M),1761,4,1765,0.87
98,Jangoan,GENERAL,6,Kottoju Srinivas,MALE,38,GENERAL,IND,1556,12,1568,0.77
98,Jangoan,GENERAL,7,Nota,,,,NOTA,1458,9,1467,0.72
98,Jangoan,GENERAL,8,Sujatha Janga,FEMALE,33,SC,IND,944,0,944,0.46
98,Jangoan,GENERAL,9,Boora Bhavana Rushi,MALE,55,GENERAL,IND,635,5,640,0.31
98,Jangoan,GENERAL,10,Banuka Naresh,MALE,38,GENERAL,IND,635,0,635,0.31
98,Jangoan,GENERAL,11,Sadam Madhan Mohan Yadav,MALE,26,GENERAL,IND,626,2,628,0.31
98,Jangoan,GENERAL,12,Karunakar Reddy Nalla,MALE,64,GENERAL,BLFP,601,2,603,0.3
98,Jangoan,GENERAL,13,Anjaiah Cheguri,MALE,47,GENERAL,IND,541,4,545,0.27
98,Jangoan,GENERAL,14,Chiranjeevi Gollapalli,MALE,36,SC,DHRMSMJP,466,10,476,0.23
98,Jangoan,GENERAL,15,Yasarapu Karnakar,MALE,36,SC,IND,340,1,341,0.17
98,Jangoan,GENERAL,16,Manthena Naresh,MALE,35,SC,RPI(A),328,0,328,0.16
98,Jangoan,GENERAL,17,Gandamala Isthari,MALE,61,SC,IPBP,234,0,234,0.11
98,Jangoan,GENERAL,18,Dr.banoth Raju,MALE,34,ST,IND,205,0,205,0.1
98,Jangoan,GENERAL,19,Parvatha Satheesh Kumar,MALE,43,GENERAL,BCYP,149,0,149,0.07
98,Jangoan,GENERAL,20,Nalla Srikanth,MALE,43,GENERAL,TLGNARJYS,127,0,127,0.06
99,Ghanpur (Station),SC,1,Kadiyam Srihari,MALE,73,SC,BRS,101239,457,101696,47.13
99,Ghanpur (Station),SC,2,Indira Singapuram,FEMALE,55,SC,INC,93209,708,93917,43.53
99,Ghanpur (Station),SC,3,Gunde Vijaya Rama Rao,MALE,69,SC,BJP,4931,53,4984,2.31
99,Ghanpur (Station),SC,4,Baskula Nagaraju,MALE,32,SC,IND,2462,4,2466,1.14
99,Ghanpur (Station),SC,5,Shaga Raju,MALE,49,SC,IND,2416,1,2417,1.12
99,Ghanpur (Station),SC,6,Navya Kursapelly,FEMALE,33,SC,IND,1800,0,1800,0.83
99,Ghanpur (Station),SC,7,Mothukupelly Prabhakar,MALE,37,SC,IND,1265,2,1267,0.59
99,Ghanpur (Station),SC,8,Dandem Rathnam,MALE,37,SC,IND,1251,2,1253,0.58
99,Ghanpur (Station),SC,9,Nota,,,,NOTA,1148,5,1153,0.53
99,Ghanpur (Station),SC,10,Marapaka Ramesh,MALE,34,SC,RPI(A),1119,8,1127,0.52
99,Ghanpur (Station),SC,11,Chiluka Varsha Prudhvi,FEMALE,28,SC,IND,994,0,994,0.46
99,Ghanpur (Station),SC,12,Mundrathi Srikanth,MALE,34,SC,IND,938,0,938,0.43
99,Ghanpur (Station),SC,13,Ar Nena Prem Ready Ripeeka,MALE,40,SC,MTRSP,391,4,395,0.18
99,Ghanpur (Station),SC,14,Kotte Yesebu,MALE,58,SC,DHRMSMJP,286,5,291,0.13
99,Ghanpur (Station),SC,15,Tatikayala Sujit Kumar,MALE,38,SC,TRP,240,3,243,0.11
99,Ghanpur (Station),SC,16,Anil Kumar Gadepaka,MALE,36,SC,IND,230,1,231,0.11
99,Ghanpur (Station),SC,17,Kalakoti Yadagiri,MALE,40,SC,BCYP,164,2,166,0.08
99,Ghanpur (Station),SC,18,Chinta Swamy,MALE,53,SC,AIFB,156,1,157,0.07
99,Ghanpur (Station),SC,19,Kunti Laxmaiah,MALE,52,SC,JASWP,144,0,144,0.07
99,Ghanpur (Station),SC,20,Chityala Rajinikanth,MALE,29,SC,VTRP,116,0,116,0.05
100,Palakurthi,GENERAL,1,Yashaswini Mamidala,FEMALE,26,GENERAL,INC,125668,1180,126848,57.62
100,Palakurthi,GENERAL,2,Dayakar Rao Errabelli,MALE,67,GENERAL,BRS,78796,418,79214,35.98
100,Palakurthi,GENERAL,3,Madavapeddi Venkat Reddy,MALE,61,GENERAL,IND,4144,2,4146,1.88
100,Palakurthi,GENERAL,4,Lega Rammohan Reddy,MALE,63,GENERAL,BJP,2939,43,2982,1.35
100,Palakurthi,GENERAL,5,Nota,,,,NOTA,2741,2,2743,1.25
100,Palakurthi,GENERAL,6,Bhujender Manyapu,MALE,50,GENERAL,IND,1118,2,1120,0.51
100,Palakurthi,GENERAL,7,Puligilla Bixapathi,MALE,48,GENERAL,IND,1041,6,1047,0.48
100,Palakurthi,GENERAL,8,Jarpula Ravender,MALE,31,ST,AODRP,949,7,956,0.43
100,Palakurthi,GENERAL,9,Panikara Raju,MALE,29,GENERAL,IND,225,0,225,0.1
100,Palakurthi,GENERAL,10,Budida Sunil,MALE,27,SC,DHRMSMJP,152,5,157,0.07
100,Palakurthi,GENERAL,11,Elishala Rajesh,MALE,37,GENERAL,BCYP,154,1,155,0.07
100,Palakurthi,GENERAL,12,Upendar Jeripothula,MALE,42,SC,IND,153,1,154,0.07
100,Palakurthi,GENERAL,13,Mamindla Ramesh Raja,MALE,41,GENERAL,CPI(ML)(L),129,2,131,0.06
100,Palakurthi,GENERAL,14,Dr. Narendar Vankudothu,MALE,36,ST,BMUP,120,1,121,0.05
100,Palakurthi,GENERAL,15,Ch. Bhupalgoud,MALE,74,GENERAL,AIBPSP,80,0,80,0.04
100,Palakurthi,GENERAL,16,Anil Kumar Gadepaka,MALE,36,SC,IND,75,2,77,0.03
101,Dornakal,ST,1,Jatoth Ram Chander Naik,MALE,48,ST,INC,114873,714,115587,60.01
101,Dornakal,ST,2,Dharamsoth Redya Naik,MALE,71,ST,BRS,62169,287,62456,32.42
101,Dornakal,ST,3,Ratna Azmeera,MALE,53,ST,IND,2773,0,2773,1.44
101,Dornakal,ST,4,Bhukya Gopikrishna,MALE,37,ST,IND,2243,1,2244,1.16
101,Dornakal,ST,5,Guguloth Parvathi Naik,FEMALE,32,ST,BSP,1883,9,1892,0.98
101,Dornakal,ST,6,Bhukya Sangeetha,FEMALE,36,ST,BJP,1803,14,1817,0.94
101,Dornakal,ST,7,Ravi Kumar Vankudothu,MALE,39,ST,TJP,1468,3,1471,0.76
101,Dornakal,ST,8,Nota,,,,NOTA,1388,4,1392,0.72
101,Dornakal,ST,9,Tagore Ravindar Naik Islavath,MALE,44,ST,IND,1344,2,1346,0.7
101,Dornakal,ST,10,Tejavath Somanna,MALE,61,ST,YGATLSIP,519,1,520,0.27
101,Dornakal,ST,11,Gugulothu Ravindar,MALE,35,ST,BMUP,285,1,286,0.15
101,Dornakal,ST,12,Guguloth Naresh,MALE,30,ST,IND,256,5,261,0.14
101,Dornakal,ST,13,Banothu Linganna,MALE,35,ST,BLIP,214,0,214,0.11
101,Dornakal,ST,14,Mahendar Bhukya,MALE,38,ST,BCYP,207,1,208,0.11
101,Dornakal,ST,15,Badavath Rajesh,MALE,37,ST,RPI,154,2,156,0.08
102,Mahabubabad,ST,1,Dr. Murali Naik Bhukya,MALE,57,ST,INC,115439,1205,116644,55.46
102,Mahabubabad,ST,2,Banoth Shankar Naik,MALE,58,ST,BRS,66177,296,66473,31.6
102,Mahabubabad,ST,3,Hussain Naik Jatothu,MALE,41,ST,BJP,16871,167,17038,8.1
102,Mahabubabad,ST,4,Guguloth Shekar Naik,MALE,25,ST,BSP,2003,13,2016,0.96
102,Mahabubabad,ST,5,Nota,,,,NOTA,1926,6,1932,0.92
102,Mahabubabad,ST,6,Nunavath Ramesh,MALE,44,ST,IND,1494,4,1498,0.71
102,Mahabubabad,ST,7,Bitchanayak Jatoth,MALE,53,ST,MCPI,1424,11,1435,0.68
102,Mahabubabad,ST,8,Battu Binnamma,FEMALE,51,ST,IND,754,8,762,0.36
102,Mahabubabad,ST,9,Venkanna Gugulothu,MALE,40,ST,IND,738,5,743,0.35
102,Mahabubabad,ST,10,Ramdasu Ponaka,MALE,51,ST,RPPRINAT,573,6,579,0.28
102,Mahabubabad,ST,11,Vattam Upender,MALE,47,ST,BMUP,489,4,493,0.23
102,Mahabubabad,ST,12,Jatoth Chakravarthy,MALE,27,ST,DHRMSMJP,430,5,435,0.21
102,Mahabubabad,ST,13,Dv Naik,MALE,37,ST,IND,280,0,280,0.13
103,Narsampet,GENERAL,1,Donthi Madhava Reddy,MALE,62,GENERAL,INC,103181,1004,104185,50.73
103,Narsampet,GENERAL,2,Peddi Sudarshan Reddy,MALE,49,GENERAL,BRS,85001,295,85296,41.53
103,Narsampet,GENERAL,3,Kambhampati Prathap (pulla Rao),MALE,45,GENERAL,BJP,3017,45,3062,1.49
103,Narsampet,GENERAL,4,Gone Yuwa Raj,MALE,40,GENERAL,AODRP,2450,1,2451,1.19
103,Narsampet,GENERAL,5,Dr. Gundala Madan Kumar,MALE,57,GENERAL,BSP,1517,14,1531,0.75
103,Narsampet,GENERAL,6,Pratap Reddy Mogili,MALE,62,GENERAL,IND,1399,1,1400,0.68
103,Narsampet,GENERAL,7,Emmadi Chinni Krishna Yadav,MALE,31,GENERAL,IND,1347,0,1347,0.66
103,Narsampet,GENERAL,8,Prem Lal Banoth [bpn],MALE,31,ST,IND,1114,1,1115,0.54
103,Narsampet,GENERAL,9,Ramesh Peddarapu,MALE,46,GENERAL,MCPI,1089,2,1091,0.53
103,Narsampet,GENERAL,10,Nota,,,,NOTA,730,8,738,0.36
103,Narsampet,GENERAL,11,Ramesh Gundeboina,MALE,39,GENERAL,YGATLSIP,717,0,717,0.35
103,Narsampet,GENERAL,12,Dr.penchala Srinivas,MALE,40,GENERAL,IND,616,1,617,0.3
103,Narsampet,GENERAL,13,Mogilicherla Sandeep,MALE,31,GENERAL,IND,561,0,561,0.27
103,Narsampet,GENERAL,14,Arelli Latha,FEMALE,50,GENERAL,JSKHP,518,1,519,0.25
103,Narsampet,GENERAL,15,Bushaboina Suresh Yadav,MALE,31,GENERAL,IND,352,0,352,0.17
103,Narsampet,GENERAL,16,Banothu Srinivas,MALE,41,ST,DHRMSMJP,206,1,207,0.1
103,Narsampet,GENERAL,17,Veeraswamy Undrathi,MALE,37,GENERAL,BCYP,196,1,197,0.1
104,Parkal,GENERAL,1,Revuri Prakash Reddy,MALE,71,GENERAL,INC,71742,831,72573,38.46
104,Parkal,GENERAL,2,Challa. Dharma Reddy.,MALE,55,GENERAL,BRS,64330,302,64632,34.25
104,Parkal,GENERAL,3,Kali Prasad Rao Pagadala,MALE,59,GENERAL,BJP,38593,142,38735,20.53
104,Parkal,GENERAL,4,Kumaraswamy Gone,MALE,55,GENERAL,MCPI,1621,0,1621,0.86
104,Parkal,GENERAL,5,Amudalapelly Mallesham,MALE,45,GENERAL,BSP,1380,14,1394,0.74
104,Parkal,GENERAL,6,Ande. Kumaraswamy,MALE,38,GENERAL,IND,1012,5,1017,0.54
104,Parkal,GENERAL,7,Nota,,,,NOTA,963,3,966,0.51
104,Parkal,GENERAL,8,Arsham. Ashok,MALE,35,SC,IND,819,5,824,0.44
104,Parkal,GENERAL,9,Kolagani Suresh,MALE,35,SC,IND,760,0,760,0.4
104,Parkal,GENERAL,10,Prasad Sanghi,MALE,35,SC,IND,723,0,723,0.38
104,Parkal,GENERAL,11,Chimmani Devaraju,MALE,39,GENERAL,IND,628,0,628,0.33
104,Parkal,GENERAL,12,Ganipaka Kornel,MALE,55,SC,IND,529,0,529,0.28
104,Parkal,GENERAL,13,Purella Ramesh,MALE,35,SC,DHRMSMJP,449,9,458,0.24
104,Parkal,GENERAL,14,Nallella Sathish,MALE,33,GENERAL,IND,452,0,452,0.24
104,Parkal,GENERAL,15,Abbadi Buchi Reddy,MALE,54,GENERAL,BCYP,410,1,411,0.22
104,Parkal,GENERAL,16,Ramesh Babu Shanigarapu,MALE,39,SC,PPID,372,1,373,0.2
104,Parkal,GENERAL,17,Gajji. Vishnu,MALE,37,SC,IND,352,0,352,0.19
104,Parkal,GENERAL,18,Gone. Raju,MALE,35,GENERAL,IND,317,0,317,0.17
104,Parkal,GENERAL,19,Bochu Krupakar,MALE,49,SC,IND,314,0,314,0.17
104,Parkal,GENERAL,20,Gunda Ramu,MALE,39,GENERAL,IND,280,1,281,0.15
104,Parkal,GENERAL,21,B. Ramchandar Rao,MALE,48,GENERAL,IND,251,0,251,0.13
104,Parkal,GENERAL,22,A. Ravindar Reddy,MALE,52,GENERAL,IND,214,0,214,0.11
104,Parkal,GENERAL,23,T. Rammurthi,MALE,48,GENERAL,IND,206,1,207,0.11
104,Parkal,GENERAL,24,Devaraju Pendela,MALE,52,SC,RPC(S),166,0,166,0.09
104,Parkal,GENERAL,25,P. Janardhan,MALE,47,GENERAL,IND,128,1,129,0.07
104,Parkal,GENERAL,26,Yuvaraju Sangekari,MALE,30,GENERAL,VTRP,105,0,105,0.06
104,Parkal,GENERAL,27,Bollu Rajireddy,MALE,47,GENERAL,IND,93,2,95,0.05
104,Parkal,GENERAL,28,Donthula Sravan,MALE,29,GENERAL,BHRTSWDCNG,89,1,90,0.05
104,Parkal,GENERAL,29,Pendela Kumarswamy,MALE,36,SC,IND,64,0,64,0.03
105,Warangal West,GENERAL,1,Naini Rajender Reddy,MALE,54,GENERAL,INC,69618,3031,72649,43.5
105,Warangal West,GENERAL,2,Dasyam Vinay Bhasker,MALE,59,GENERAL,BRS,56692,626,57318,34.32
105,Warangal West,GENERAL,3,Rao Padma,FEMALE,56,GENERAL,BJP,29932,894,30826,18.46
105,Warangal West,GENERAL,4,Nota,,,,NOTA,2405,21,2426,1.45
105,Warangal West,GENERAL,5,Yougendar Goud,MALE,44,GENERAL,AODRP,1396,3,1399,0.84
105,Warangal West,GENERAL,6,Madarapu. Ravi Kumar,MALE,44,GENERAL,BSP,792,16,808,0.48
105,Warangal West,GENERAL,7,Syed Shaji Hashir,MALE,33,GENERAL,ASPKR,243,0,243,0.15
105,Warangal West,GENERAL,8,Bommagani Bhargav,MALE,30,GENERAL,IND,203,2,205,0.12
105,Warangal West,GENERAL,9,Gujjula Srinivas Reddy,MALE,40,GENERAL,IND,185,1,186,0.11
105,Warangal West,GENERAL,10,P. Sathya Prakash,MALE,59,GENERAL,IND,182,2,184,0.11
105,Warangal West,GENERAL,11,Kogila . Roopa,FEMALE,28,SC,DHRMSMJP,163,9,172,0.1
105,Warangal West,GENERAL,12,Gaddam Nagarjuna,MALE,33,GENERAL,MCPI,166,1,167,0.1
105,Warangal West,GENERAL,13,Ilapuram Venuchary,MALE,40,GENERAL,TDDP,126,3,129,0.08
105,Warangal West,GENERAL,14,Gurram. Jakkaiah,MALE,72,SC,IND,113,2,115,0.07
105,Warangal West,GENERAL,15,Krishna. K,MALE,53,GENERAL,IND,88,17,105,0.06
105,Warangal West,GENERAL,16,Mohammed Khaleeluddin,MALE,67,GENERAL,IND,90,3,93,0.06
106,Warangal East,GENERAL,1,Konda Surekha,FEMALE,58,GENERAL,INC,66725,1032,67757,39.47
106,Warangal East,GENERAL,2,Errabelli Pradeep Kumar Rao,MALE,66,GENERAL,BJP,51682,423,52105,30.35
106,Warangal East,GENERAL,3,Narendar Nannapuneni,MALE,51,GENERAL,BRS,42535,248,42783,24.92
106,Warangal East,GENERAL,4,Nota,,,,NOTA,1966,12,1978,1.15
106,Warangal East,GENERAL,5,Koutam Ravindar,MALE,38,GENERAL,AODRP,1214,3,1217,0.71
106,Warangal East,GENERAL,6,Chithrapu Pushpitha Laya,FEMALE,32,GENERAL,BSP,966,4,970,0.56
106,Warangal East,GENERAL,7,Paramjyothi Jannu,MALE,40,GENERAL,IBP,513,0,513,0.3
106,Warangal East,GENERAL,8,Bavanthula Radhika,FEMALE,44,GENERAL,IND,434,0,434,0.25
106,Warangal East,GENERAL,9,Pallakonda Malleshwari,FEMALE,43,GENERAL,IND,359,1,360,0.21
106,Warangal East,GENERAL,10,Polepaka Chandrakala (gali),FEMALE,52,GENERAL,IND,343,0,343,0.2
106,Warangal East,GENERAL,11,Pabba Bhanu Laxman,MALE,30,GENERAL,IND,296,0,296,0.17
106,Warangal East,GENERAL,12,Swetha Jogu,FEMALE,30,GENERAL,IND,276,0,276,0.16
106,Warangal East,GENERAL,13,Saada Pradeep,MALE,27,GENERAL,IND,263,0,263,0.15
106,Warangal East,GENERAL,14,Kudikala Radhakishan,MALE,53,GENERAL,IND,258,1,259,0.15
106,Warangal East,GENERAL,15,Ejjagiri Kamalakar,MALE,29,GENERAL,VTRP,232,1,233,0.14
106,Warangal East,GENERAL,16,Kamilikar Ranjith Kumar,MALE,41,GENERAL,IND,214,1,215,0.13
106,Warangal East,GENERAL,17,Rangaraju Ravinder,MALE,58,GENERAL,IND,205,0,205,0.12
106,Warangal East,GENERAL,18,Sandra. Johnson,MALE,54,GENERAL,IND,204,0,204,0.12
106,Warangal East,GENERAL,19,Kedala. Prasad,MALE,46,GENERAL,DHRMSMJP,179,4,183,0.11
106,Warangal East,GENERAL,20,Bolla. Ramakrishna,MALE,34,GENERAL,IND,178,0,178,0.1
106,Warangal East,GENERAL,21,Jagdishwar Sunchu,MALE,51,GENERAL,MCPI,145,0,145,0.08
106,Warangal East,GENERAL,22,Anil Chinthala,MALE,39,GENERAL,IND,136,2,138,0.08
106,Warangal East,GENERAL,23,Edulapuram Karthik,MALE,30,GENERAL,IND,122,0,122,0.07
106,Warangal East,GENERAL,24,Prameela Jannu,FEMALE,43,GENERAL,IND,105,0,105,0.06
106,Warangal East,GENERAL,25,K.ravi,MALE,37,GENERAL,IND,101,1,102,0.06
106,Warangal East,GENERAL,26,Panikela Srinivas,MALE,48,GENERAL,NIP,68,0,68,0.04
106,Warangal East,GENERAL,27,Sreenivas Vannala,MALE,50,GENERAL,IND,65,1,66,0.04
106,Warangal East,GENERAL,28,Vavilala Rajender,MALE,45,GENERAL,BHRTSWDCNG,62,0,62,0.04
106,Warangal East,GENERAL,29,Srikanth Pusala,MALE,36,GENERAL,TDDP,61,0,61,0.04
106,Warangal East,GENERAL,30,Lingamurthy Thota,MALE,31,GENERAL,IND,46,0,46,0.03
107,Waradhanapet,SC,1,K.r.nagaraj.k,MALE,60,SC,INC,104717,1979,106696,48.77
107,Waradhanapet,SC,2,Aroori Ramesh,MALE,56,SC,BRS,86790,448,87238,39.88
107,Waradhanapet,SC,3,Kondeti Shridhar,MALE,47,SC,BJP,11966,309,12275,5.61
107,Waradhanapet,SC,4,Nota,,,,NOTA,3601,11,3612,1.65
107,Waradhanapet,SC,5,Ranjith Kumar Butti,MALE,38,SC,IND,2911,8,2919,1.33
107,Waradhanapet,SC,6,Dr. Vijay Kumar,MALE,49,SC,BSP,1857,17,1874,0.86
107,Waradhanapet,SC,7,Visampally Nagesh,MALE,53,SC,IND,971,0,971,0.44
107,Waradhanapet,SC,8,Sarigommula Snehalatha,FEMALE,40,SC,IND,803,2,805,0.37
107,Waradhanapet,SC,9,Savithry Kothapally,FEMALE,37,SC,MCPI,643,0,643,0.29
107,Waradhanapet,SC,10,Ar Nena Prem Ready Ripeeka,MALE,40,SC,IND,417,2,419,0.19
107,Waradhanapet,SC,11,Potaraju Narsimharaju,MALE,42,SC,IND,377,2,379,0.17
107,Waradhanapet,SC,12,Murali Krishna Rodda,MALE,57,SC,DHRMSMJP,330,11,341,0.16
107,Waradhanapet,SC,13,Peddalingannagari Bikshapathi,MALE,29,SC,TDDP,242,0,242,0.11
107,Waradhanapet,SC,14,Golkonda Kumar,MALE,46,SC,CPI(ML)(L),218,0,218,0.1
107,Waradhanapet,SC,15,Sravan Munigala,MALE,28,SC,VTRP,142,2,144,0.07
108,Bhupalpalle,GENERAL,1,Gandra Satyanarayana Rao,MALE,58,GENERAL,INC,122266,850,123116,54.55
108,Bhupalpalle,GENERAL,2,Gandra Venkata Ramana Reddy,MALE,57,GENERAL,BRS,70176,241,70417,31.2
108,Bhupalpalle,GENERAL,3,C. Keerthi Reddy,FEMALE,43,GENERAL,BJP,14610,121,14731,6.53
108,Bhupalpalle,GENERAL,4,Ramesh Goud Tallapally,MALE,38,GENERAL,AODRP,3463,1,3464,1.53
108,Bhupalpalle,GENERAL,5,Sampath Mantena,MALE,35,GENERAL,IND,2899,2,2901,1.29
108,Bhupalpalle,GENERAL,6,Gajji Jithender,MALE,29,GENERAL,BSP,2000,10,2010,0.89
108,Bhupalpalle,GENERAL,7,Adlakonda Sravanthi,FEMALE,34,GENERAL,ABDP,1129,1,1130,0.5
108,Bhupalpalle,GENERAL,8,Vangara Sambaiah,MALE,64,GENERAL,TECPI,1011,1,1012,0.45
108,Bhupalpalle,GENERAL,9,Asraf Mahmad,FEMALE,48,GENERAL,MCPI,915,1,916,0.41
108,Bhupalpalle,GENERAL,10,Allam Mahesh,MALE,36,GENERAL,IND,832,1,833,0.37
108,Bhupalpalle,GENERAL,11,Nota,,,,NOTA,826,4,830,0.37
108,Bhupalpalle,GENERAL,12,Kothuri Ravinder,MALE,42,SC,DHRMSMJP,649,12,661,0.29
108,Bhupalpalle,GENERAL,13,G. Rajini,FEMALE,38,SC,IND,491,0,491,0.22
108,Bhupalpalle,GENERAL,14,Vavilala Laxman,MALE,39,GENERAL,IND,462,1,463,0.21
108,Bhupalpalle,GENERAL,15,Siripally Rajaiah,MALE,47,SC,IND,402,4,406,0.18
108,Bhupalpalle,GENERAL,16,Rathna Poshamma,FEMALE,50,SC,SJPI,389,0,389,0.17
108,Bhupalpalle,GENERAL,17,Theenmar Ravi Patel,MALE,38,GENERAL,IND,325,3,328,0.15
108,Bhupalpalle,GENERAL,18,Sada Akhil Reddy,MALE,26,GENERAL,JSKHP,314,0,314,0.14
108,Bhupalpalle,GENERAL,19,Sahith Godugu,MALE,26,GENERAL,IND,280,0,280,0.12
108,Bhupalpalle,GENERAL,20,Ponnam Bucchaiah,MALE,49,GENERAL,IND,275,0,275,0.12
108,Bhupalpalle,GENERAL,21,S. Ramesh Guptha,MALE,47,GENERAL,BHRTSWDCNG,238,2,240,0.11
108,Bhupalpalle,GENERAL,22,Chepuri Odelu Yadav,MALE,43,GENERAL,BHRTSMJDLP,177,2,179,0.08
108,Bhupalpalle,GENERAL,23,Devaraju Pendela,MALE,52,SC,RPC(S),157,0,157,0.07
108,Bhupalpalle,GENERAL,24,Marapally Mallaiah,MALE,43,SC,CPI(ML)(L),145,0,145,0.06
109,Mulug,ST,1,Anasuya Seethakka Danasari,FEMALE,52,ST,INC,100909,1358,102267,54.52
109,Mulug,ST,2,Bade Nagajyothi,FEMALE,29,ST,BRS,68327,240,68567,36.55
109,Mulug,ST,3,Ajmeera Prahalad,MALE,45,ST,BJP,5262,126,5388,2.87
109,Mulug,ST,4,Maddila Venkateshwarlu,MALE,37,ST,IND,3708,1,3709,1.98
109,Mulug,ST,5,Nota,,,,NOTA,1931,6,1937,1.03
109,Mulug,ST,6,Vajja Sammakka,FEMALE,43,ST,IND,1534,4,1538,0.82
109,Mulug,ST,7,Chandru Nayak Nunavat,MALE,61,ST,MCPI,1500,4,1504,0.8
109,Mulug,ST,8,Bhukya Jampanna,MALE,33,ST,BSP,1336,11,1347,0.72
109,Mulug,ST,9,Bangari Naresh,MALE,31,ST,IND,483,0,483,0.26
109,Mulug,ST,10,Malyala Manohar,MALE,32,ST,DHRMSMJP,352,1,353,0.19
109,Mulug,ST,11,Kapula Sammaiah,MALE,38,ST,IND,300,0,300,0.16
109,Mulug,ST,12,Vajja Jyothi Basu,MALE,43,ST,GNDWDKP,188,2,190,0.1
110,Pinapaka,ST,1,Payam Venkateswarlu,MALE,49,ST,INC,89893,617,90510,56.61
110,Pinapaka,ST,2,Kantha Rao Rega,MALE,46,ST,BRS,55764,240,56004,35.03
110,Pinapaka,ST,3,Balaraju. Podium,MALE,57,ST,BJP,2607,20,2627,1.64
110,Pinapaka,ST,4,Durga Palvancha,FEMALE,39,ST,IND,2163,4,2167,1.36
110,Pinapaka,ST,5,Punem Rajesh,MALE,29,ST,IND,1997,1,1998,1.25
110,Pinapaka,ST,6,Banoth Jagga Rao,MALE,38,ST,IND,1429,0,1429,0.89
110,Pinapaka,ST,7,Vasam Mangaiah,MALE,46,ST,IND,1028,0,1028,0.64
110,Pinapaka,ST,8,Nota,,,,NOTA,899,6,905,0.57
110,Pinapaka,ST,9,Vajja Samulu,MALE,36,ST,BSP,714,5,719,0.45
110,Pinapaka,ST,10,Eesam Krishna,MALE,63,ST,IND,700,3,703,0.44
110,Pinapaka,ST,11,Jabba Krishna,MALE,49,ST,IND,361,0,361,0.23
110,Pinapaka,ST,12,Kodem Venkateswarlu,MALE,48,ST,IND,354,0,354,0.22
110,Pinapaka,ST,13,Alem Venkateswarlu,MALE,58,ST,ABDP,300,0,300,0.19
110,Pinapaka,ST,14,Uke. Muddaraju,MALE,40,ST,IND,153,3,156,0.1
110,Pinapaka,ST,15,Vajja Jyothi Basu,MALE,43,ST,GNDWDKP,142,2,144,0.09
110,Pinapaka,ST,16,Guguloth Ramesh,MALE,35,ST,VTRP,132,2,134,0.08
110,Pinapaka,ST,17,Allem Narendra(koti),MALE,40,ST,IND,134,0,134,0.08
110,Pinapaka,ST,18,Kunja Krishna Rao,MALE,37,ST,IND,129,1,130,0.08
110,Pinapaka,ST,19,Kunja Durga,FEMALE,31,ST,BCYP,79,1,80,0.05
111,Yellandu,ST,1,Koram Kanakaiah,MALE,61,ST,INC,107589,1582,109171,61.22
111,Yellandu,ST,2,Banoth Hari Priya,FEMALE,38,ST,BRS,51460,402,51862,29.08
111,Yellandu,ST,3,Dharavath Ravinder Naik,MALE,70,ST,BJP,2546,22,2568,1.44
111,Yellandu,ST,4,Krishna Duggi,MALE,50,ST,CPI(M),2129,8,2137,1.2
111,Yellandu,ST,5,Mokalla Krishna,MALE,55,ST,IND,1696,2,1698,0.95
111,Yellandu,ST,6,Nota,,,,NOTA,1408,10,1418,0.8
111,Yellandu,ST,7,Anuradha Gummadi,FEMALE,38,ST,IND,1383,10,1393,0.78
111,Yellandu,ST,8,Poleboina Ravi,MALE,37,ST,IND,1213,2,1215,0.68
111,Yellandu,ST,9,Badavath Prathap,MALE,31,ST,BSP,1153,6,1159,0.65
111,Yellandu,ST,10,Cheemala Venkateswarlu,MALE,53,ST,AIFB,1078,9,1087,0.61
111,Yellandu,ST,11,Muthi Muthamma,FEMALE,52,ST,IND,826,0,826,0.46
111,Yellandu,ST,12,Guguloth Sai Kumar,MALE,26,ST,IND,729,0,729,0.41
111,Yellandu,ST,13,Messu Usharani,FEMALE,34,ST,IND,653,2,655,0.37
111,Yellandu,ST,14,Gugulothu Bhadru,MALE,44,ST,IND,435,2,437,0.25
111,Yellandu,ST,15,Kodi Nagaraju,MALE,28,ST,GNDWDKP,428,0,428,0.24
111,Yellandu,ST,16,Mukti Raju,MALE,46,ST,IND,382,1,383,0.21
111,Yellandu,ST,17,Bikshamaiah Jare,MALE,69,ST,ABDP,343,0,343,0.19
111,Yellandu,ST,18,Arem Vijay Chandar,MALE,32,ST,IND,308,1,309,0.17
111,Yellandu,ST,19,Vaasam Rama Krishna Dora,MALE,37,ST,BCYP,196,1,197,0.11
111,Yellandu,ST,20,Prasad Lakavath,MALE,35,ST,VTRP,176,1,177,0.1
111,Yellandu,ST,21,Ramanala Lakshmaiah,MALE,52,ST,BMUP,146,1,147,0.08
112,Khammam,GENERAL,1,Tummala Nageswara Rao,MALE,71,GENERAL,INC,131515,4501,136016,57.58
112,Khammam,GENERAL,2,Ajay Kumar Puvvada,MALE,58,GENERAL,BRS,85906,729,86635,36.67
112,Khammam,GENERAL,3,Miriyala Ramakrishna,MALE,28,GENERAL,JnP,3939,101,4040,1.71
112,Khammam,GENERAL,4,Yarra Srikanth,MALE,60,GENERAL,CPI(M),1890,50,1940,0.82
112,Khammam,GENERAL,5,Nota,,,,NOTA,1863,62,1925,0.81
112,Khammam,GENERAL,6,Anthoni Suresh,MALE,36,SC,IND,1176,0,1176,0.5
112,Khammam,GENERAL,7,Ajaya Kumar Annabathula,MALE,51,GENERAL,IND,995,2,997,0.42
112,Khammam,GENERAL,8,Sreenivas Rao Ayitgani,MALE,41,GENERAL,BSP,593,26,619,0.26
112,Khammam,GENERAL,9,Inapanuri Durga,FEMALE,40,SC,IND,527,0,527,0.22
112,Khammam,GENERAL,10,Sunil Yechu,MALE,36,SC,VTRP,358,4,362,0.15
112,Khammam,GENERAL,11,Kukkala Nagamani,FEMALE,26,GENERAL,AODRP,272,0,272,0.12
112,Khammam,GENERAL,12,Seema Rambabu,MALE,41,SC,IND,264,0,264,0.11
112,Khammam,GENERAL,13,Laxmana Chary Banala,MALE,57,GENERAL,IND,228,1,229,0.1
112,Khammam,GENERAL,14,Shabnam,FEMALE,39,GENERAL,RPI(A),151,1,152,0.06
112,Khammam,GENERAL,15,Ramavajhala Ravi Kumar,MALE,63,GENERAL,IND,134,0,134,0.06
112,Khammam,GENERAL,16,Sailaja Katepalli,FEMALE,53,GENERAL,PPOI,128,4,132,0.06
112,Khammam,GENERAL,17,Kukkala Ajay Hardik,MALE,40,SC,IND,102,0,102,0.04
112,Khammam,GENERAL,18,Palvancha Ramarao,MALE,68,GENERAL,AIFB,78,5,83,0.04
112,Khammam,GENERAL,19,Vikas Mandhadapu,MALE,28,GENERAL,YGATLSIP,69,0,69,0.03
112,Khammam,GENERAL,20,Gurram Satyanarayana,MALE,42,GENERAL,IND,66,0,66,0.03
112,Khammam,GENERAL,21,Gunti Nagaraju,MALE,39,GENERAL,IND,53,1,54,0.02
112,Khammam,GENERAL,22,Ramala Swarupa,FEMALE,40,GENERAL,IBP,50,1,51,0.02
112,Khammam,GENERAL,23,Likki Krishna Rao,MALE,69,GENERAL,BLFP,46,5,51,0.02
112,Khammam,GENERAL,24,Raice Anwar,MALE,50,GENERAL,IND,45,0,45,0.02
112,Khammam,GENERAL,25,Gudikandula Satyanarayana,MALE,53,GENERAL,IND,45,0,45,0.02
112,Khammam,GENERAL,26,Rodda Shivaiah,MALE,63,GENERAL,DABAP,37,7,44,0.02
112,Khammam,GENERAL,27,Bathula Nagesh,MALE,36,GENERAL,BARESP,39,0,39,0.02
112,Khammam,GENERAL,28,Nakirikanti Suresh Kumar,MALE,29,SC,IND,34,0,34,0.01
112,Khammam,GENERAL,29,Nazima Begum,FEMALE,39,GENERAL,IND,31,0,31,0.01
112,Khammam,GENERAL,30,Marakapudi Srinivasulu,MALE,63,SC,IND,25,0,25,0.01
112,Khammam,GENERAL,31,Mutyam Arjun Raju,MALE,35,GENERAL,IND,22,0,22,0.01
112,Khammam,GENERAL,32,Banoth Prasad,MALE,26,ST,IND,22,0,22,0.01
112,Khammam,GENERAL,33,Jameel Shaik,MALE,46,GENERAL,IND,21,0,21,0.01
113,Palair,GENERAL,1,Ponguleti Srinivasa Reddy,MALE,58,GENERAL,INC,126243,1577,127820,58.94
113,Palair,GENERAL,2,Kandala Upender Reddy,MALE,62,GENERAL,BRS,70859,311,71170,32.82
113,Palair,GENERAL,3,Veerabhadram Thammineni,MALE,69,GENERAL,CPI(M),5280,28,5308,2.45
113,Palair,GENERAL,4,Allika Venkateswar Rao,MALE,50,GENERAL,BSP,2067,28,2095,0.97
113,Palair,GENERAL,5,Ravi Kumar Nunna,MALE,49,GENERAL,BJP,1790,25,1815,0.84
113,Palair,GENERAL,6,Kukkala Nagaiah,MALE,32,GENERAL,AODRP,1077,3,1080,0.5
113,Palair,GENERAL,7,Koini Amarendra,MALE,32,GENERAL,IND,678,0,678,0.31
113,Palair,GENERAL,8,Amaragani Malsoor Goud,MALE,51,GENERAL,IND,654,0,654,0.3
113,Palair,GENERAL,9,Ramireddy Sunki Reddy,MALE,42,GENERAL,IND,573,0,573,0.26
113,Palair,GENERAL,10,Ajmeera Kishan,MALE,40,ST,IND,545,0,545,0.25
113,Palair,GENERAL,11,Achuta Rao Nelluri,MALE,63,GENERAL,IND,531,1,532,0.25
113,Palair,GENERAL,12,Nota,,,,NOTA,515,5,520,0.24
113,Palair,GENERAL,13,Maruthi Babu. Kesani,MALE,46,GENERAL,IND,487,1,488,0.23
113,Palair,GENERAL,14,Gaddam Veerababu,MALE,32,GENERAL,IND,406,1,407,0.19
113,Palair,GENERAL,15,Venkateswarlu Kampati,MALE,47,GENERAL,MCPI,292,1,293,0.14
113,Palair,GENERAL,16,Ramasahayam Madhavi Reddy,FEMALE,55,GENERAL,IND,282,0,282,0.13
113,Palair,GENERAL,17,Shaik Sirajuddin,MALE,34,GENERAL,IND,260,0,260,0.12
113,Palair,GENERAL,18,Halavath Rama Rao,MALE,43,ST,PPOI,246,0,246,0.11
113,Palair,GENERAL,19,Shobhan Babu Halavath,MALE,44,ST,IND,221,0,221,0.1
113,Palair,GENERAL,20,Sreenivasu Annabathula,MALE,45,GENERAL,IND,207,0,207,0.1
113,Palair,GENERAL,21,Dulam Venkatnarayana,MALE,47,GENERAL,PRJVNIP,199,0,199,0.09
113,Palair,GENERAL,22,Vankudoth Thirupathi Naik,MALE,34,ST,IND,177,0,177,0.08
113,Palair,GENERAL,23,Edurugattla Chitti Mallu,MALE,40,SC,IND,169,0,169,0.08
113,Palair,GENERAL,24,Pasumarthy Srinivas,MALE,42,GENERAL,IND,158,1,159,0.07
113,Palair,GENERAL,25,Matti Prasad,MALE,33,SC,BMUP,112,1,113,0.05
113,Palair,GENERAL,26,Papetla Ramamurthy,MALE,43,SC,SKJLP,107,1,108,0.05
113,Palair,GENERAL,27,Tejavath Balakrishna,MALE,28,ST,BHRTSWDCNG,90,0,90,0.04
113,Palair,GENERAL,28,Gopoju Ramesh,MALE,46,SC,IND,87,0,87,0.04
113,Palair,GENERAL,29,Telagamalla Rambabu,MALE,42,SC,IND,71,1,72,0.03
113,Palair,GENERAL,30,Rajendar Islavath,MALE,30,ST,IND,66,0,66,0.03
113,Palair,GENERAL,31,Bhairavabhotla Srinivasa Rao,MALE,56,GENERAL,IND,65,0,65,0.03
113,Palair,GENERAL,32,Prasad Komma,MALE,39,SC,DABAP,62,0,62,0.03
113,Palair,GENERAL,33,Ravindar Islavath @ Islavath Ravindar Naik,MALE,44,ST,IND,60,0,60,0.03
113,Palair,GENERAL,34,Pamba Suryanarayana,MALE,39,SC,IND,53,0,53,0.02
113,Palair,GENERAL,35,Suresh Gugulothu @ Guguloth Suresh,MALE,27,ST,IND,52,0,52,0.02
113,Palair,GENERAL,36,Sanjeeva Rao Manda,MALE,50,SC,IND,46,1,47,0.02
113,Palair,GENERAL,37,Bari Ashok,MALE,28,GENERAL,IND,46,1,47,0.02
113,Palair,GENERAL,38,Bhukya Parvathi,FEMALE,37,ST,IND,31,0,31,0.01
114,Madhira,SC,1,Bhatti Vikramarka Mallu,MALE,63,SC,INC,107817,1153,108970,55.49
114,Madhira,SC,2,Kamal Raju Lingala,MALE,52,SC,BRS,73038,480,73518,37.44
114,Madhira,SC,3,Bhaskar Paladugu,MALE,51,SC,CPI(M),6520,55,6575,3.35
114,Madhira,SC,4,Perumallapalli Vijayaraju,MALE,49,SC,BJP,1998,23,2021,1.03
114,Madhira,SC,5,Nota,,,,NOTA,1448,5,1453,0.74
114,Madhira,SC,6,Amboju Buddaiah,MALE,40,SC,AODRP,1236,6,1242,0.63
114,Madhira,SC,7,Rama Dasu Markapudi,MALE,49,SC,IND,850,0,850,0.43
114,Madhira,SC,8,Bommera Ramamurthy,MALE,49,SC,AIFB,365,10,375,0.19
114,Madhira,SC,9,Stalin Chilakabattini,MALE,29,SC,IND,339,1,340,0.17
114,Madhira,SC,10,Ramachandraiah Jangam,MALE,70,SC,IND,322,0,322,0.16
114,Madhira,SC,11,Kanakapudi Nageswara Rao,MALE,42,SC,YVTRP,188,0,188,0.1
114,Madhira,SC,12,Kothapalli Babu,MALE,40,SC,IND,160,9,169,0.09
114,Madhira,SC,13,Inapanuri Ruben Pradeep Kumar,MALE,61,SC,IND,91,8,99,0.05
114,Madhira,SC,14,Kanakapudi Stanly Jonathan,MALE,63,SC,IND,90,0,90,0.05
114,Madhira,SC,15,Balavanthapu Kalyan Kumar,MALE,31,SC,PPOI,83,0,83,0.04
114,Madhira,SC,16,Koppula Sreenivasa Rao,MALE,52,SC,PRSHP,69,0,69,0.04
115,Wyra,ST,1,Ramdas Maloth,MALE,59,ST,INC,92397,1516,93913,55.44
115,Wyra,ST,2,Madanlal Banoth,MALE,60,ST,BRS,60456,412,60868,35.93
115,Wyra,ST,3,Bhukya Veerabhadram,MALE,44,ST,CPI(M),4401,38,4439,2.62
115,Wyra,ST,4,Sampath Nayak,MALE,36,ST,JnP,2679,33,2712,1.6
115,Wyra,ST,5,Malothu Syamlal Nayak,MALE,35,ST,AODRP,1891,4,1895,1.12
115,Wyra,ST,6,Rambabu Bhanothu,MALE,36,ST,BSP,1690,29,1719,1.01
115,Wyra,ST,7,Nota,,,,NOTA,1223,7,1230,0.73
115,Wyra,ST,8,Guguloth Thavurya,MALE,43,ST,IND,1140,5,1145,0.68
115,Wyra,ST,9,Ramulu Varsa,MALE,50,ST,IND,754,8,762,0.45
115,Wyra,ST,10,Venkateswarlu Danasari,MALE,37,ST,GNDWDKP,347,8,355,0.21
115,Wyra,ST,11,Banoth Durga Prasad,MALE,30,ST,INDPJC,152,0,152,0.09
115,Wyra,ST,12,Guguloth Bhavsingh,MALE,31,ST,VTRP,118,0,118,0.07
115,Wyra,ST,13,Noonavath Veeru,MALE,37,ST,CPI(ML)(L),98,1,99,0.06
116,Sathupalle,SC,1,Matta Ragamayee,FEMALE,52,SC,INC,109449,1796,111245,51.66
116,Sathupalle,SC,2,Sandra Venkata Veeraiah,MALE,56,SC,BRS,90974,831,91805,42.63
116,Sathupalle,SC,3,Namburi Ramalingeswara Rao,MALE,53,SC,BJP,1830,52,1882,0.87
116,Sathupalle,SC,4,Seelam Venkateswara Rao,MALE,54,SC,BSP,1400,15,1415,0.66
116,Sathupalle,SC,5,Amboju Sumalatha,FEMALE,38,SC,AODRP,1299,6,1305,0.61
116,Sathupalle,SC,6,Bharathi Macharla,FEMALE,60,SC,CPI(M),1210,15,1225,0.57
116,Sathupalle,SC,7,Veeraiah Chippalapalli,MALE,51,SC,IND,792,1,793,0.37
116,Sathupalle,SC,8,Lajar Birelli,MALE,63,SC,IND,765,4,769,0.36
116,Sathupalle,SC,9,Nota,,,,NOTA,628,7,635,0.29
116,Sathupalle,SC,10,Pathakoti Aruna,FEMALE,67,SC,IND,572,0,572,0.27
116,Sathupalle,SC,11,Medi Basavaiah,MALE,41,SC,DHRMSMJP,413,3,416,0.19
116,Sathupalle,SC,12,Isanapalli Rama Rao,MALE,45,SC,IND,398,3,401,0.19
116,Sathupalle,SC,13,Jadi Chokkarao,MALE,51,SC,IND,386,2,388,0.18
116,Sathupalle,SC,14,Akula Paul,MALE,40,SC,PPOI,373,0,373,0.17
116,Sathupalle,SC,15,Nama Vijay,MALE,35,SC,IND,332,0,332,0.15
116,Sathupalle,SC,16,Modugu Chalapathi Rao,MALE,44,SC,ASPKR,330,2,332,0.15
116,Sathupalle,SC,17,Narapogu Deepthi,FEMALE,30,SC,IND,253,1,254,0.12
116,Sathupalle,SC,18,K Bala Prasad,MALE,40,SC,SKJLP,238,0,238,0.11
116,Sathupalle,SC,19,Madugula China Krishnaiah,MALE,46,SC,IND,224,1,225,0.1
116,Sathupalle,SC,20,Prasad Babu Narapogu,MALE,41,SC,MTRSP,177,0,177,0.08
116,Sathupalle,SC,21,Mikkili Gandhi,MALE,36,SC,BMUP,173,2,175,0.08
116,Sathupalle,SC,22,Kanakapudi Nagarjuna,MALE,38,SC,IND,171,0,171,0.08
116,Sathupalle,SC,23,Kolikapogu Swamy,MALE,52,SC,BCYP,140,0,140,0.07
116,Sathupalle,SC,24,Siddela Rambabu,MALE,34,SC,IND,78,3,81,0.04
117,Kothagudem,GENERAL,1,Kunamneni Sambasiva Rao,MALE,67,GENERAL,CPI,79636,700,80336,42.75
117,Kothagudem,GENERAL,2,Jalagam Venkat Rao,MALE,56,GENERAL,AIFB,53095,694,53789,28.62
117,Kothagudem,GENERAL,3,Vanama Venkateswara Rao,MALE,78,GENERAL,BRS,37427,128,37555,19.98
117,Kothagudem,GENERAL,4,Surendarrao Lakkineni,MALE,55,GENERAL,JnP,1922,23,1945,1.04
117,Kothagudem,GENERAL,5,Yerra Kamesh,MALE,44,SC,BSP,1870,9,1879,1.0
117,Kothagudem,GENERAL,6,Tallada Venkateswarlu,MALE,53,GENERAL,AODRP,1710,0,1710,0.91
117,Kothagudem,GENERAL,7,Nota,,,,NOTA,1420,7,1427,0.76
117,Kothagudem,GENERAL,8,Emandi Uday Kumar,MALE,47,GENERAL,IND,886,0,886,0.47
117,Kothagudem,GENERAL,9,Thandra Venkateshwarlu,MALE,57,SC,IND,836,0,836,0.44
117,Kothagudem,GENERAL,10,Thummalapalli Rambabu,MALE,51,GENERAL,IND,766,0,766,0.41
117,Kothagudem,GENERAL,11,Azam Shaik,MALE,32,GENERAL,IND,652,0,652,0.35
117,Kothagudem,GENERAL,12,Koyyala Saritha,FEMALE,39,GENERAL,IND,592,1,593,0.32
117,Kothagudem,GENERAL,13,Maloth Srinivas,MALE,41,ST,IND,483,1,484,0.26
117,Kothagudem,GENERAL,14,Lenin Kalthi,MALE,27,ST,IND,482,0,482,0.26
117,Kothagudem,GENERAL,15,Katukojwala Nageswara Rao,MALE,58,GENERAL,IND,454,1,455,0.24
117,Kothagudem,GENERAL,16,Chennaiah Undeti,MALE,37,SC,IND,437,0,437,0.23
117,Kothagudem,GENERAL,17,Srinivasa Rao Kavudagani,MALE,56,GENERAL,BCYP,414,0,414,0.22
117,Kothagudem,GENERAL,18,Ramesh Banotu,MALE,38,ST,IND,406,4,410,0.22
117,Kothagudem,GENERAL,19,Potru Praveen Kumaru,MALE,31,GENERAL,YVTRP,321,1,322,0.17
117,Kothagudem,GENERAL,20,Gumalapuram Satyanarayana,MALE,66,GENERAL,IND,308,1,309,0.16
117,Kothagudem,GENERAL,21,Venugopal Reddy Gujjula,MALE,28,GENERAL,IND,309,0,309,0.16
117,Kothagudem,GENERAL,22,Sanapa Koteswara Rao,MALE,34,ST,GNDWDKP,259,2,261,0.14
117,Kothagudem,GENERAL,23,Jeevan Koppula,MALE,30,SC,DHRMSMJP,261,0,261,0.14
117,Kothagudem,GENERAL,24,Avutapalli Rama Lingeshwara Rao,MALE,65,GENERAL,IND,228,4,232,0.12
117,Kothagudem,GENERAL,25,Srinivasa Reddy Maram,MALE,40,GENERAL,IND,230,0,230,0.12
117,Kothagudem,GENERAL,26,Barla Venkat Rao,MALE,47,SC,IND,228,0,228,0.12
117,Kothagudem,GENERAL,27,Buchaiah Komaram,MALE,53,ST,IND,202,0,202,0.11
117,Kothagudem,GENERAL,28,Narsaiah Sravanaboina,MALE,70,GENERAL,IND,163,0,163,0.09
117,Kothagudem,GENERAL,29,Doddapaneni Sheshagiri Rao,MALE,33,GENERAL,IND,130,0,130,0.07
117,Kothagudem,GENERAL,30,Ramana Reddy Sureddy,MALE,59,GENERAL,IND,115,0,115,0.06
117,Kothagudem,GENERAL,31,Mukku Venkata Narsareddy,MALE,50,GENERAL,PPOI,101,1,102,0.05
118,Aswaraopeta,ST,1,Adinarayana. Jare,MALE,40,ST,INC,74420,573,74993,55.05
118,Aswaraopeta,ST,2,Mecha Nageswara Rao,MALE,56,ST,BRS,45963,125,46088,33.83
118,Aswaraopeta,ST,3,Arjunarao Pittala.,MALE,47,ST,CPI(M),2483,5,2488,1.83
118,Aswaraopeta,ST,4,Muyyaboina Uma Devi,FEMALE,32,ST,JnP,2274,7,2281,1.67
118,Aswaraopeta,ST,5,Kishor Kalluri,MALE,51,ST,IND,1906,1,1907,1.4
118,Aswaraopeta,ST,6,Paddam. Venkata Ramana,FEMALE,35,ST,AODRP,1752,2,1754,1.29
118,Aswaraopeta,ST,7,Madakam Prasad,MALE,44,ST,BSP,1578,2,1580,1.16
118,Aswaraopeta,ST,8,Nota,,,,NOTA,1362,1,1363,1.0
118,Aswaraopeta,ST,9,Thamballa Ravi,MALE,36,ST,IND,922,0,922,0.68
118,Aswaraopeta,ST,10,Uke. Ravi,MALE,30,ST,GNDWDKP,855,2,857,0.63
118,Aswaraopeta,ST,11,Manugonda Venkata Mutyam,MALE,40,ST,BCYP,676,2,678,0.5
118,Aswaraopeta,ST,12,Kunja. Nagamani,FEMALE,44,ST,IND,484,0,484,0.36
118,Aswaraopeta,ST,13,Vuke Muktheswararao,MALE,43,ST,IND,418,1,419,0.31
118,Aswaraopeta,ST,14,Angothu. Krishna.,MALE,48,ST,IND,231,1,232,0.17
118,Aswaraopeta,ST,15,Kanneboina. Venkatanarsaiah,MALE,57,ST,GGP,177,1,178,0.13
119,Bhadrachalam,ST,1,Dr. Tellam Venkata Rao,MALE,55,ST,BRS,52972,280,53252,45.08
119,Bhadrachalam,ST,2,Podem Veeraiah,MALE,57,ST,INC,46757,776,47533,40.24
119,Bhadrachalam,ST,3,Karam. Pullaiah.,MALE,38,ST,CPI(M),5809,51,5860,4.96
119,Bhadrachalam,ST,4,Marmam Thirupathamma,FEMALE,46,ST,IND,2080,3,2083,1.76
119,Bhadrachalam,ST,5,Kunja Dharmarao,MALE,59,ST,BJP,1916,15,1931,1.63
119,Bhadrachalam,ST,6,Nota,,,,NOTA,1666,6,1672,1.42
119,Bhadrachalam,ST,7,Nakka. Saibabu,MALE,27,ST,IND,1326,1,1327,1.12
119,Bhadrachalam,ST,8,Irpa. Ravikumar,MALE,47,ST,BSP,1297,6,1303,1.1
119,Bhadrachalam,ST,9,Ubba. Seetharamulu,MALE,40,ST,IND,822,1,823,0.7
119,Bhadrachalam,ST,10,Aruna Chintha,FEMALE,36,ST,GNDWDKP,723,2,725,0.61
119,Bhadrachalam,ST,11,Pandra. Hemasundar,MALE,37,ST,IND,585,3,588,0.5
119,Bhadrachalam,ST,12,Ravva. Bhadramma,FEMALE,35,ST,DHRMSMJP,393,2,395,0.33
119,Bhadrachalam,ST,13,Madakam. Mithra,FEMALE,30,ST,VTRP,328,3,331,0.28
119,Bhadrachalam,ST,14,Punem Pradeep Kumar,MALE,46,ST,BCYP,303,3,306,0.26
