seat_no,seat,reservation,rank,candidate,sex,age,category,party,votes_general,votes_postal,votes_total,pct
1,Sirpur,GENERAL,1,Koneru Konappa,M,63,GEN,BRS,82957,131,83088,50.57
1,Sirpur,GENERAL,2,Dr. Palvai Harish Babu,M,39,GEN,INC,58813,239,59052,35.94
1,Sirpur,GENERAL,3,Dr.Kottapelli Srinivas,M,47,GEN,BJP,6258,21,6279,3.82
1,Sirpur,GENERAL,4,Rraavi Srinwass,M,43,GEN,BSP,5377,2,5379,3.27
1,Sirpur,GENERAL,5,Tallapalli Thirupathi,M,30,SC,IND,4039,0,4039,2.46
1,Sirpur,GENERAL,6,None Of The Above,,,,NOTA,1577,2,1579,0.96
1,Sirpur,GENERAL,7,Dasari Venkatesh,M,38,GEN,IND,1079,0,1079,0.66
1,Sirpur,GENERAL,8,Chilakamma Edla,F,50,GEN,PPOI,1012,1,1013,0.62
1,Sirpur,GENERAL,9,Kudaka Kishore,M,27,SC,APOI,732,1,733,0.45
1,Sirpur,GENERAL,10,Ganta Pentanna,M,47,SC,IND,594,1,595,0.36
1,Sirpur,GENERAL,11,Jadi Dileep,M,38,SC,BMUP,512,0,512,0.31
1,Sirpur,GENERAL,12,Kota Venkanna,M,42,GEN,BLFP,509,2,511,0.31
1,Sirpur,GENERAL,13,Ramchander,M,48,SC,PRBP,429,0,429,0.26
2,Chennur,SC,1,Balka Suman,M,35,SC,BRS,71852,128,71980,53.06
2,Chennur,SC,2,Venkatesh Netha Borlakunta,M,42,SC,INC,43526,322,43848,32.32
2,Chennur,SC,3,Sogala Sanjeev,M,39,SC,RPI(KH),6274,0,6274,4.62
2,Chennur,SC,4,None Of The Above,,,,NOTA,2131,4,2135,1.57
2,Chennur,SC,5,Andugula Srinivas,M,46,SC,BJP,2002,24,2026,1.49
2,Chennur,SC,6,Damuka Suresh Babu,M,33,SC,IND,1492,0,1492,1.1
2,Chennur,SC,7,Bojja Ramana Kumari,F,39,SC,PPOI,1332,3,1335,0.98
2,Chennur,SC,8,Sujatha Surepally,F,49,SC,BSP,1196,4,1200,0.88
2,Chennur,SC,9,Rakesh Regunta,M,26,SC,NPRP,1034,1,1035,0.76
2,Chennur,SC,10,Boda Janardhan,M,59,SC,BLFP,981,2,983,0.72
2,Chennur,SC,11,Cheepelli Kiran,M,28,SC,IND,936,1,937,0.69
2,Chennur,SC,12,Thungapindi Ramesh,M,40,SC,RPI(A),830,0,830,0.61
2,Chennur,SC,13,Bojja Dasaratham,M,43,SC,IND,589,0,589,0.43
2,Chennur,SC,14,Neelam Surender,M,30,SC,NCP,516,0,516,0.38
2,Chennur,SC,15,Ramagiri Vikram Singh,M,31,SC,NIP,484,0,484,0.36
3,Bellampalli,SC,1,Durgam Chinnaiah,M,47,SC,BRS,54943,83,55026,43.16
3,Bellampalli,SC,2,Gaddam Vinod,M,62,SC,BSP,43557,193,43750,34.31
3,Bellampalli,SC,3,Kondagurla Veda Prakash,M,37,SC,IND,10684,0,10684,8.38
3,Bellampalli,SC,4,Gunda Mallesh,M,71,SC,CPI,3869,36,3905,3.06
3,Bellampalli,SC,5,Koyyala Emaji,M,43,SC,BJP,3009,22,3031,2.38
3,Bellampalli,SC,6,None Of The Above,,,,NOTA,2588,10,2598,2.04
3,Bellampalli,SC,7,Krishna Sabbani,M,56,SC,BLFP,1809,3,1812,1.42
3,Bellampalli,SC,8,Dagam Vishwanath,M,32,SC,IND,1798,3,1801,1.41
3,Bellampalli,SC,9,Durge Mahendar,M,36,SC,NPRP,1202,0,1202,0.94
3,Bellampalli,SC,10,Sakinala Narayana,M,50,SC,IND,1120,0,1120,0.88
3,Bellampalli,SC,11,Pagidi Venkati,M,55,SC,IND,721,0,721,0.57
3,Bellampalli,SC,12,Ambala Mahendar,M,47,SC,IND,706,0,706,0.55
3,Bellampalli,SC,13,Mittapalli Kumara Swamy,M,39,SC,NIP,695,0,695,0.55
3,Bellampalli,SC,14,Pagidi Rajender,M,30,SC,AAAP,450,0,450,0.35
4,Mancherial,GENERAL,1,Nadipelli Diwakar Rao,M,66,GEN,BRS,75075,285,75360,45.2
4,Mancherial,GENERAL,2,Kokkirala Premsagar Rao,M,58,GEN,INC,70008,504,70512,42.29
4,Mancherial,GENERAL,3,Raghunath Verabelli,M,46,GEN,BJP,4926,92,5018,3.01
4,Mancherial,GENERAL,4,Are Srinivas,M,28,GEN,BLFP,2165,25,2190,1.31
4,Mancherial,GENERAL,5,Bera Sathyanarayana,M,44,GEN,BSP,2113,61,2174,1.3
4,Mancherial,GENERAL,6,Naheempasha,M,27,GEN,IND,2121,2,2123,1.27
4,Mancherial,GENERAL,7,Challagulla Vijayasree,F,48,GEN,IND,1670,2,1672,1.0
4,Mancherial,GENERAL,8,Dommati Ravi Kumar,M,34,GEN,IND,1638,0,1638,0.98
4,Mancherial,GENERAL,9,None Of The Above,,,,NOTA,1378,16,1394,0.84
4,Mancherial,GENERAL,10,Cheerla Satyam,M,47,GEN,IND,1065,0,1065,0.64
4,Mancherial,GENERAL,11,Payyavula Laxminarayana,M,32,GEN,IND,717,0,717,0.43
4,Mancherial,GENERAL,12,Aggi Bheemaiah,M,54,GEN,PPOI,558,2,560,0.34
4,Mancherial,GENERAL,13,Rangu Mallesham,M,48,GEN,IND,468,0,468,0.28
4,Mancherial,GENERAL,14,Ajmeera Lal,M,42,GEN,IND,340,3,343,0.21
4,Mancherial,GENERAL,15,Rasamalla Kumar,M,38,GEN,IND,250,0,250,0.15
4,Mancherial,GENERAL,16,Alpula Bharathi,F,36,SC,IPBP,240,1,241,0.14
4,Mancherial,GENERAL,17,Kuakatla Thirupathi Yadav,M,37,GEN,SHS,229,0,229,0.14
4,Mancherial,GENERAL,18,Syed Afrath Ahmed,M,38,GEN,AAAP,200,1,201,0.12
4,Mancherial,GENERAL,19,Kamera Kranthi Kumar,M,29,SC,RPI(KH),158,0,158,0.09
4,Mancherial,GENERAL,20,Togari Banesh,M,44,SC,NIP,149,0,149,0.09
4,Mancherial,GENERAL,21,Medi Narsaiah,M,43,GEN,TELPRA,140,1,141,0.08
4,Mancherial,GENERAL,22,Mengani Venkataswamy,M,32,GEN,IND,119,2,121,0.07
5,Asifabad,ST,1,Athram Sakku,M,46,ST,INC,65563,225,65788,40.92
5,Asifabad,ST,2,Kova Laxmi,F,49,ST,BRS,65388,229,65617,40.81
5,Asifabad,ST,3,Azmera Athma Rao,M,33,ST,BJP,6661,50,6711,4.17
5,Asifabad,ST,4,Kotnaka Vijay Kumar,M,34,ST,TJS,6179,4,6183,3.85
5,Asifabad,ST,5,Ajmera Ramnaik,M,41,ST,BSP,3612,17,3629,2.26
5,Asifabad,ST,6,Ade Balaji,M,35,ST,BBKD,3038,1,3039,1.89
5,Asifabad,ST,7,Mukade Vishnu,M,34,ST,APOI,2972,0,2972,1.85
5,Asifabad,ST,8,None Of The Above,,,,NOTA,2711,4,2715,1.69
5,Asifabad,ST,9,Kursenga Vasanth Rao,M,59,ST,NPRP,1721,0,1721,1.07
5,Asifabad,ST,10,Banovath Jagan,M,38,ST,BRPPA,1233,7,1240,0.77
5,Asifabad,ST,11,Bhukya Indal Rao,M,30,ST,IND,1174,1,1175,0.73
6,Khanapur,ST,1,Ajmera Rekha,F,44,ST,BRS,66974,164,67138,44.12
6,Khanapur,ST,2,Ramesh Rathod,M,53,ST,INC,45928,500,46428,30.51
6,Khanapur,ST,3,Ashok Satla,M,37,ST,BJP,23656,123,23779,15.63
6,Khanapur,ST,4,Ajmeera Hari Naik,M,53,ST,BSP,3539,14,3553,2.34
6,Khanapur,ST,5,None Of The Above,,,,NOTA,2770,6,2776,1.82
6,Khanapur,ST,6,Thatra Bheem Rao,M,28,ST,TJS,2412,0,2412,1.59
6,Khanapur,ST,7,Nethawath Rajender,M,26,ST,IND,1436,0,1436,0.94
6,Khanapur,ST,8,Athram Bheem Rao,M,44,ST,PRBP,1251,0,1251,0.82
6,Khanapur,ST,9,Thodasam Bheemrao,M,37,ST,CPM,856,7,863,0.57
6,Khanapur,ST,10,Pendur Prabhakar,M,53,ST,IND,838,3,841,0.55
6,Khanapur,ST,11,Kursenga Anitha,F,42,ST,NPRP,685,0,685,0.45
6,Khanapur,ST,12,Todasam Nagorao,M,42,ST,PJDL,548,0,548,0.36
6,Khanapur,ST,13,Lavudya Sudhan Lal,M,33,ST,TGPJP,445,1,446,0.29
7,Adilabad,GENERAL,1,Jogu Ramanna,M,56,GEN,BRS,73585,465,74050,44.66
7,Adilabad,GENERAL,2,Payal Shanker,M,47,GEN,BJP,47154,290,47444,28.62
7,Adilabad,GENERAL,3,Gandrath Sujatha,F,46,GEN,INC,31622,578,32200,19.42
7,Adilabad,GENERAL,4,Kothapelly Narayana,M,46,GEN,RDHP,4124,1,4125,2.49
7,Adilabad,GENERAL,5,Eerla Satyanarayana,M,47,GEN,BSP,1346,6,1352,0.82
7,Adilabad,GENERAL,6,None Of The Above,,,,NOTA,1144,5,1149,0.69
7,Adilabad,GENERAL,7,Kastala Arun Kumar,M,36,GEN,IND,953,1,954,0.58
7,Adilabad,GENERAL,8,Annam Devendar,M,42,GEN,IND,838,0,838,0.51
7,Adilabad,GENERAL,9,Dattatri Elchala,M,33,GEN,NCP,658,1,659,0.4
7,Adilabad,GENERAL,10,Avula Yatheendra Nath Yadav,M,29,GEN,SHS,613,3,616,0.37
7,Adilabad,GENERAL,11,Dande Sandeep,M,28,SC,APOI,571,2,573,0.35
7,Adilabad,GENERAL,12,Thogari Ramulu,M,60,SC,IND,551,2,553,0.33
7,Adilabad,GENERAL,13,Y Sanjay Reddy,M,42,GEN,AAAP,489,1,490,0.3
7,Adilabad,GENERAL,14,Kamle Bhagavan,M,29,SC,NPRP,454,0,454,0.27
7,Adilabad,GENERAL,15,Pendur Manohar,M,32,ST,GGP,336,0,336,0.2
8,Boath,ST,1,Bapu Rao Rathod,M,56,ST,BRS,60967,158,61125,38.99
8,Boath,ST,2,Bapu Rao Soyam,M,50,ST,INC,54328,311,54639,34.85
8,Boath,ST,3,Anil Jadhav,M,44,ST,IND,27988,218,28206,17.99
8,Boath,ST,4,Madavi Raju,M,60,ST,BJP,4823,17,4840,3.09
8,Boath,ST,5,Gajender Aade,M,39,ST,BSP,2649,9,2658,1.7
8,Boath,ST,6,None Of The Above,,,,NOTA,2271,4,2275,1.45
8,Boath,ST,7,Kumram Koteshwar,M,39,ST,NCP,1909,6,1915,1.22
8,Boath,ST,8,Ram Chowhan,M,44,ST,IND,1104,0,1104,0.7
9,Nirmal,GENERAL,1,Allola Indrakaran Reddy,M,69,GEN,BRS,79482,503,79985,46.21
9,Nirmal,GENERAL,2,Alleti Maheshwar Reddy,M,49,GEN,INC,70021,693,70714,40.86
9,Nirmal,GENERAL,3,Aindla Swarna Reddy,F,44,GEN,BJP,16691,209,16900,9.76
9,Nirmal,GENERAL,4,Soudani Bhumanna Yadav,M,54,GEN,BSP,1842,3,1845,1.07
9,Nirmal,GENERAL,5,None Of The Above,,,,NOTA,1359,8,1367,0.79
9,Nirmal,GENERAL,6,Vadla Konda Aliveni,F,52,GEN,BLFP,766,3,769,0.44
9,Nirmal,GENERAL,7,Gumidyala Venkata Ramana,M,36,GEN,IND,745,0,745,0.43
9,Nirmal,GENERAL,8,Marripedda Balaraju,M,56,GEN,PJDL,390,0,390,0.23
9,Nirmal,GENERAL,9,Mukhram Ali Mohammad,M,49,GEN,AAAP,368,1,369,0.21
10,Mudhole,GENERAL,1,Gaddigari Vittal Reddy,M,58,GEN,BRS,83473,230,83703,45.68
10,Mudhole,GENERAL,2,Padakanti Ramadevi,F,56,GEN,BJP,40076,263,40339,22.01
10,Mudhole,GENERAL,3,Rama Rao Patel Pawar,M,64,GEN,INC,36212,184,36396,19.86
10,Mudhole,GENERAL,4,Bhosle Narayan Rao Patil,M,61,GEN,NCP,5991,10,6001,3.27
10,Mudhole,GENERAL,5,Armoor Narsimha Reddy,M,63,GEN,IND,5626,0,5626,3.07
10,Mudhole,GENERAL,6,Rathod Surekha,F,40,ST,BSP,3613,23,3636,1.98
10,Mudhole,GENERAL,7,None Of The Above,,,,NOTA,2265,1,2266,1.24
10,Mudhole,GENERAL,8,Chelimalwar Mahesh,M,33,GEN,IND,1543,0,1543,0.84
10,Mudhole,GENERAL,9,Vadnam Govindaraju,M,39,GEN,IND,1104,2,1106,0.6
10,Mudhole,GENERAL,10,Kamble Vittal,M,34,SC,IND,918,0,918,0.5
10,Mudhole,GENERAL,11,Sharath Surya Vamshi,M,33,GEN,IND,701,0,701,0.38
10,Mudhole,GENERAL,12,Odnala Gangadhar,M,34,GEN,PJDL,682,0,682,0.37
10,Mudhole,GENERAL,13,Panditrao Takbide,M,70,GEN,SHS,331,1,332,0.18
11,Armur,GENERAL,1,Ashannagari Jeevan Reddy,M,42,GEN,BRS,71894,231,72125,51.37
11,Armur,GENERAL,2,Akula Lalitha,F,51,GEN,INC,42762,568,43330,30.86
11,Armur,GENERAL,3,Vinay Kumar Reddy Prodduturi,M,44,GEN,BJP,19404,195,19599,13.96
11,Armur,GENERAL,4,Komirey Sudhakar,M,42,SC,BSP,1698,26,1724,1.23
11,Armur,GENERAL,5,None Of The Above,,,,NOTA,1650,7,1657,1.18
11,Armur,GENERAL,6,Sunke Srinivas,M,44,GEN,IND,728,0,728,0.52
11,Armur,GENERAL,7,Mastha Dayanand,M,61,SC,RPI(A),524,0,524,0.37
11,Armur,GENERAL,8,Sindukar Charan Kumar,M,28,GEN,ANC,387,1,388,0.28
11,Armur,GENERAL,9,Gunti Raja Gangaram,M,48,SC,IND,322,0,322,0.23
12,Bodhan,GENERAL,1,Shakil Aamir Mohammed,M,42,GEN,BRS,74682,213,74895,47.14
12,Bodhan,GENERAL,2,Sudarshan Reddy Podduturi,M,69,GEN,INC,66420,374,66794,42.04
12,Bodhan,GENERAL,3,Aljapur Srinivas,M,55,GEN,BJP,8381,53,8434,5.31
12,Bodhan,GENERAL,4,Gopi Kishan,M,34,GEN,SHS,2419,6,2425,1.53
12,Bodhan,GENERAL,5,None Of The Above,,,,NOTA,1859,3,1862,1.17
12,Bodhan,GENERAL,6,Singade Pandu,M,33,SC,BSP,1359,6,1365,0.86
12,Bodhan,GENERAL,7,Md.Nawaz Pasha,M,33,GEN,IND,796,0,796,0.5
12,Bodhan,GENERAL,8,Banja Veerappa,M,58,GEN,PPOI,677,0,677,0.43
12,Bodhan,GENERAL,9,Mohammed Sharjeel Parvez,M,44,GEN,IND,615,0,615,0.39
12,Bodhan,GENERAL,10,Banavath Jeevan Nayak,M,28,ST,BLFP,385,0,385,0.24
12,Bodhan,GENERAL,11,Gaddam Vikram Reddy,M,38,GEN,IND,342,2,344,0.22
12,Bodhan,GENERAL,12,M.D.Yousuf,M,49,GEN,SP,278,0,278,0.17
13,Jukkal,SC,1,Hanmanth Shinde,M,50,SC,BRS,77427,157,77584,51.2
13,Jukkal,SC,2,Gangaram Soudagar,M,65,SC,INC,41743,216,41959,27.69
13,Jukkal,SC,3,T. Aruna Thara,F,41,SC,BJP,18662,178,18840,12.43
13,Jukkal,SC,4,Karrolla Mohan,M,28,SC,IND,7727,0,7727,5.1
13,Jukkal,SC,5,None Of The Above,,,,NOTA,1975,1,1976,1.3
13,Jukkal,SC,6,Laxman,M,27,SC,BSP,1762,2,1764,1.16
13,Jukkal,SC,7,Bharath Waghmare,M,58,SC,BLFP,1102,0,1102,0.73
13,Jukkal,SC,8,G. Srinivas,M,35,SC,IPBP,570,0,570,0.38
14,Banswada,GENERAL,1,Pocharam Srinivas Reddy (Parige),M,66,GEN,BRS,77742,201,77943,53.46
14,Banswada,GENERAL,2,Kasula Balaraju,M,58,GEN,INC,59045,413,59458,40.78
14,Banswada,GENERAL,3,Prakash Naidu,M,57,SC,BJP,2960,38,2998,2.06
14,Banswada,GENERAL,4,Kondani Anjaiah,M,35,GEN,PPOI,2408,1,2409,1.65
14,Banswada,GENERAL,5,None Of The Above,,,,NOTA,1549,6,1555,1.07
14,Banswada,GENERAL,6,Dr.Bheem Rao Gaikwad,M,58,SC,BSP,865,6,871,0.6
14,Banswada,GENERAL,7,M Ramesh,M,55,GEN,IND,563,0,563,0.39
15,Yellareddy,GENERAL,1,Jajala Surender,M,45,GEN,INC,91040,470,91510,54.31
15,Yellareddy,GENERAL,2,Eanugu Ravinder Reddy,M,53,GEN,BRS,56281,81,56362,33.45
15,Yellareddy,GENERAL,3,Talari Balaraju,M,38,SC,IND,9684,0,9684,5.75
15,Yellareddy,GENERAL,4,Banala Laxma Reddy,M,46,GEN,BJP,6321,36,6357,3.77
15,Yellareddy,GENERAL,5,None Of The Above,,,,NOTA,2217,1,2218,1.32
15,Yellareddy,GENERAL,6,Fazal Rahman,M,62,GEN,IND,947,0,947,0.56
15,Yellareddy,GENERAL,7,Yellanna Yadav Pedda Golla,M,39,GEN,SP,537,0,537,0.32
15,Yellareddy,GENERAL,8,Vaadikari Balvanth Rao,M,27,GEN,NVSP,490,0,490,0.29
15,Yellareddy,GENERAL,9,Kappa Sathyam Sidharth Raj,M,41,SC,BLFP,376,0,376,0.22
16,Kamareddy,GENERAL,1,Gampa Govardhan,M,54,GEN,BRS,67961,206,68167,42.02
16,Kamareddy,GENERAL,2,Mohd. Ali Shabbir,M,61,GEN,INC,63068,542,63610,39.21
16,Kamareddy,GENERAL,3,Katipally Venkata Ramana Reddy,M,49,GEN,BJP,15101,338,15439,9.52
16,Kamareddy,GENERAL,4,Govardan M,M,70,GEN,SMFB,10537,0,10537,6.5
16,Kamareddy,GENERAL,5,None Of The Above,,,,NOTA,1466,5,1471,0.91
16,Kamareddy,GENERAL,6,Kothapalli Mallaiah,M,62,SC,BSP,782,9,791,0.49
16,Kamareddy,GENERAL,7,Putta Mallikarjun,M,44,GEN,BLFP,697,2,699,0.43
16,Kamareddy,GENERAL,8,Arrola Naveen,M,28,GEN,IND,601,0,601,0.37
16,Kamareddy,GENERAL,9,Dudugu Pandurangam,M,37,GEN,AAAP,561,1,562,0.35
16,Kamareddy,GENERAL,10,K Kishan,M,42,GEN,IND,351,0,351,0.22
17,Nizamabad (Urban),GENERAL,1,Bigala Ganesh,M,49,GEN,BRS,71397,499,71896,47.53
17,Nizamabad (Urban),GENERAL,2,Taher Bin Hamdan,M,65,GEN,INC,45342,713,46055,30.44
17,Nizamabad (Urban),GENERAL,3,Laxmi Narayana Yendala,M,54,GEN,BJP,23703,489,24192,15.99
17,Nizamabad (Urban),GENERAL,4,Ratnakar Narala,M,44,GEN,AIFB,2800,27,2827,1.87
17,Nizamabad (Urban),GENERAL,5,Ramesh Rashamallu,M,40,GEN,BSP,1526,20,1546,1.02
17,Nizamabad (Urban),GENERAL,6,None Of The Above,,,,NOTA,847,8,855,0.57
17,Nizamabad (Urban),GENERAL,7,K.V.Laxma Reddy,M,50,GEN,IND,753,1,754,0.5
17,Nizamabad (Urban),GENERAL,8,Balla Srinivas,M,28,GEN,IND,624,1,625,0.41
17,Nizamabad (Urban),GENERAL,9,Prashanthi G.,F,29,SC,IND,512,0,512,0.34
17,Nizamabad (Urban),GENERAL,10,Mohammed Sirajuddin,M,59,GEN,AAAP,437,14,451,0.3
17,Nizamabad (Urban),GENERAL,11,Mohammed Khaja Moinuddin,M,60,GEN,IND,304,0,304,0.2
17,Nizamabad (Urban),GENERAL,12,Padakanti Ramu,M,34,GEN,IND,197,1,198,0.13
17,Nizamabad (Urban),GENERAL,13,Abdul Raheem,M,33,GEN,SP,175,0,175,0.12
17,Nizamabad (Urban),GENERAL,14,M. Pradeep,M,31,GEN,IND,146,0,146,0.1
17,Nizamabad (Urban),GENERAL,15,H.M.Ismail Mohammed,M,56,GEN,BLFP,135,0,135,0.09
17,Nizamabad (Urban),GENERAL,16,Puppala Ravindhar,M,43,GEN,IND,108,0,108,0.07
17,Nizamabad (Urban),GENERAL,17,Syed Mujeebuddin,M,54,GEN,ANC,103,0,103,0.07
17,Nizamabad (Urban),GENERAL,18,G Shankar,M,72,GEN,IND,93,0,93,0.06
17,Nizamabad (Urban),GENERAL,19,Vojja Ramesh,M,35,GEN,PPOI,90,0,90,0.06
17,Nizamabad (Urban),GENERAL,20,Manchirala Raghunath,M,37,GEN,TGPJP,80,0,80,0.05
17,Nizamabad (Urban),GENERAL,21,Shiva Prasad Mahajan,M,44,GEN,IND,77,0,77,0.05
17,Nizamabad (Urban),GENERAL,22,Syed Khaiser,M,44,GEN,IND,57,0,57,0.04
18,Nizamabad (Rural),GENERAL,1,Baji Reddy Goverdhan,M,63,GEN,BRS,87766,210,87976,50.86
18,Nizamabad (Rural),GENERAL,2,Rekulapally Bhoopathi Reddy,M,54,GEN,INC,57911,419,58330,33.72
18,Nizamabad (Rural),GENERAL,3,Anand Reddy Gaddam,M,60,GEN,BJP,16366,101,16467,9.52
18,Nizamabad (Rural),GENERAL,4,None Of The Above,,,,NOTA,2199,4,2203,1.27
18,Nizamabad (Rural),GENERAL,5,Kasala Srinivas,M,34,GEN,PPOI,1652,0,1652,0.96
18,Nizamabad (Rural),GENERAL,6,Gugloth Balaraju,M,34,ST,ALLJP,1199,0,1199,0.69
18,Nizamabad (Rural),GENERAL,7,Baisa Ramadasu,M,64,GEN,IND,1121,0,1121,0.65
18,Nizamabad (Rural),GENERAL,8,Dhammareddy Pradeep Reddy,M,33,GEN,IND,1058,0,1058,0.61
18,Nizamabad (Rural),GENERAL,9,Bb Nayak,M,43,ST,IND,997,0,997,0.58
18,Nizamabad (Rural),GENERAL,10,Malavath Vithal,M,36,GEN,NCP,991,0,991,0.57
18,Nizamabad (Rural),GENERAL,11,Noorjahan,F,35,GEN,BLFP,373,1,374,0.22
18,Nizamabad (Rural),GENERAL,12,Gangadhar Macha,M,35,GEN,IND,301,0,301,0.17
18,Nizamabad (Rural),GENERAL,13,Malle Manoj,M,30,SC,IPBP,300,0,300,0.17
19,Balkonda,GENERAL,1,Vemula Prashanth Reddy,M,50,GEN,BRS,73538,124,73662,47.57
19,Balkonda,GENERAL,2,Sunil Kumar Muthyala,M,41,GEN,BSP,41079,175,41254,26.64
19,Balkonda,GENERAL,3,Anil Kumar Eravatri,M,45,GEN,INC,30135,298,30433,19.65
19,Balkonda,GENERAL,4,Ruyyadi Rajeshwar,M,47,GEN,BJP,3057,40,3097,2.0
19,Balkonda,GENERAL,5,None Of The Above,,,,NOTA,1885,1,1886,1.22
19,Balkonda,GENERAL,6,Gunti Benarji,M,26,SC,IND,1171,0,1171,0.76
19,Balkonda,GENERAL,7,Abdul Nayeem,M,48,GEN,IND,1026,0,1026,0.66
19,Balkonda,GENERAL,8,Yeligeti Madhukar,M,35,GEN,BLFP,859,0,859,0.55
19,Balkonda,GENERAL,9,Bingiwar Ravi,M,38,GEN,TPS,851,1,852,0.55
19,Balkonda,GENERAL,10,Suddapally Sudhakar,M,45,SC,IND,611,0,611,0.39
20,Koratla,GENERAL,1,Kalvakuntla Vidyasagar Rao,M,65,GEN,BRS,84508,97,84605,51.63
20,Koratla,GENERAL,2,Juvvadi Narsinga Rao,M,56,GEN,INC,53063,322,53385,32.58
20,Koratla,GENERAL,3,Dr. J N Venkat,M,49,GEN,BJP,15864,182,16046,9.79
20,Koratla,GENERAL,4,Md. Rasheed Khan,M,53,GEN,SP,3540,0,3540,2.16
20,Koratla,GENERAL,5,None Of The Above,,,,NOTA,2425,1,2426,1.48
20,Koratla,GENERAL,6,Puppala Limbadri,M,43,GEN,BSP,939,0,939,0.57
20,Koratla,GENERAL,7,Maddenapelli Ramulu,M,46,GEN,IND,892,0,892,0.54
20,Koratla,GENERAL,8,Vemulaa Vikram Reddy,M,26,GEN,IND,601,0,601,0.37
20,Koratla,GENERAL,9,Dayya Raghu Veer,M,26,SC,BMUP,487,2,489,0.3
20,Koratla,GENERAL,10,Raj Pal Erra,M,39,GEN,BRS,290,0,290,0.18
20,Koratla,GENERAL,11,Jagilam Ramesh,M,48,GEN,IND,259,0,259,0.16
20,Koratla,GENERAL,12,Gannarapu Bhoomaiah,M,55,GEN,IND,205,0,205,0.13
20,Koratla,GENERAL,13,Akula Hanmandlu,M,45,GEN,IND,189,0,189,0.12
21,Jagtial,GENERAL,1,M.Sanjay Kumar,M,56,GEN,BRS,103771,476,104247,65.27
21,Jagtial,GENERAL,2,Thatiparthi Jeevan Reddy,M,67,GEN,INC,42577,485,43062,26.96
21,Jagtial,GENERAL,3,Ravinder Reddy Muduganti,M,54,GEN,BJP,4767,50,4817,3.02
21,Jagtial,GENERAL,4,None Of The Above,,,,NOTA,1703,7,1710,1.07
21,Jagtial,GENERAL,5,Vadlamani Sathyanarayana Murthy,M,60,GEN,PPOI,1640,0,1640,1.03
21,Jagtial,GENERAL,6,Kaithi Shankar,M,41,SC,BSP,1269,7,1276,0.8
21,Jagtial,GENERAL,7,Kurmachala Uma Mahesh,M,30,GEN,AIFB,759,1,760,0.48
21,Jagtial,GENERAL,8,Sirikonda Ravi Shankar,M,35,GEN,IND,592,1,593,0.37
21,Jagtial,GENERAL,9,Induri Sulochana,F,43,GEN,BLFP,486,0,486,0.3
21,Jagtial,GENERAL,10,Sabbu Jagan,M,35,GEN,IND,413,0,413,0.26
21,Jagtial,GENERAL,11,Akula Srikanth Kumar,M,33,GEN,IND,363,1,364,0.23
21,Jagtial,GENERAL,12,Vemula Karnakar Reddy,M,28,GEN,IND,352,0,352,0.22
22,Dharmapuri,SC,1,Eshwar Koppula,M,58,SC,BRS,70462,117,70579,42.58
22,Dharmapuri,SC,2,Adluri Laxman Kumar,M,52,SC,INC,69871,267,70138,42.32
22,Dharmapuri,SC,3,Kuntala Narsaiah,M,41,SC,IND,13114,0,13114,7.91
22,Dharmapuri,SC,4,Kannam Anjaiah,M,43,SC,BJP,5256,16,5272,3.18
22,Dharmapuri,SC,5,None Of The Above,,,,NOTA,2597,3,2600,1.57
22,Dharmapuri,SC,6,Buradagunta Sangha Mithra,F,31,SC,IND,1259,0,1259,0.76
22,Dharmapuri,SC,7,Thadagonda Nagaraju,M,36,SC,BSP,1060,3,1063,0.64
22,Dharmapuri,SC,8,Sathpadi Pranay Kumar,M,25,SC,JASWP,535,0,535,0.32
22,Dharmapuri,SC,9,Maddela Ravindar,M,45,SC,BLFP,302,0,302,0.18
22,Dharmapuri,SC,10,Mothe Naresh,M,27,SC,NIP,300,0,300,0.18
22,Dharmapuri,SC,11,Sandrugu Vijaya Kumar,M,53,SC,IPBP,294,0,294,0.18
22,Dharmapuri,SC,12,Duda Mahipal,M,27,SC,NBP,291,0,291,0.18
23,Ramagundam,GENERAL,1,Korukanti Chandar Patel,M,45,GEN,AIFB,61184,216,61400,45.1
23,Ramagundam,GENERAL,2,Somarapu Satyanarayana,M,70,GEN,BRS,34852,129,34981,25.69
23,Ramagundam,GENERAL,3,Makkan Singh Raj Thakur,M,47,GEN,INC,27092,89,27181,19.97
23,Ramagundam,GENERAL,4,Venkatesh Muthyalu,M,27,GEN,SMFB,3531,0,3531,2.59
23,Ramagundam,GENERAL,5,Merugu Shankar,M,56,GEN,BSP,1790,7,1797,1.32
23,Ramagundam,GENERAL,6,Vanitha Balmuri,F,48,GEN,BJP,1539,14,1553,1.14
23,Ramagundam,GENERAL,7,None Of The Above,,,,NOTA,1078,0,1078,0.79
23,Ramagundam,GENERAL,8,Lanka Abhishek,M,31,GEN,IND,826,0,826,0.61
23,Ramagundam,GENERAL,9,Marka Venkat Goud,M,40,GEN,IND,622,0,622,0.46
23,Ramagundam,GENERAL,10,Burra Thirupathi,M,44,GEN,CPM,542,1,543,0.4
23,Ramagundam,GENERAL,11,Kamani Saroja,F,57,GEN,PPOI,499,0,499,0.37
23,Ramagundam,GENERAL,12,Kammagiri Keshaiah,M,55,SC,IND,465,0,465,0.34
23,Ramagundam,GENERAL,13,Janagama Venkata Rajam,M,55,SC,NIP,454,0,454,0.33
23,Ramagundam,GENERAL,14,Thota Venu,M,36,GEN,TGPJP,367,0,367,0.27
23,Ramagundam,GENERAL,15,Erikilla Rajesh,M,30,SC,IND,299,0,299,0.22
23,Ramagundam,GENERAL,16,Gajelli Venkateshwarlu,M,43,GEN,IND,294,0,294,0.22
23,Ramagundam,GENERAL,17,Barla Rajesh,M,36,GEN,IND,250,0,250,0.18
24,Manthani,GENERAL,1,Duddilla Sridhar Babu,M,48,GEN,INC,88858,187,89045,50.41
24,Manthani,GENERAL,2,Putta Madhukar,M,47,GEN,BRS,72636,179,72815,41.22
24,Manthani,GENERAL,3,T.Nagarjun,M,25,GEN,SMFB,5457,0,5457,3.09
24,Manthani,GENERAL,4,None Of The Above,,,,NOTA,2081,2,2083,1.18
24,Manthani,GENERAL,5,Etukala. Mahesh Kumar,M,30,SC,BSP,1874,2,1876,1.06
24,Manthani,GENERAL,6,Rendla Sanath Kumar,M,34,GEN,BJP,1613,5,1618,0.92
24,Manthani,GENERAL,7,Challa Laxman,M,28,GEN,IND,1168,0,1168,0.66
24,Manthani,GENERAL,8,Bomma Bapu.,M,61,GEN,IND,904,0,904,0.51
24,Manthani,GENERAL,9,Made Kumar Swamy,M,30,ST,NCP,771,3,774,0.44
24,Manthani,GENERAL,10,Polam. Rajender,M,31,ST,BLFP,551,1,552,0.31
24,Manthani,GENERAL,11,Boodidha Thirupathi,M,38,SC,TPS,354,0,354,0.2
25,Peddapalle,GENERAL,1,Manohar Reddy Dasari,M,64,GEN,BRS,82508,257,82765,44.33
25,Peddapalle,GENERAL,2,Chinthakunta Vijaya Ramana Rao,M,52,GEN,INC,73982,317,74299,39.79
25,Peddapalle,GENERAL,3,Gujjula Ramakrishna Reddy,M,59,GEN,BJP,9346,29,9375,5.02
25,Peddapalle,GENERAL,4,Reddy Venugopal,M,31,GEN,SMFB,8499,0,8499,4.55
25,Peddapalle,GENERAL,5,Ponnala Sathish,M,35,SC,TKRRP,2085,0,2085,1.12
25,Peddapalle,GENERAL,6,None Of The Above,,,,NOTA,1848,5,1853,0.99
25,Peddapalle,GENERAL,7,Ravadi Kantha Rao,M,30,GEN,IND,1596,4,1600,0.86
25,Peddapalle,GENERAL,8,Mandala Krishna Reddy,M,48,GEN,IND,1038,0,1038,0.56
25,Peddapalle,GENERAL,9,Mamidipelli Bapaiah,M,60,SC,BSP,861,15,876,0.47
25,Peddapalle,GENERAL,10,Durgam Rajkumar,M,26,SC,IND,870,0,870,0.47
25,Peddapalle,GENERAL,11,Shaik Abdul Bari,M,42,GEN,IND,708,1,709,0.38
25,Peddapalle,GENERAL,12,Babar Mohammed,M,44,GEN,NCP,648,0,648,0.35
25,Peddapalle,GENERAL,13,Nampelli Swamy,M,42,GEN,IND,623,0,623,0.33
25,Peddapalle,GENERAL,14,Raju Bommanaveni,M,31,GEN,AIFB,406,0,406,0.22
25,Peddapalle,GENERAL,15,Thirupathi Maram,M,40,GEN,SP,283,0,283,0.15
25,Peddapalle,GENERAL,16,Nimmala Ashok,M,39,GEN,IPBP,277,0,277,0.15
25,Peddapalle,GENERAL,17,Sammaiah Guntipalli,M,55,GEN,BLFP,265,0,265,0.14
25,Peddapalle,GENERAL,18,Akula Swamy,M,27,GEN,TGPJP,246,1,247,0.13
26,Karimnagar,GENERAL,1,Gangula Kamalakar,M,51,GEN,BRS,80139,844,80983,40.71
26,Karimnagar,GENERAL,2,Bandi Sanjay Kumar,M,47,GEN,BJP,64569,1440,66009,33.18
26,Karimnagar,GENERAL,3,Ponnam Prabhakar,M,51,GEN,INC,38674,826,39500,19.86
26,Karimnagar,GENERAL,4,K. Nagesh,M,61,GEN,IND,3008,1,3009,1.51
26,Karimnagar,GENERAL,5,Edavelly Ramesh,M,35,GEN,TKRRP,1562,0,1562,0.79
26,Karimnagar,GENERAL,6,Durvasa Reddy Pakala,M,38,GEN,IND,1057,1,1058,0.53
26,Karimnagar,GENERAL,7,None Of The Above,,,,NOTA,975,7,982,0.49
26,Karimnagar,GENERAL,8,Nagunoori Yellaiah,M,40,GEN,IND,951,0,951,0.48
26,Karimnagar,GENERAL,9,T. Aruna Jyothi,F,52,GEN,PPOI,724,0,724,0.36
26,Karimnagar,GENERAL,10,Anagandula Venkanna,M,42,GEN,BSP,691,18,709,0.36
26,Karimnagar,GENERAL,11,Pulikota Ramesh,M,38,GEN,IND,445,0,445,0.22
26,Karimnagar,GENERAL,12,Cheekoti Ramesh,M,38,GEN,IND,430,0,430,0.22
26,Karimnagar,GENERAL,13,Waseemuddin Ahmed,M,48,GEN,BLFP,331,2,333,0.17
26,Karimnagar,GENERAL,14,Somidi Venu Prasad,M,32,SC,SHS,283,0,283,0.14
26,Karimnagar,GENERAL,15,Kota Shyam Kumar,M,31,GEN,IND,257,2,259,0.13
26,Karimnagar,GENERAL,16,Bandi Srinivas,M,36,GEN,IND,246,0,246,0.12
26,Karimnagar,GENERAL,17,Musku Mahender Reddy,M,48,GEN,IND,204,0,204,0.1
26,Karimnagar,GENERAL,18,Durgam Mohan,M,45,SC,RPI,185,0,185,0.09
26,Karimnagar,GENERAL,19,P. Santosh,M,30,GEN,IND,177,0,177,0.09
26,Karimnagar,GENERAL,20,Molumoori Deena Deshai,F,38,GEN,IPBP,151,1,152,0.08
26,Karimnagar,GENERAL,21,Tej Deep Reddy Komatireddy,M,26,GEN,AIFB,145,4,149,0.07
26,Karimnagar,GENERAL,22,Kanugula Naveen Kumar,M,42,GEN,BRS,144,0,144,0.07
26,Karimnagar,GENERAL,23,Mamindla Sandeep Kumar,M,33,GEN,IND,128,0,128,0.06
26,Karimnagar,GENERAL,24,Yanamala Manjula,F,43,SC,DABAP,108,0,108,0.05
26,Karimnagar,GENERAL,25,Vurumalla Vishwam,M,26,GEN,IND,100,0,100,0.05
26,Karimnagar,GENERAL,26,Maneti Raju,M,34,SC,IND,96,0,96,0.05
27,Choppadandi,SC,1,Ravi Shankar Sunke,M,48,SC,BRS,90965,125,91090,53.79
27,Choppadandi,SC,2,Medipally Sathyam,M,38,SC,INC,48716,247,48963,28.92
27,Choppadandi,SC,3,Bodiga Shobha Galanna,F,44,SC,BJP,15802,33,15835,9.35
27,Choppadandi,SC,4,Dasari Vidyasagar,M,30,SC,IND,2222,0,2222,1.31
27,Choppadandi,SC,5,None Of The Above,,,,NOTA,2218,0,2218,1.31
27,Choppadandi,SC,6,Boddu Narsaiah,M,68,SC,IND,2215,0,2215,1.31
27,Choppadandi,SC,7,Bollampelly Ailaiah,M,50,SC,IND,1860,0,1860,1.1
27,Choppadandi,SC,8,Manda Ravindar,M,34,SC,BSP,1833,15,1848,1.09
27,Choppadandi,SC,9,Akkenapally Yesuratnam,M,44,SC,BRPPA,861,0,861,0.51
27,Choppadandi,SC,10,Kanakam Vamshi,M,36,SC,BLFP,551,0,551,0.33
27,Choppadandi,SC,11,Chiluka Lingaiah,M,42,SC,MCPI,506,0,506,0.3
27,Choppadandi,SC,12,Uppuleti Laxman,M,53,SC,IND,503,0,503,0.3
27,Choppadandi,SC,13,Bolli Kishan,M,37,SC,BRS,356,0,356,0.21
27,Choppadandi,SC,14,Kanuka Ramesh,M,30,SC,JASWP,304,0,304,0.18
28,Vemulawada,GENERAL,1,Ramesh Chennamaneni,M,63,GEN,BRS,83928,122,84050,54.1
28,Vemulawada,GENERAL,2,Srinivas Aadi,M,52,GEN,INC,55605,259,55864,35.96
28,Vemulawada,GENERAL,3,Pratapa Ramakrishan,M,56,GEN,BJP,6569,23,6592,4.24
28,Vemulawada,GENERAL,4,Bhoomesh Pittala,M,45,GEN,BSP,2109,10,2119,1.36
28,Vemulawada,GENERAL,5,None Of The Above,,,,NOTA,1726,3,1729,1.11
28,Vemulawada,GENERAL,6,Manda Thirupathi Goud,M,44,GEN,IND,1399,0,1399,0.9
28,Vemulawada,GENERAL,7,Naresh Jumbarthi,M,32,GEN,IND,680,1,681,0.44
28,Vemulawada,GENERAL,8,Nalla Mahipal Reddy,M,38,GEN,IND,637,0,637,0.41
28,Vemulawada,GENERAL,9,Burra Ravitheja,M,26,GEN,IND,584,2,586,0.38
28,Vemulawada,GENERAL,10,Gudise Prabhakar,M,26,SC,BRPPA,267,0,267,0.17
28,Vemulawada,GENERAL,11,Sriramula Venkateshwarlu,M,49,GEN,BLFP,258,0,258,0.17
28,Vemulawada,GENERAL,12,Jinka Srinivas,M,47,SC,IND,252,2,254,0.16
28,Vemulawada,GENERAL,13,Bolishetti Mosheh,M,42,GEN,IPBP,243,1,244,0.16
28,Vemulawada,GENERAL,14,Cheekoti Varun Kumar Gupta,M,29,GEN,TCPY,244,0,244,0.16
28,Vemulawada,GENERAL,15,Pallerla Shekar,M,26,GEN,SHS,231,0,231,0.15
28,Vemulawada,GENERAL,16,Routhu Thirupathi,M,32,GEN,JASWP,199,0,199,0.13
29,Sircilla,GENERAL,1,Kalvakuntla Taraka Rama Rao,M,42,GEN,BRS,124835,378,125213,70.89
29,Sircilla,GENERAL,2,Kondam Karuna Mahender Reddy,M,57,GEN,INC,35897,307,36204,20.5
29,Sircilla,GENERAL,3,Avunoori Ramakanth,M,46,GEN,BSP,3219,26,3245,1.84
29,Sircilla,GENERAL,4,Mallugari Narsa Goudu,M,51,GEN,BJP,3228,15,3243,1.84
29,Sircilla,GENERAL,5,None Of The Above,,,,NOTA,2319,2,2321,1.31
29,Sircilla,GENERAL,6,Koduri Bala Lingam,M,39,GEN,IND,1917,5,1922,1.09
29,Sircilla,GENERAL,7,Thakkala Kiran,M,36,SC,RPI(A),978,0,978,0.55
29,Sircilla,GENERAL,8,Boinpally Srinivas,M,42,GEN,ABDBM,961,0,961,0.54
29,Sircilla,GENERAL,9,Alwala Kanakaraju,M,27,GEN,IND,628,0,628,0.36
29,Sircilla,GENERAL,10,Karingula Yadagiri,M,45,GEN,JASWP,472,0,472,0.27
29,Sircilla,GENERAL,11,Dosala Chandram,M,35,SC,IPBP,468,0,468,0.26
29,Sircilla,GENERAL,12,Kurapati Ramesh,M,36,GEN,BLFP,442,1,443,0.25
29,Sircilla,GENERAL,13,Gouta Ganesh,M,46,GEN,SHS,279,0,279,0.16
29,Sircilla,GENERAL,14,Choutapelli Venugopal,M,29,GEN,MCPI,253,0,253,0.14
30,Manakondur,SC,1,Balakishan Rasamayi,M,53,SC,BRS,88890,107,88997,51.47
30,Manakondur,SC,2,Arepally Mohan,M,63,SC,INC,57209,279,57488,33.25
30,Manakondur,SC,3,Prabhakar More,M,30,SC,SMFB,13610,0,13610,7.87
30,Manakondur,SC,4,Gaddam Nagaraju,M,43,SC,BJP,4335,21,4356,2.52
30,Manakondur,SC,5,None Of The Above,,,,NOTA,2558,3,2561,1.48
30,Manakondur,SC,6,Nishani Ramachandram,M,35,SC,BSP,1510,10,1520,0.88
30,Manakondur,SC,7,Manjula Yanamala,F,43,SC,DABAP,1045,0,1045,0.6
30,Manakondur,SC,8,Karre Ravinder,M,42,SC,RPI(A),783,0,783,0.45
30,Manakondur,SC,9,Ande Bhanumurthy,M,68,SC,IND,609,0,609,0.35
30,Manakondur,SC,10,Geedi Sadaiah,M,43,SC,BLFP,544,0,544,0.31
30,Manakondur,SC,11,Samanapelli Anthaiah,M,52,SC,SHS,491,0,491,0.28
30,Manakondur,SC,12,Maddela Odelu,M,47,SC,JMBP,346,0,346,0.2
30,Manakondur,SC,13,Jakkanapally Ganesh,M,30,SC,AIFB,298,0,298,0.17
30,Manakondur,SC,14,Dubba Neeraja,F,33,SC,NCP,256,3,259,0.15
31,Huzurabad,GENERAL,1,Eatala Rajendar,M,54,GEN,BRS,104469,371,104840,59.34
31,Huzurabad,GENERAL,2,Kaushik Reddy Padi,M,34,GEN,INC,60604,517,61121,34.6
31,Huzurabad,GENERAL,3,None Of The Above,,,,NOTA,2860,7,2867,1.62
31,Huzurabad,GENERAL,4,Barige Gattaiah Yadav,M,43,GEN,IND,2660,0,2660,1.51
31,Huzurabad,GENERAL,5,Raghu Puppala,M,46,GEN,BJP,1670,13,1683,0.95
31,Huzurabad,GENERAL,6,Chintha Anil Kumar,M,33,GEN,PPOI,1090,0,1090,0.62
31,Huzurabad,GENERAL,7,Marepelli Mogilaiah,M,62,SC,BSP,1015,9,1024,0.58
31,Huzurabad,GENERAL,8,Lingampalli Srinivas Reddy,M,45,GEN,MCPI,417,0,417,0.24
31,Huzurabad,GENERAL,9,Katanguri Buchi Reddy,M,53,GEN,AIFB,379,6,385,0.22
31,Huzurabad,GENERAL,10,Kouru Linga Reddy,M,53,GEN,BLFP,338,0,338,0.19
31,Huzurabad,GENERAL,11,Purella Sravan Kumar,M,32,GEN,ABJS,250,0,250,0.14
32,Husnabad,GENERAL,1,Satish Kumar Voditela,M,52,GEN,BRS,116742,341,117083,62.67
32,Husnabad,GENERAL,2,Chadha Venkat Reddy,M,68,GEN,CPI,46223,330,46553,24.92
32,Husnabad,GENERAL,3,Devasani Thirupathireddy,M,34,GEN,TGIP,4556,0,4556,2.44
32,Husnabad,GENERAL,4,Chada Srinivasa Reddy,M,46,GEN,BJP,4277,32,4309,2.31
32,Husnabad,GENERAL,5,None Of The Above,,,,NOTA,3527,7,3534,1.89
32,Husnabad,GENERAL,6,Nagoju Koteshwara Chari,M,42,GEN,BSP,2379,13,2392,1.28
32,Husnabad,GENERAL,7,Aileni Mallikaarjuna Reddy,M,46,GEN,SHS,1889,18,1907,1.02
32,Husnabad,GENERAL,8,Kaparthi Raghu,M,35,GEN,PPOI,1802,1,1803,0.97
32,Husnabad,GENERAL,9,Chintakindi Singaraiah,M,42,SC,IND,800,0,800,0.43
32,Husnabad,GENERAL,10,Errolla Ramesh,M,38,SC,RPI(A),702,0,702,0.38
32,Husnabad,GENERAL,11,Ponnala Rajender,M,30,GEN,IND,629,1,630,0.34
32,Husnabad,GENERAL,12,Boini Srinivas,M,36,SC,AINSMP,585,0,585,0.31
32,Husnabad,GENERAL,13,Ponnam Sreenivas,M,34,GEN,IND,572,1,573,0.31
32,Husnabad,GENERAL,14,Ganneboina Rajesham,M,55,GEN,IND,566,0,566,0.3
32,Husnabad,GENERAL,15,Kommula Ravinder,M,41,SC,NIP,433,0,433,0.23
32,Husnabad,GENERAL,16,Dumbala Parsharamulu,M,45,GEN,JASWP,393,0,393,0.21
33,Siddipet,GENERAL,1,Thanneeru Harish Rao,M,47,GEN,BRS,130254,1041,131295,78.59
33,Siddipet,GENERAL,2,Bhavani Marikanti,F,40,GEN,TJS,12305,291,12596,7.54
33,Siddipet,GENERAL,3,Naini Narotham Reddy,M,44,GEN,BJP,10983,283,11266,6.74
33,Siddipet,GENERAL,4,Pushpalatha Medoju,F,50,GEN,SHP,3204,2,3206,1.92
33,Siddipet,GENERAL,5,None Of The Above,,,,NOTA,2904,28,2932,1.76
33,Siddipet,GENERAL,6,Burra Srinivaas,M,46,GEN,TGIP,1204,0,1204,0.72
33,Siddipet,GENERAL,7,Alladi Srinivas,M,51,GEN,IND,929,2,931,0.56
33,Siddipet,GENERAL,8,Bhogi Srinivas,M,41,GEN,IND,901,4,905,0.54
33,Siddipet,GENERAL,9,Gyadari Jagadish @ Jagan,M,34,SC,BLFP,790,8,798,0.48
33,Siddipet,GENERAL,10,Peddolla Srinivas,M,52,GEN,BSP,700,18,718,0.43
33,Siddipet,GENERAL,11,Chintala Mallesham,M,44,GEN,IND,492,0,492,0.29
33,Siddipet,GENERAL,12,Daripalli Chandram,M,54,GEN,IND,364,6,370,0.22
33,Siddipet,GENERAL,13,Laxminarayana Donthula,M,63,GEN,IND,338,4,342,0.2
34,Medak,GENERAL,1,Padma Devender Reddy. M,F,50,GEN,BRS,97438,232,97670,57.84
34,Medak,GENERAL,2,Ammareddy Gari Upender Reddy,M,50,GEN,INC,49170,517,49687,29.42
34,Medak,GENERAL,3,Revelli Vinay Sagar,M,26,GEN,SMFB,6947,0,6947,4.11
34,Medak,GENERAL,4,Akula Rajaiah,M,69,GEN,ZNP,6227,94,6321,3.74
34,Medak,GENERAL,5,None Of The Above,,,,NOTA,2260,3,2263,1.34
34,Medak,GENERAL,6,Rudravaram Venugopal,M,41,GEN,IND,1490,0,1490,0.88
34,Medak,GENERAL,7,M. Santhosh Reddy,M,36,GEN,PPOI,1187,1,1188,0.7
34,Medak,GENERAL,8,Beesa Ashok Kumar,M,31,SC,BSP,1043,1,1044,0.62
34,Medak,GENERAL,9,L.Parshiya,M,49,ST,BBKD,953,0,953,0.56
34,Medak,GENERAL,10,Lasmagalla Shekar,M,31,SC,IND,541,0,541,0.32
34,Medak,GENERAL,11,Duda Yadeshwar,M,56,GEN,BLFP,323,1,324,0.19
34,Medak,GENERAL,12,P.Shashidhar Reddy,M,56,GEN,NCP,228,1,229,0.14
34,Medak,GENERAL,13,Gundukadi Karnakar,M,34,SC,IPBP,205,0,205,0.12
35,Narayankhed,GENERAL,1,Maha Reddy Bhupal Reddy,M,58,GEN,BRS,95244,306,95550,55.0
35,Narayankhed,GENERAL,2,Suresh Kumar Shetkar,M,58,GEN,INC,36798,244,37042,21.32
35,Narayankhed,GENERAL,3,Patlolla Sanjeeva Reddy,M,56,GEN,BJP,32754,306,33060,19.03
35,Narayankhed,GENERAL,4,Mudiraj Venkatesham,M,45,GEN,IND,3336,0,3336,1.92
35,Narayankhed,GENERAL,5,None Of The Above,,,,NOTA,1544,9,1553,0.89
35,Narayankhed,GENERAL,6,Prakash Rathod,M,25,ST,BMUP,1197,1,1198,0.69
35,Narayankhed,GENERAL,7,M. Baswa Raj,M,59,GEN,BLFP,557,10,567,0.33
35,Narayankhed,GENERAL,8,Alige Jeevan,M,27,GEN,IND,490,1,491,0.28
35,Narayankhed,GENERAL,9,K.Hanmandlu,M,37,GEN,ABJS,352,0,352,0.2
35,Narayankhed,GENERAL,10,Murali Govind,M,36,GEN,MANP,335,1,336,0.19
35,Narayankhed,GENERAL,11,Saibaba,M,31,GEN,AAAP,247,1,248,0.14
36,Andole,SC,1,Kranthi Kiran Chanti,M,42,SC,BRS,104018,211,104229,52.61
36,Andole,SC,2,C.Damodar Rajanarsimha,M,59,SC,INC,87378,386,87764,44.3
36,Andole,SC,3,Babumohanpally,M,66,SC,BJP,2386,18,2404,1.21
36,Andole,SC,4,None Of The Above,,,,NOTA,1509,1,1510,0.76
36,Andole,SC,5,Madiga. Buchaiah,M,27,SC,BSP,728,1,729,0.37
36,Andole,SC,6,Potharaju Jayalakshimi,F,38,SC,BLFP,549,0,549,0.28
36,Andole,SC,7,Nakka. Surya Kumar,M,27,SC,IND,408,0,408,0.21
36,Andole,SC,8,Appajipally Suresh,M,28,SC,NVSP,281,0,281,0.14
36,Andole,SC,9,Kashapaga Emmaiah,M,38,SC,IND,246,0,246,0.12
37,Narsapur,GENERAL,1,Chilumula Madan Reddy,M,63,GEN,BRS,105483,182,105665,57.54
37,Narsapur,GENERAL,2,Vakiti Sunitha,F,50,GEN,INC,67103,242,67345,36.67
37,Narsapur,GENERAL,3,Singayapalli Gopi,M,40,GEN,BJP,2838,10,2848,1.55
37,Narsapur,GENERAL,4,Somannagari Laxmi,F,51,GEN,BSP,2459,1,2460,1.34
37,Narsapur,GENERAL,5,None Of The Above,,,,NOTA,1666,3,1669,0.91
37,Narsapur,GENERAL,6,Ajjamarri Mallesham,M,45,GEN,CPM,1635,3,1638,0.89
37,Narsapur,GENERAL,7,Naveenn,M,28,SC,IND,1109,3,1112,0.61
37,Narsapur,GENERAL,8,Manne Digamber Mudiraj,M,59,GEN,MANP,897,0,897,0.49
38,Zahirabad,SC,1,Koninty Manik Rao,M,65,SC,BRS,96362,236,96598,51.14
38,Zahirabad,SC,2,Dr. Jetty Geeta,F,73,SC,INC,61770,355,62125,32.89
38,Zahirabad,SC,3,Jangam Gopi,M,48,SC,BJP,19342,112,19454,10.3
38,Zahirabad,SC,4,K.V. Nalin Dutt,M,55,SC,IND,4330,0,4330,2.29
38,Zahirabad,SC,5,None Of The Above,,,,NOTA,1882,2,1884,1.0
38,Zahirabad,SC,6,B. Ramchander,M,41,SC,CPM,1032,4,1036,0.55
38,Zahirabad,SC,7,Praveen,M,33,SC,IND,744,0,744,0.39
38,Zahirabad,SC,8,Ramulu Huggelly,M,29,SC,IND,697,1,698,0.37
38,Zahirabad,SC,9,Maledoddi Padmarao,M,42,SC,BSP,519,2,521,0.28
38,Zahirabad,SC,10,Bantu Purushotham Rao,M,54,SC,NPRP,430,0,430,0.23
38,Zahirabad,SC,11,Chittampally Balraj,M,50,SC,IND,277,0,277,0.15
38,Zahirabad,SC,12,Hari Krishna Manne,M,42,SC,BMUP,231,0,231,0.12
38,Zahirabad,SC,13,Mallesh Gangwar,M,26,SC,SHS,224,1,225,0.12
38,Zahirabad,SC,14,Sajjapur. Ramesh,M,35,SC,JASWP,181,0,181,0.1
38,Zahirabad,SC,15,Erpula Ashok,M,40,SC,IND,165,0,165,0.09
39,Sangareddy,GENERAL,1,Turupu Jayaprakash Reddy,M,52,GEN,INC,75884,688,76572,45.77
39,Sangareddy,GENERAL,2,Chinta Prabhakar,M,59,GEN,BRS,73548,435,73983,44.22
39,Sangareddy,GENERAL,3,Deshpande Rajeshwar Rao,M,50,GEN,BJP,7572,56,7628,4.56
39,Sangareddy,GENERAL,4,Police. Ramchander,M,44,SC,IND,4140,0,4140,2.47
39,Sangareddy,GENERAL,5,None Of The Above,,,,NOTA,1399,3,1402,0.84
39,Sangareddy,GENERAL,6,Beeram Mallesham,M,43,GEN,CPM,1333,7,1340,0.8
39,Sangareddy,GENERAL,7,Bangaru. Krishna,M,32,SC,IND,738,0,738,0.44
39,Sangareddy,GENERAL,8,Shaik Zahoor,M,56,GEN,IND,538,1,539,0.32
39,Sangareddy,GENERAL,9,Thalari Udaya Bhaskar,M,26,SC,IND,256,0,256,0.15
39,Sangareddy,GENERAL,10,Mallaiah Gullanigari,M,63,SC,BSP,225,5,230,0.14
39,Sangareddy,GENERAL,11,Chandra Mohan,M,40,GEN,TECPI,118,0,118,0.07
39,Sangareddy,GENERAL,12,Syed Ghousuddin,M,33,GEN,AAAP,104,1,105,0.06
39,Sangareddy,GENERAL,13,Narayana Dandu,M,57,GEN,BMUP,99,1,100,0.06
39,Sangareddy,GENERAL,14,Md.Toufiq Ahamed,M,31,GEN,AYSRCP,94,0,94,0.06
39,Sangareddy,GENERAL,15,Dodla. Venkat,M,32,GEN,NIP,69,0,69,0.04
40,Patancheru,GENERAL,1,Gudem Mahipal Reddy,M,55,GEN,BRS,116326,148,116474,54.41
40,Patancheru,GENERAL,2,Kata Srinivas Goud,M,38,GEN,INC,78627,148,78775,36.8
40,Patancheru,GENERAL,3,Karunakar Reddy. P,M,56,GEN,BJP,7414,14,7428,3.47
40,Patancheru,GENERAL,4,M Praveen Kumar,M,48,GEN,IND,3439,0,3439,1.61
40,Patancheru,GENERAL,5,Balaiah. M,M,49,SC,BSP,2596,1,2597,1.21
40,Patancheru,GENERAL,6,None Of The Above,,,,NOTA,1483,4,1487,0.69
40,Patancheru,GENERAL,7,Shamshabad Sudarshan Mudiraj,M,46,GEN,IND,956,0,956,0.45
40,Patancheru,GENERAL,8,Royyapalli Srinivas,M,46,GEN,CPM,800,0,800,0.37
40,Patancheru,GENERAL,9,Syed Hameed,M,44,GEN,IND,470,0,470,0.22
40,Patancheru,GENERAL,10,Mettu Sridhar,M,26,GEN,IND,336,0,336,0.16
40,Patancheru,GENERAL,11,S. Satyanarayana,M,41,GEN,IND,260,0,260,0.12
40,Patancheru,GENERAL,12,Bharatesh,M,41,GEN,SUCI,252,0,252,0.12
40,Patancheru,GENERAL,13,Patan Makthum Saheb,M,53,GEN,IND,211,0,211,0.1
40,Patancheru,GENERAL,14,Kallu Narsimlu Goud,M,52,GEN,IND,169,0,169,0.08
40,Patancheru,GENERAL,15,T.D.S. Mani,M,47,GEN,IPBP,155,0,155,0.07
40,Patancheru,GENERAL,16,Kurma Bhoomani Narasimha,M,75,GEN,IND,146,0,146,0.07
40,Patancheru,GENERAL,17,Dubashi Mohan Das,M,31,GEN,NIP,110,0,110,0.05
41,Dubbak,GENERAL,1,Solipeta Ramalinga Reddy,M,57,GEN,BRS,89112,187,89299,54.36
41,Dubbak,GENERAL,2,Maddula Nageshwar Reddy,M,55,GEN,INC,26691,108,26799,16.31
41,Dubbak,GENERAL,3,Madavaneni Raghunandan Rao,M,53,GEN,BJP,22374,221,22595,13.75
41,Dubbak,GENERAL,4,Posanipalli Mahipal Reddy,M,43,GEN,SMFB,12215,0,12215,7.44
41,Dubbak,GENERAL,5,Peddalingannagari Prasad,M,27,SC,IND,3822,0,3822,2.33
41,Dubbak,GENERAL,6,Chindam Rajkumar,M,58,GEN,TJS,2550,4,2554,1.55
41,Dubbak,GENERAL,7,Kishan Rao.D.,M,64,GEN,BSP,961,3,964,0.59
41,Dubbak,GENERAL,8,None Of The Above,,,,NOTA,879,1,880,0.54
41,Dubbak,GENERAL,9,Shyam Sundhar Reddy,M,36,GEN,JMBP,702,0,702,0.43
41,Dubbak,GENERAL,10,Gouti Mallesh,M,38,GEN,JASWP,644,0,644,0.39
41,Dubbak,GENERAL,11,Bonala Vijay Kumar,M,36,GEN,SP,622,0,622,0.38
41,Dubbak,GENERAL,12,Maddula Rajani Reddy,F,51,GEN,IND,490,0,490,0.3
41,Dubbak,GENERAL,13,Goddubarla Bhaskar,M,38,GEN,CPM,472,3,475,0.29
41,Dubbak,GENERAL,14,Sukuri Ashok,M,41,SC,RPI(A),469,0,469,0.29
41,Dubbak,GENERAL,15,Bhujangam Gondhi,M,58,GEN,IND,438,0,438,0.27
41,Dubbak,GENERAL,16,Jakkula Narsimlu,M,50,GEN,IND,418,0,418,0.25
41,Dubbak,GENERAL,17,Rangannagari Krishna Reddy,M,48,GEN,IPBP,347,0,347,0.21
41,Dubbak,GENERAL,18,Anjaneyulu Gundaboina,M,58,GEN,IND,303,1,304,0.19
41,Dubbak,GENERAL,19,Madhava Reddygari Hanumantha Reddy,M,37,GEN,SHS,243,1,244,0.15
42,Gajwel,GENERAL,1,Kalvakuntla Chandrashekar Rao,M,64,GEN,BRS,124964,480,125444,60.45
42,Gajwel,GENERAL,2,Vanteru Pratap Reddy,M,55,GEN,INC,66839,315,67154,32.36
42,Gajwel,GENERAL,3,Kante Sayanna,M,40,GEN,IND,3353,0,3353,1.62
42,Gajwel,GENERAL,4,Bitla Venkateshwerlu,M,51,SC,IND,1636,0,1636,0.79
42,Gajwel,GENERAL,5,None Of The Above,,,,NOTA,1621,3,1624,0.78
42,Gajwel,GENERAL,6,Akula Vijaya,F,45,GEN,BJP,1574,13,1587,0.76
42,Gajwel,GENERAL,7,Yadagiri Peddasaigari,M,32,SC,IND,1350,0,1350,0.65
42,Gajwel,GENERAL,8,Gurrapu Ramulu,M,56,GEN,IND,1229,0,1229,0.59
42,Gajwel,GENERAL,9,Kanakaiah Gajjela,M,55,GEN,BSP,1023,0,1023,0.49
42,Gajwel,GENERAL,10,Jeedipally Srinivas,M,27,SC,NIP,892,0,892,0.43
42,Gajwel,GENERAL,11,Kadium Krupakar,M,40,GEN,IND,877,0,877,0.42
42,Gajwel,GENERAL,12,P.Sathish,M,27,GEN,IND,810,0,810,0.39
42,Gajwel,GENERAL,13,Srinivas Sreeramula,M,48,GEN,BLFP,313,2,315,0.15
42,Gajwel,GENERAL,14,Emampuram Yadagiri Goud,M,40,GEN,IND,226,0,226,0.11
43,Medchal,GENERAL,1,Ch. Malla Reddy,M,65,GEN,BRS,167009,315,167324,54.98
43,Medchal,GENERAL,2,Kicchannagari Laxma Reddy,M,62,GEN,INC,78943,391,79334,26.07
43,Medchal,GENERAL,3,Nakka Prabhakar Goud,M,51,GEN,BSP,25736,93,25829,8.49
43,Medchal,GENERAL,4,Peddi Mohan Reddy,M,64,GEN,BJP,22972,69,23041,7.57
43,Medchal,GENERAL,5,None Of The Above,,,,NOTA,3399,3,3402,1.12
43,Medchal,GENERAL,6,Bairapaka Jesu Dasu Chakaravarti,M,43,GEN,NPRP,978,0,978,0.32
43,Medchal,GENERAL,7,Dharmasanam Bhanu Murthy,M,56,GEN,PRSTP,875,0,875,0.29
43,Medchal,GENERAL,8,Vodela Suresh Babu,M,47,GEN,ILP(AP),601,0,601,0.2
43,Medchal,GENERAL,9,Santosh Veluri,M,41,GEN,SHS,563,0,563,0.18
43,Medchal,GENERAL,10,Gujja Ramesh,M,46,GEN,BLFP,501,1,502,0.16
43,Medchal,GENERAL,11,Dass Mekala,M,62,GEN,NCP,457,1,458,0.15
43,Medchal,GENERAL,12,Neeradi Hymavathi,F,34,GEN,IND,320,0,320,0.11
43,Medchal,GENERAL,13,Chikkadmalla Srinivas,M,27,GEN,NIP,307,0,307,0.1
43,Medchal,GENERAL,14,Kandi Penta Chary,M,42,GEN,IND,280,0,280,0.09
43,Medchal,GENERAL,15,Janapala Prakash Veer,M,62,GEN,BRPPA,277,0,277,0.09
43,Medchal,GENERAL,16,Hamid Ul Hak Chaudari,M,49,GEN,IND,270,0,270,0.09
44,Malkajgiri,GENERAL,1,Hanumanth Rao Mynampally,M,52,GEN,BRS,113917,232,114149,54.49
44,Malkajgiri,GENERAL,2,Ramchander Rao Naraparaju,M,59,GEN,BJP,40345,106,40451,19.31
44,Malkajgiri,GENERAL,3,Kapilavai Dileep Kumar,M,64,GEN,TJS,34070,149,34219,16.33
44,Malkajgiri,GENERAL,4,M.D. Rajendra Kumar,M,54,GEN,SMFB,4651,0,4651,2.22
44,Malkajgiri,GENERAL,5,None Of The Above,,,,NOTA,3385,6,3391,1.62
44,Malkajgiri,GENERAL,6,Ajay Kumar Peddy,M,57,GEN,TKRRP,1723,1,1724,0.82
44,Malkajgiri,GENERAL,7,Jampala Manikyam,M,55,GEN,BSP,1649,5,1654,0.79
44,Malkajgiri,GENERAL,8,Gopu Ramana Reddy,M,55,GEN,IND,884,0,884,0.42
44,Malkajgiri,GENERAL,9,C.L.Yadagiri,M,62,SC,IND,693,1,694,0.33
44,Malkajgiri,GENERAL,10,Nissionkara Sravani,F,31,GEN,PJSP,531,2,533,0.25
44,Malkajgiri,GENERAL,11,Jajula Bhaskar,M,43,SC,SHP,513,0,513,0.24
44,Malkajgiri,GENERAL,12,Rathod Dilip Kumar,M,40,ST,ANC,506,1,507,0.24
44,Malkajgiri,GENERAL,13,Kamala Ayilaiah,M,38,GEN,BLFP,443,0,443,0.21
44,Malkajgiri,GENERAL,14,R Anil Kumar,M,29,GEN,IND,427,0,427,0.2
44,Malkajgiri,GENERAL,15,King William,M,42,GEN,AIFB,423,0,423,0.2
44,Malkajgiri,GENERAL,16,K Kusuma Kumar Reddy,M,45,GEN,IND,358,0,358,0.17
44,Malkajgiri,GENERAL,17,Mekala Nathanial,M,51,GEN,JNVP,285,0,285,0.14
44,Malkajgiri,GENERAL,18,Bobbili Pavani Reddy,F,39,GEN,IND,269,0,269,0.13
44,Malkajgiri,GENERAL,19,S.B.Praveen,M,37,SC,IND,258,0,258,0.12
44,Malkajgiri,GENERAL,20,R Vishnu Vardhan,M,40,GEN,AAAP,237,0,237,0.11
44,Malkajgiri,GENERAL,21,Mamidigalla John Babu,M,50,SC,IND,226,0,226,0.11
44,Malkajgiri,GENERAL,22,R Sujatha,F,42,GEN,IND,217,0,217,0.1
44,Malkajgiri,GENERAL,23,Thangellapalli Shyam Sunder,M,50,GEN,TGPJP,214,1,215,0.1
44,Malkajgiri,GENERAL,24,P Mahesh,M,41,GEN,TECPI,209,0,209,0.1
44,Malkajgiri,GENERAL,25,S Madhu Mohan,M,32,GEN,IND,201,0,201,0.1
44,Malkajgiri,GENERAL,26,B Ravi Kanth,M,45,SC,IND,188,0,188,0.09
44,Malkajgiri,GENERAL,27,Peddi Srinivas,M,27,GEN,SHS,186,0,186,0.09
44,Malkajgiri,GENERAL,28,Maddela Beem Raj,M,41,SC,IND,171,0,171,0.08
44,Malkajgiri,GENERAL,29,Loggari Ramesh,M,41,GEN,BRS,170,0,170,0.08
44,Malkajgiri,GENERAL,30,Pareedula Sreenivas,M,38,GEN,JASWP,152,0,152,0.07
44,Malkajgiri,GENERAL,31,Nagaraj Gottimukkala,M,33,GEN,JMBP,147,0,147,0.07
44,Malkajgiri,GENERAL,32,Rahul Pandit,M,42,GEN,SWABP,140,0,140,0.07
44,Malkajgiri,GENERAL,33,Durga Prasad Mokaddam,M,36,SC,RPI,140,0,140,0.07
44,Malkajgiri,GENERAL,34,Ved Vrath,M,68,SC,IND,137,0,137,0.07
44,Malkajgiri,GENERAL,35,Dr. S L Narayana,M,47,GEN,IND,136,0,136,0.06
44,Malkajgiri,GENERAL,36,Deepak Sakat Wala,M,38,GEN,IND,105,29,134,0.06
44,Malkajgiri,GENERAL,37,T Laxmi Kanth Reddy,M,44,GEN,IND,133,0,133,0.06
44,Malkajgiri,GENERAL,38,Veladi Prem Prakash,M,67,GEN,PPOI,118,1,119,0.06
44,Malkajgiri,GENERAL,39,Vivekanand Eluguri,M,34,GEN,JBJSP,102,0,102,0.05
44,Malkajgiri,GENERAL,40,K V Satish Kumar,M,41,GEN,IND,100,0,100,0.05
44,Malkajgiri,GENERAL,41,A Rambabu,M,57,GEN,IND,87,0,87,0.04
44,Malkajgiri,GENERAL,42,S Ganesh,M,42,GEN,IND,76,0,76,0.04
44,Malkajgiri,GENERAL,43,Gandi Nagesh Goud,M,48,GEN,IND,43,0,43,0.02
45,Quthbullapur,GENERAL,1,K.P Vivekanand,M,41,GEN,BRS,154252,248,154500,53.39
45,Quthbullapur,GENERAL,2,Kuna Srisailam Goud,M,52,GEN,INC,112808,192,113000,39.05
45,Quthbullapur,GENERAL,3,Kasani Veeresh Kasani,M,37,GEN,BJP,9821,12,9833,3.4
45,Quthbullapur,GENERAL,4,Ravipati Loka Vidya Sagar,M,33,GEN,SMFB,3045,0,3045,1.05
45,Quthbullapur,GENERAL,5,None Of The Above,,,,NOTA,2974,2,2976,1.03
45,Quthbullapur,GENERAL,6,Sanjeeva Reddy Korimilla,M,53,GEN,BSP,1078,2,1080,0.37
45,Quthbullapur,GENERAL,7,Donthula Bikshapathi,M,42,SC,IND,727,0,727,0.25
45,Quthbullapur,GENERAL,8,Battula Siddeshwarlu,M,48,GEN,PJSP,695,0,695,0.24
45,Quthbullapur,GENERAL,9,K.Ranga Rao,M,48,GEN,IND,679,0,679,0.23
45,Quthbullapur,GENERAL,10,Bodige Lingaswami,M,34,SC,BLFP,374,1,375,0.13
45,Quthbullapur,GENERAL,11,Kammeta Bhupal,M,38,SC,IND,337,1,338,0.12
45,Quthbullapur,GENERAL,12,M.S.Ramulu,M,62,GEN,IND,337,0,337,0.12
45,Quthbullapur,GENERAL,13,V.Kurumurthi,M,36,SC,IND,295,0,295,0.1
45,Quthbullapur,GENERAL,14,V.Kiran Kumar,M,39,GEN,PPOI,293,0,293,0.1
45,Quthbullapur,GENERAL,15,Ashwin Garishe,M,29,GEN,IND,222,1,223,0.08
45,Quthbullapur,GENERAL,16,K.Rajesh,M,32,GEN,IND,214,0,214,0.07
45,Quthbullapur,GENERAL,17,Nagireddy Dasharadha Raami Reddy,M,64,GEN,ALLJP,203,0,203,0.07
45,Quthbullapur,GENERAL,18,Seshagiri Rao Pasumarthi,M,70,GEN,PRSTP,189,0,189,0.07
45,Quthbullapur,GENERAL,19,Chennam Shetty Jaya Saradhi,M,41,GEN,IND,152,0,152,0.05
45,Quthbullapur,GENERAL,20,M.Santosh Kumar,M,36,GEN,SHS,113,0,113,0.04
45,Quthbullapur,GENERAL,21,Vasantha Raghava Kadiyala,M,35,GEN,IND,101,0,101,0.03
46,Kukatpally,GENERAL,1,Madhavaram Krishna Rao,M,52,GEN,BRS,111484,128,111612,51.78
46,Kukatpally,GENERAL,2,Nandamuri Venkata Suhasini,F,43,GEN,TDP,70471,92,70563,32.74
46,Kukatpally,GENERAL,3,Harish Chandra Reddy Pannala,M,45,GEN,BSP,12750,11,12761,5.92
46,Kukatpally,GENERAL,4,Madhavaram Kantha Rao,M,50,GEN,BJP,11931,12,11943,5.54
46,Kukatpally,GENERAL,5,None Of The Above,,,,NOTA,2134,0,2134,0.99
46,Kukatpally,GENERAL,6,Bhoj Raj Koyalkar,M,44,GEN,SHP,1933,0,1933,0.9
46,Kukatpally,GENERAL,7,Dasari Devanna Goud,M,37,GEN,PPOI,863,0,863,0.4
46,Kukatpally,GENERAL,8,D N Radha Krishna,M,54,GEN,IND,580,0,580,0.27
46,Kukatpally,GENERAL,9,Quadri S H,M,49,GEN,AAAP,482,0,482,0.22
46,Kukatpally,GENERAL,10,Marri Prabhakar Mudiraj,M,46,GEN,IND,421,0,421,0.2
46,Kukatpally,GENERAL,11,Murali Krishna,M,47,SC,AKSJP,358,0,358,0.17
46,Kukatpally,GENERAL,12,Menga Prabhakar,M,32,GEN,IND,312,0,312,0.14
46,Kukatpally,GENERAL,13,Raghumudri Nithin Kingstan,M,25,GEN,IPBP,283,0,283,0.13
46,Kukatpally,GENERAL,14,Ch. Chandra Sekhar,M,38,GEN,IND,254,0,254,0.12
46,Kukatpally,GENERAL,15,Jabbar Khan,M,39,GEN,SP,182,0,182,0.08
46,Kukatpally,GENERAL,16,Rudrapatna Krishna Mohan,M,38,GEN,SHS,175,0,175,0.08
46,Kukatpally,GENERAL,17,Banoth Lingya Naik,M,40,ST,TGPJP,170,0,170,0.08
46,Kukatpally,GENERAL,18,Sankara Narayana Patikani,M,31,GEN,SPS,139,0,139,0.06
46,Kukatpally,GENERAL,19,Mende Sudhakar Yadav,M,44,GEN,IND,135,0,135,0.06
46,Kukatpally,GENERAL,20,Vijay Singh Rajpurohit,M,39,GEN,IND,127,0,127,0.06
46,Kukatpally,GENERAL,21,Phani Kumar Juvva,M,38,GEN,IND,120,0,120,0.06
47,Uppal,GENERAL,1,Bethi Subhas Reddy,M,55,GEN,BRS,117281,161,117442,51.53
47,Uppal,GENERAL,2,Tulla Veerender Goud,M,35,GEN,TDP,69049,225,69274,30.4
47,Uppal,GENERAL,3,N.V.S.S.Prabhakar,M,52,GEN,BJP,26716,82,26798,11.76
47,Uppal,GENERAL,4,None Of The Above,,,,NOTA,2708,4,2712,1.19
47,Uppal,GENERAL,5,V R Srinivas,M,44,SC,IND,1842,0,1842,0.81
47,Uppal,GENERAL,6,Akula Ramesh,M,34,GEN,TKRRP,1453,0,1453,0.64
47,Uppal,GENERAL,7,Yedla Parameshwar,M,40,SC,BSP,1206,5,1211,0.53
47,Uppal,GENERAL,8,Repaka Subash Reddy,M,35,GEN,IND,903,0,903,0.4
47,Uppal,GENERAL,9,B Vijay Kumar,M,27,GEN,NCP,783,1,784,0.34
47,Uppal,GENERAL,10,B Shiva Kumar,M,58,GEN,PPOI,583,0,583,0.26
47,Uppal,GENERAL,11,Badditi Raju,M,33,SC,ICSP,475,0,475,0.21
47,Uppal,GENERAL,12,Erukala Naveen Goud,M,33,GEN,IND,393,1,394,0.17
47,Uppal,GENERAL,13,Raghunandan Reddy Vakiti,M,50,GEN,AIFB,381,0,381,0.17
47,Uppal,GENERAL,14,Bantu Anil,M,28,GEN,FIP,342,1,343,0.15
47,Uppal,GENERAL,15,Varikuppala Krishna,M,51,GEN,BLFP,339,1,340,0.15
47,Uppal,GENERAL,16,B Siva Rama Krishna,M,30,GEN,IND,300,1,301,0.13
47,Uppal,GENERAL,17,Dr.Priyanka Marthineni,F,33,GEN,AAAP,296,1,297,0.13
47,Uppal,GENERAL,18,C.Jagdish Choudhary,M,37,GEN,SHS,290,0,290,0.13
47,Uppal,GENERAL,19,Revu Chinna Dhana Raju,M,27,SC,IND,215,1,216,0.09
47,Uppal,GENERAL,20,K Muthu Vamsha Raj,M,37,GEN,SJP,188,0,188,0.08
47,Uppal,GENERAL,21,Seeloju Shiva Kumar,M,28,GEN,IND,159,0,159,0.07
47,Uppal,GENERAL,22,Kasula Narasimha Goud,M,50,GEN,IND,149,0,149,0.07
47,Uppal,GENERAL,23,Kampally Vijay Kumar,M,29,SC,IND,132,0,132,0.06
47,Uppal,GENERAL,24,Pendem Sashidhar,M,33,GEN,NVSP,119,1,120,0.05
47,Uppal,GENERAL,25,Mahender Kumar Kodimala,M,37,GEN,IND,114,0,114,0.05
47,Uppal,GENERAL,26,Khata Prakash,M,62,SC,AINSMP,114,0,114,0.05
47,Uppal,GENERAL,27,Thungunoori Balaraju,M,39,GEN,NIP,106,0,106,0.05
47,Uppal,GENERAL,28,Gadda Yugandhar,M,38,SC,JMBP,106,0,106,0.05
47,Uppal,GENERAL,29,Mekala Jagdish Raj,M,42,GEN,IND,102,0,102,0.04
47,Uppal,GENERAL,30,Srinadha Krishna,M,49,GEN,BRPPA,97,0,97,0.04
47,Uppal,GENERAL,31,Karri Venkoji Rao,M,61,GEN,IND,89,0,89,0.04
47,Uppal,GENERAL,32,Pitla Maheshwar,M,49,SC,TECPI,87,0,87,0.04
47,Uppal,GENERAL,33,Niranjan Pole,M,41,SC,PJDL,83,0,83,0.04
47,Uppal,GENERAL,34,G N Kranti Kishore,M,28,SC,IND,76,0,76,0.03
47,Uppal,GENERAL,35,Mathai Peruku,M,45,GEN,IND,73,0,73,0.03
47,Uppal,GENERAL,36,Bharatha Sudarshan,M,43,GEN,IND,65,0,65,0.03
48,Ibrahimpatnam,GENERAL,1,Manchireddy Kishan Reddy,M,65,GEN,BRS,72214,367,72581,36.87
48,Ibrahimpatnam,GENERAL,2,Malreddy Ranga Reddy,M,62,GEN,BSP,71727,478,72205,36.68
48,Ibrahimpatnam,GENERAL,3,Sama Ranga Reddy,M,52,GEN,TDP,17952,101,18053,9.17
48,Ibrahimpatnam,GENERAL,4,Ashok Kotha,M,48,GEN,BJP,17023,106,17129,8.7
48,Ibrahimpatnam,GENERAL,5,Pagadala Yadaiah,M,50,GEN,CPM,9029,77,9106,4.63
48,Ibrahimpatnam,GENERAL,6,Batani Kistaiah,M,49,SC,IND,1220,0,1220,0.62
48,Ibrahimpatnam,GENERAL,7,None Of The Above,,,,NOTA,1145,6,1151,0.58
48,Ibrahimpatnam,GENERAL,8,T. Rajeshwari,F,50,GEN,JTMHP,1123,0,1123,0.57
48,Ibrahimpatnam,GENERAL,9,Sapavat Devaram Nayak,M,28,ST,IND,558,1,559,0.28
48,Ibrahimpatnam,GENERAL,10,Tirumal Reddy. S,M,32,GEN,IND,470,0,470,0.24
48,Ibrahimpatnam,GENERAL,11,Samreddy Shiv Kesh Reddy,M,41,GEN,SHS,467,0,467,0.24
48,Ibrahimpatnam,GENERAL,12,Surakanti Vimala Reddy,F,42,GEN,IND,396,0,396,0.2
48,Ibrahimpatnam,GENERAL,13,K. Ravinder Reddy,M,53,GEN,IND,356,0,356,0.18
48,Ibrahimpatnam,GENERAL,14,Bp Ganesh Mudiraj,M,35,GEN,SP,333,1,334,0.17
48,Ibrahimpatnam,GENERAL,15,Ranadhir Reddy Bandaru,M,55,GEN,IND,330,1,331,0.17
48,Ibrahimpatnam,GENERAL,16,Narla Seetha Ramaiah Yadav,M,35,GEN,IND,299,0,299,0.15
48,Ibrahimpatnam,GENERAL,17,Seeka Balraj Goud,M,46,GEN,JASWP,280,0,280,0.14
48,Ibrahimpatnam,GENERAL,18,Kotla Vasu,M,31,GEN,TGPJP,217,0,217,0.11
48,Ibrahimpatnam,GENERAL,19,Gandham Satyanarayana Vamsharaj,M,59,GEN,SJPI,211,0,211,0.11
48,Ibrahimpatnam,GENERAL,20,Bachigalla Saidulu,M,28,SC,NVSP,199,0,199,0.1
48,Ibrahimpatnam,GENERAL,21,Gurram Papireddy,M,43,GEN,ANC,164,0,164,0.08
49,Lal Bahadur Nagar,GENERAL,1,Devi Reddy Sudheer Reddy,M,56,GEN,INC,113379,863,114242,46.66
49,Lal Bahadur Nagar,GENERAL,2,Mudda Gowni Ram Mohan Goud,M,48,GEN,BRS,95937,366,96303,39.33
49,Lal Bahadur Nagar,GENERAL,3,Shekhar Rao Perala,M,57,GEN,BJP,21479,84,21563,8.81
49,Lal Bahadur Nagar,GENERAL,4,Challa Ram Kalyan,M,36,GEN,SMFB,3741,0,3741,1.53
49,Lal Bahadur Nagar,GENERAL,5,None Of The Above,,,,NOTA,3078,7,3085,1.26
49,Lal Bahadur Nagar,GENERAL,6,Dharmender Gundela,M,30,SC,BSP,691,1,692,0.28
49,Lal Bahadur Nagar,GENERAL,7,Bomma Raghu Ram Netha,M,48,GEN,NCP,554,7,561,0.23
49,Lal Bahadur Nagar,GENERAL,8,Pasula Gangadhar Reddy,M,35,GEN,PPOI,546,3,549,0.22
49,Lal Bahadur Nagar,GENERAL,9,Dontha Srinivasulu,M,51,GEN,PJSP,428,0,428,0.17
49,Lal Bahadur Nagar,GENERAL,10,Mamidi Ramchander,M,36,SC,BLFP,409,3,412,0.17
49,Lal Bahadur Nagar,GENERAL,11,Udugu Idaiah,M,35,SC,IND,334,0,334,0.14
49,Lal Bahadur Nagar,GENERAL,12,Narsimha Sangishetty,M,43,GEN,AAAP,272,1,273,0.11
49,Lal Bahadur Nagar,GENERAL,13,Battula Venkatesh Goud,M,50,GEN,JASWP,226,0,226,0.09
49,Lal Bahadur Nagar,GENERAL,14,Justice B.Chandra Kumar,M,65,GEN,TGPJP,221,2,223,0.09
49,Lal Bahadur Nagar,GENERAL,15,Varun Reddy,M,27,GEN,FIP,213,0,213,0.09
49,Lal Bahadur Nagar,GENERAL,16,Gorre Ramesh,M,51,GEN,TELP,174,1,175,0.07
49,Lal Bahadur Nagar,GENERAL,17,Mulleti Lakshmi Jagadeeshwari,F,43,GEN,IND,172,0,172,0.07
49,Lal Bahadur Nagar,GENERAL,18,Prem Gandhi,M,37,GEN,SHS,158,0,158,0.06
49,Lal Bahadur Nagar,GENERAL,19,Akella Kameswari Rama Devi,F,39,GEN,JNVP,156,0,156,0.06
49,Lal Bahadur Nagar,GENERAL,20,Jaya Prakash Dornala,M,36,GEN,NIP,150,0,150,0.06
49,Lal Bahadur Nagar,GENERAL,21,Chepuri Raju,M,39,SC,DABAP,124,0,124,0.05
49,Lal Bahadur Nagar,GENERAL,22,Shyam Sunder Goud Gora,M,49,GEN,TECPI,105,0,105,0.04
49,Lal Bahadur Nagar,GENERAL,23,Jakka Yadagiri,M,31,GEN,SJPI,101,1,102,0.04
49,Lal Bahadur Nagar,GENERAL,24,Venkatesh Pilli,M,32,SC,IND,91,0,91,0.04
49,Lal Bahadur Nagar,GENERAL,25,Dr.K Veera Bhoga Vasantha Rayulu,M,42,GEN,SP,87,0,87,0.04
49,Lal Bahadur Nagar,GENERAL,26,M.Prakurthamma,F,47,GEN,IND,82,0,82,0.03
49,Lal Bahadur Nagar,GENERAL,27,Jagan Mohan Pole,M,54,SC,IND,74,0,74,0.03
49,Lal Bahadur Nagar,GENERAL,28,Anugu Sai Krishna,M,28,GEN,IND,73,0,73,0.03
49,Lal Bahadur Nagar,GENERAL,29,Koule Jagannatham,M,61,GEN,BRPPA,69,0,69,0.03
49,Lal Bahadur Nagar,GENERAL,30,Dhyapa Rambabu Reddy,M,31,GEN,IND,61,0,61,0.02
49,Lal Bahadur Nagar,GENERAL,31,Kaki Praveen Goud,M,28,GEN,IND,60,0,60,0.02
49,Lal Bahadur Nagar,GENERAL,32,K. Srinivasa Chary,M,58,GEN,IND,59,0,59,0.02
49,Lal Bahadur Nagar,GENERAL,33,K.Nagadeva (Deva),M,47,GEN,IND,59,0,59,0.02
49,Lal Bahadur Nagar,GENERAL,34,R. Shanmukha Chary,M,45,GEN,IND,54,0,54,0.02
49,Lal Bahadur Nagar,GENERAL,35,M. Nagesh Kumar Goud,M,48,GEN,IND,43,0,43,0.02
49,Lal Bahadur Nagar,GENERAL,36,Beeram Nagarjuna,M,47,GEN,IND,42,0,42,0.02
50,Maheshwaram,GENERAL,1,Patlolla Sabitha Indra Reddy,F,53,GEN,INC,94967,514,95481,40.76
50,Maheshwaram,GENERAL,2,Teegala Krishna Reddy,M,71,GEN,BRS,86059,195,86254,36.82
50,Maheshwaram,GENERAL,3,Andela Sriramulu,M,42,GEN,BJP,39321,124,39445,16.84
50,Maheshwaram,GENERAL,4,Krishna Reddy,M,41,GEN,SMFB,3457,0,3457,1.48
50,Maheshwaram,GENERAL,5,None Of The Above,,,,NOTA,2164,7,2171,0.93
50,Maheshwaram,GENERAL,6,Shekar Ibram,M,47,SC,BSP,2018,13,2031,0.87
50,Maheshwaram,GENERAL,7,Md. Jaffar,M,31,GEN,IND,1381,0,1381,0.59
50,Maheshwaram,GENERAL,8,Mohammed Meraj Uddin,M,33,GEN,IND,708,0,708,0.3
50,Maheshwaram,GENERAL,9,Srikanth Gunja,M,30,GEN,IND,655,1,656,0.28
50,Maheshwaram,GENERAL,10,Kanktekar Arun Kumar,M,53,GEN,BLFP,546,0,546,0.23
50,Maheshwaram,GENERAL,11,Duduka Srisailam,M,65,GEN,IND,478,1,479,0.2
50,Maheshwaram,GENERAL,12,C. Padma,F,46,GEN,PPOI,440,0,440,0.19
50,Maheshwaram,GENERAL,13,Nakka Sharath Kumar,M,26,SC,IND,416,0,416,0.18
50,Maheshwaram,GENERAL,14,Edukoju Pranay Raj,M,26,GEN,IND,228,0,228,0.1
50,Maheshwaram,GENERAL,15,G. Soujanya Guptha,F,34,GEN,SHS,187,0,187,0.08
50,Maheshwaram,GENERAL,16,Syed Abbas,M,39,GEN,AAAP,142,2,144,0.06
50,Maheshwaram,GENERAL,17,G.Madhusudhan,M,27,GEN,JASWP,124,0,124,0.05
50,Maheshwaram,GENERAL,18,Rupani Lingasvami,M,62,GEN,AIFB,102,0,102,0.04
51,Rajendranagar,GENERAL,1,Tolkanti Prakash Goud,M,58,GEN,BRS,108683,281,108964,43.42
51,Rajendranagar,GENERAL,2,Ganesh Renukuntla,M,46,GEN,TDP,50397,194,50591,20.16
51,Rajendranagar,GENERAL,3,Mirza Rahmat Baig,M,31,GEN,AIMIM,46528,19,46547,18.55
51,Rajendranagar,GENERAL,4,Baddam Bal Reddy,M,73,GEN,BJP,19576,51,19627,7.82
51,Rajendranagar,GENERAL,5,Thokala Srinivas Reddy,M,27,GEN,AIFB,13071,13,13084,5.21
51,Rajendranagar,GENERAL,6,None Of The Above,,,,NOTA,1726,3,1729,0.69
51,Rajendranagar,GENERAL,7,Gangani Mahender,M,39,SC,BSP,1560,2,1562,0.62
51,Rajendranagar,GENERAL,8,Srilatha,F,26,SC,IND,1023,0,1023,0.41
51,Rajendranagar,GENERAL,9,Dr. Aluka Srinivas Rao,M,49,GEN,NCP,890,4,894,0.36
51,Rajendranagar,GENERAL,10,Pustakala Babu Rao,M,34,GEN,IND,788,0,788,0.31
51,Rajendranagar,GENERAL,11,Madapathi Mukesh,M,39,GEN,IND,723,0,723,0.29
51,Rajendranagar,GENERAL,12,Vaddera Mahesh,M,39,GEN,PPOI,717,2,719,0.29
51,Rajendranagar,GENERAL,13,Gudidevini Raghavendra Swamy Goud,M,25,GEN,BLFP,715,0,715,0.28
51,Rajendranagar,GENERAL,14,Peteru Devender,M,54,GEN,IND,543,0,543,0.22
51,Rajendranagar,GENERAL,15,Azeem Mohd.,M,50,GEN,IND,536,1,537,0.21
51,Rajendranagar,GENERAL,16,Sadiq Bin Salam,M,28,GEN,AAAP,420,0,420,0.17
51,Rajendranagar,GENERAL,17,Mohammed Nawaz,M,32,GEN,ANC,330,0,330,0.13
51,Rajendranagar,GENERAL,18,Aeela Narsing Rao,M,48,GEN,SHS,326,0,326,0.13
51,Rajendranagar,GENERAL,19,Bandi Dhanraj,M,34,GEN,IPBP,309,2,311,0.12
51,Rajendranagar,GENERAL,20,G Navaneetha,F,31,SC,IND,253,0,253,0.1
51,Rajendranagar,GENERAL,21,Santhosh U.,M,31,GEN,JBJSP,248,0,248,0.1
51,Rajendranagar,GENERAL,22,Ganesh Kumar Kashamoni,M,27,GEN,IND,214,0,214,0.09
51,Rajendranagar,GENERAL,23,Pediripati Shekar Goud,M,43,GEN,JMBP,182,0,182,0.07
51,Rajendranagar,GENERAL,24,T Venkat Rao,M,30,GEN,IND,172,0,172,0.07
51,Rajendranagar,GENERAL,25,Bodlapati Srinivasa Rao,M,48,GEN,IND,150,0,150,0.06
51,Rajendranagar,GENERAL,26,Mohammed Salahuddin Sohhail,M,41,GEN,IND,143,0,143,0.06
51,Rajendranagar,GENERAL,27,Rama Rao Salgare,M,56,GEN,IND,139,0,139,0.06
52,Serilingampally,GENERAL,1,Arekapudi Gandhi,M,58,GEN,BRS,143005,302,143307,51.22
52,Serilingampally,GENERAL,2,V.Ananda Prasad,M,60,GEN,TDP,98811,201,99012,35.39
52,Serilingampally,GENERAL,3,Gajjala Yoganand,M,59,GEN,BJP,22073,33,22106,7.9
52,Serilingampally,GENERAL,4,None Of The Above,,,,NOTA,3628,9,3637,1.3
52,Serilingampally,GENERAL,5,Beera Srinivasa Rao,M,46,GEN,IND,3195,0,3195,1.14
52,Serilingampally,GENERAL,6,Tandra Kumar,M,49,GEN,BLFP,1562,1,1563,0.56
52,Serilingampally,GENERAL,7,Nakkala Praveen Mudiraj,M,29,GEN,BSP,861,2,863,0.31
52,Serilingampally,GENERAL,8,Julee Bennala,F,33,GEN,IND,635,0,635,0.23
52,Serilingampally,GENERAL,9,K. Basanth Raj,M,38,GEN,IND,569,0,569,0.2
52,Serilingampally,GENERAL,10,Gade Saritha,F,43,GEN,IND,568,0,568,0.2
52,Serilingampally,GENERAL,11,M I. Qureshi,M,38,GEN,AAAP,497,1,498,0.18
52,Serilingampally,GENERAL,12,M. Pradeep Anirudh,M,39,GEN,PPOI,496,1,497,0.18
52,Serilingampally,GENERAL,13,Uppula Ravinder,M,46,GEN,IND,369,0,369,0.13
52,Serilingampally,GENERAL,14,M Gnana Raju,M,43,GEN,IND,349,0,349,0.12
52,Serilingampally,GENERAL,15,Keshawlu Bejugum,M,40,GEN,SHS,212,0,212,0.08
52,Serilingampally,GENERAL,16,Naroj Kalpana,F,43,GEN,DABAP,211,1,212,0.08
52,Serilingampally,GENERAL,17,Mohammed Khaleed,M,41,GEN,AYSRCP,211,1,212,0.08
52,Serilingampally,GENERAL,18,Munagala Samba Siva Prasad,M,49,GEN,IND,211,0,211,0.08
52,Serilingampally,GENERAL,19,Basireddy Bramhananda Reddy,M,50,GEN,IND,196,0,196,0.07
52,Serilingampally,GENERAL,20,Md Saleem Bhai,M,45,GEN,IND,189,1,190,0.07
52,Serilingampally,GENERAL,21,Jaleel Ahmed,M,28,GEN,IPBP,182,0,182,0.07
52,Serilingampally,GENERAL,22,M.Shravan Babu,M,32,SC,IND,180,0,180,0.06
52,Serilingampally,GENERAL,23,Thout Reddy Santhosh Reddy,M,40,GEN,IND,173,0,173,0.06
52,Serilingampally,GENERAL,24,Srinivas Reddy Sankepally,M,28,GEN,IND,164,0,164,0.06
52,Serilingampally,GENERAL,25,S. Shiva Ram Prasad,M,32,GEN,IND,154,0,154,0.06
52,Serilingampally,GENERAL,26,M.S. Nagaraju,M,61,GEN,ANC,151,0,151,0.05
52,Serilingampally,GENERAL,27,Shiva Onguru,M,26,GEN,SP,132,0,132,0.05
52,Serilingampally,GENERAL,28,C.Satish,M,61,GEN,IND,97,0,97,0.03
52,Serilingampally,GENERAL,29,Md. Arif,M,32,GEN,TGPJP,95,0,95,0.03
52,Serilingampally,GENERAL,30,Dandugula Srinivas,M,39,GEN,IND,76,0,76,0.03
53,Chevella,SC,1,Kale Yadaiah,M,56,SC,BRS,98861,307,99168,55.96
53,Chevella,SC,2,K.S Ratnam,M,60,SC,INC,65207,409,65616,37.03
53,Chevella,SC,3,Kanjarla Prakash,M,56,SC,BJP,5442,32,5474,3.09
53,Chevella,SC,4,Karre Suneel Kumar,M,31,SC,BSP,1703,3,1706,0.96
53,Chevella,SC,5,None Of The Above,,,,NOTA,1466,3,1469,0.83
53,Chevella,SC,6,Ravinder Mala,M,43,SC,RPI,1333,1,1334,0.75
53,Chevella,SC,7,Atheli Narsimulu,M,32,SC,JASWP,955,1,956,0.54
53,Chevella,SC,8,G. China Manikyam,M,45,SC,AINSMP,560,0,560,0.32
53,Chevella,SC,9,J Bheemaiah,M,42,SC,IND,492,0,492,0.28
53,Chevella,SC,10,Uppari Srinivas,M,41,SC,BRPPA,422,0,422,0.24
54,PARGI,GENERAL,1,K.Mahesh Reddy,M,45,GEN,BRS,82941,530,83471,47.6
54,PARGI,GENERAL,2,T. Ram Mohan Reddy,M,54,GEN,INC,66541,1090,67631,38.56
54,PARGI,GENERAL,3,K.Mallesham,M,55,GEN,SMFB,8694,0,8694,4.96
54,PARGI,GENERAL,4,K.Prahalad Rao,M,59,GEN,BJP,6580,163,6743,3.84
54,PARGI,GENERAL,5,Amir Aslam Ahmed Khan,M,49,GEN,LSSP,1524,0,1524,0.87
54,PARGI,GENERAL,6,P.Ramanna,M,45,SC,TGIP,1504,2,1506,0.86
54,PARGI,GENERAL,7,None Of The Above,,,,NOTA,1378,3,1381,0.79
54,PARGI,GENERAL,8,B.R.Kiran Kumar Mudiraj,M,42,GEN,BSP,1109,10,1119,0.64
54,PARGI,GENERAL,9,Mukunda Nageshwar,M,39,GEN,IND,862,9,871,0.5
54,PARGI,GENERAL,10,Madaram Venkataiah,M,38,SC,BLFP,725,4,729,0.42
54,PARGI,GENERAL,11,Pathlavath Gattya Naik,M,33,ST,BMUP,662,3,665,0.38
54,PARGI,GENERAL,12,G.Mallesham Goud,M,42,GEN,IND,634,0,634,0.36
54,PARGI,GENERAL,13,Emangari Anjalaiah,M,62,GEN,IND,403,0,403,0.23
55,Vikarabad,SC,1,Dr. Anand Methuku,M,44,SC,BRS,60415,159,60574,39.4
55,Vikarabad,SC,2,Gaddam Prasad Kumar,M,54,SC,INC,56988,593,57581,37.46
55,Vikarabad,SC,3,A. Chandra Sekhar,M,59,SC,AIFB,23997,285,24282,15.8
55,Vikarabad,SC,4,Pendyala Ananthaiah,M,40,SC,SMFB,3247,0,3247,2.11
55,Vikarabad,SC,5,Raipally Sai Krishna,M,64,SC,BJP,1963,25,1988,1.29
55,Vikarabad,SC,6,None Of The Above,,,,NOTA,1527,4,1531,1.0
55,Vikarabad,SC,7,Chittempally Balaiah,M,61,SC,BSP,1416,0,1416,0.92
55,Vikarabad,SC,8,G.Chandra Sheker,M,28,SC,IND,1345,0,1345,0.87
55,Vikarabad,SC,9,C.M. Narsimulu,M,38,SC,BLFP,511,2,513,0.33
55,Vikarabad,SC,10,Dr.Ganga Bhavani Reddy Patlollo,F,27,SC,IND,443,0,443,0.29
55,Vikarabad,SC,11,Yeshwanth Rao.M.,M,59,SC,MANP,286,0,286,0.19
55,Vikarabad,SC,12,Nakkala Rathnam,M,40,SC,NIP,263,0,263,0.17
55,Vikarabad,SC,13,Ganapuram Aruna Rani,F,28,SC,IND,253,0,253,0.16
56,Tandur,GENERAL,1,Rohith Reddy,M,34,GEN,INC,69743,685,70428,45.02
56,Tandur,GENERAL,2,Patnam Mahender Reddy,M,55,GEN,BRS,67358,195,67553,43.18
56,Tandur,GENERAL,3,Patel Ravishanker,M,46,GEN,BJP,10426,122,10548,6.74
56,Tandur,GENERAL,4,P.Mahendar Reddy,M,44,GEN,SMFB,2608,0,2608,1.67
56,Tandur,GENERAL,5,B.Chandra Shekar Mudiraj,M,38,GEN,BSP,1181,1,1182,0.76
56,Tandur,GENERAL,6,None Of The Above,,,,NOTA,784,3,787,0.5
56,Tandur,GENERAL,7,Marri Adithya Reddy,M,46,GEN,IND,651,0,651,0.42
56,Tandur,GENERAL,8,Manya Naik,M,37,ST,IND,639,0,639,0.41
56,Tandur,GENERAL,9,Sri Gopal Chiluka,M,46,SC,IND,632,0,632,0.4
56,Tandur,GENERAL,10,Danam Laxman,M,38,GEN,BRPPA,601,0,601,0.38
56,Tandur,GENERAL,11,A.Srishailam,M,34,GEN,IND,401,0,401,0.26
56,Tandur,GENERAL,12,Varthya Ravi Naik,M,29,ST,BMUP,211,0,211,0.13
56,Tandur,GENERAL,13,Maroju Suneel Kumar,M,51,GEN,BLFP,195,0,195,0.12
57,Musheerabad,GENERAL,1,Muta Gopal,M,65,GEN,BRS,72919,78,72997,50.42
57,Musheerabad,GENERAL,2,Anil Kumar Yadav M,M,36,GEN,INC,36031,56,36087,24.93
57,Musheerabad,GENERAL,3,Dr. K. Laxman,M,62,GEN,BJP,30769,44,30813,21.28
57,Musheerabad,GENERAL,4,None Of The Above,,,,NOTA,1660,4,1664,1.15
57,Musheerabad,GENERAL,5,Poosa Pradeep Kumar,M,35,GEN,BSP,442,0,442,0.31
57,Musheerabad,GENERAL,6,Bathula Saraswati,F,39,GEN,PPOI,294,0,294,0.2
57,Musheerabad,GENERAL,7,Srinivas Mylavarapu,M,43,GEN,TCPY,271,0,271,0.19
57,Musheerabad,GENERAL,8,Kongara Gangadhara Rao,M,54,GEN,IND,243,0,243,0.17
57,Musheerabad,GENERAL,9,B. Ram Mohan Reddy,M,67,GEN,TELYS,203,0,203,0.14
57,Musheerabad,GENERAL,10,Arshia Amera Khatoon,F,50,GEN,ANC,166,0,166,0.11
57,Musheerabad,GENERAL,11,Chandu Betla,M,38,GEN,YP,147,0,147,0.1
57,Musheerabad,GENERAL,12,G. Raj Kumar,M,39,GEN,IPBP,146,0,146,0.1
57,Musheerabad,GENERAL,13,M Padma,F,49,GEN,IND,135,0,135,0.09
57,Musheerabad,GENERAL,14,Dr. P. Vijayender,M,27,GEN,IND,128,0,128,0.09
57,Musheerabad,GENERAL,15,Ananda T,F,50,GEN,RPI(A),124,0,124,0.09
57,Musheerabad,GENERAL,16,Gurram Madhusudhan,M,49,GEN,IND,119,0,119,0.08
57,Musheerabad,GENERAL,17,Koppally Ramesh,M,37,SC,DABAP,102,0,102,0.07
57,Musheerabad,GENERAL,18,Meraj Fathima Banu,F,46,GEN,AYSRCP,100,0,100,0.07
57,Musheerabad,GENERAL,19,Mercy Margaret,F,35,GEN,IND,80,0,80,0.06
57,Musheerabad,GENERAL,20,Mohammed Mahaboob Ali,M,49,GEN,NIP,77,0,77,0.05
57,Musheerabad,GENERAL,21,Karankote Narender,M,56,GEN,AIFB,76,0,76,0.05
57,Musheerabad,GENERAL,22,Praveen Kumar Chethala,M,39,GEN,BRS,76,0,76,0.05
57,Musheerabad,GENERAL,23,Thummala Praful Ram Reddy,M,48,GEN,IND,64,0,64,0.04
57,Musheerabad,GENERAL,24,Gera John Sunder Rao,M,67,GEN,IND,59,0,59,0.04
57,Musheerabad,GENERAL,25,Mohd Ather Nawab,M,38,GEN,JNVP,53,0,53,0.04
57,Musheerabad,GENERAL,26,Tangirla Venkappa Somayajulu,M,53,GEN,IND,53,0,53,0.04
57,Musheerabad,GENERAL,27,Harak Bahadur Chettri,M,62,GEN,HEAP,51,0,51,0.04
58,Malakpet,GENERAL,1,Ahmed Bin Abdullah Balala,M,51,GEN,AIMIM,53243,38,53281,42.86
58,Malakpet,GENERAL,2,Mohammed Muzaffar Ali Khan,M,53,GEN,TDP,29718,51,29769,23.95
58,Malakpet,GENERAL,3,Ale Jeetendra,M,40,GEN,BJP,20833,47,20880,16.8
58,Malakpet,GENERAL,4,C Satish Kumar,M,66,GEN,BRS,17076,27,17103,13.76
58,Malakpet,GENERAL,5,None Of The Above,,,,NOTA,918,2,920,0.74
58,Malakpet,GENERAL,6,Pavan Kumar Sharma,M,38,GEN,ABJS,614,0,614,0.49
58,Malakpet,GENERAL,7,Manik Rao. P,M,46,GEN,IND,221,0,221,0.18
58,Malakpet,GENERAL,8,L. Ashok Nath,M,48,SC,IND,196,0,196,0.16
58,Malakpet,GENERAL,9,J. Ashok,M,46,GEN,IND,155,0,155,0.12
58,Malakpet,GENERAL,10,Hanumanth Rao,M,47,GEN,LSP,146,0,146,0.12
58,Malakpet,GENERAL,11,C. Janardhan,M,38,SC,JD(S),126,0,126,0.1
58,Malakpet,GENERAL,12,P. Sayi Laxmi,F,31,GEN,JTMHP,124,0,124,0.1
58,Malakpet,GENERAL,13,Syed Anwar,M,27,GEN,AYSRCP,118,0,118,0.09
58,Malakpet,GENERAL,14,Podila. Venkata Ramana,M,45,GEN,BLFP,117,0,117,0.09
58,Malakpet,GENERAL,15,Sheemarla Chinna Lingam,M,30,GEN,AAAP,100,0,100,0.08
58,Malakpet,GENERAL,16,Syed Ali Raj Mohammed,M,50,GEN,RJD,89,0,89,0.07
58,Malakpet,GENERAL,17,S. Venkatadri Chary,M,41,GEN,LSSP,84,0,84,0.07
58,Malakpet,GENERAL,18,Algola Ramesh,M,37,GEN,IND,80,0,80,0.06
58,Malakpet,GENERAL,19,Sappidi Gopal,M,26,GEN,IND,80,0,80,0.06
58,Malakpet,GENERAL,20,Sami Ullah Shareef,M,38,GEN,IND,59,0,59,0.05
58,Malakpet,GENERAL,21,Md. Shabbir Ali Khan,M,33,GEN,IND,53,0,53,0.04
59,Amberpet,GENERAL,1,Kaleru Venkatesham,M,58,GEN,BRS,61441,117,61558,45.79
59,Amberpet,GENERAL,2,G.Kishan Reddy,M,58,GEN,BJP,60393,149,60542,45.03
59,Amberpet,GENERAL,3,Nijjana Ramesh,M,33,GEN,TJS,4236,25,4261,3.17
59,Amberpet,GENERAL,4,None Of The Above,,,,NOTA,1456,6,1462,1.09
59,Amberpet,GENERAL,5,Gadapa Sreehari Gangaputra,M,68,GEN,BLFP,1300,2,1302,0.97
59,Amberpet,GENERAL,6,Bathula Ravi,M,48,SC,IND,1052,0,1052,0.78
59,Amberpet,GENERAL,7,Kusuru Rajpal Yadav,M,38,GEN,BSP,601,4,605,0.45
59,Amberpet,GENERAL,8,Ramya,F,26,GEN,JTMHP,541,0,541,0.4
59,Amberpet,GENERAL,9,Kattela Subhash,M,61,GEN,PJSP,454,0,454,0.34
59,Amberpet,GENERAL,10,A. Mujahed,M,33,GEN,IPBP,350,0,350,0.26
59,Amberpet,GENERAL,11,K. Raja Gopal Naidu,M,39,GEN,TGPJP,229,0,229,0.17
59,Amberpet,GENERAL,12,Shyam Rao Meru,M,56,GEN,IND,180,0,180,0.13
59,Amberpet,GENERAL,13,V.K. Upendra,M,31,GEN,PPOI,164,0,164,0.12
59,Amberpet,GENERAL,14,M. Dayanand Swamy,M,60,GEN,AAAP,147,0,147,0.11
59,Amberpet,GENERAL,15,S. Narsimha Reddy,M,55,GEN,IND,146,0,146,0.11
59,Amberpet,GENERAL,16,Imran Mohammed,M,36,GEN,NIP,142,0,142,0.11
59,Amberpet,GENERAL,17,Sai Vinay Singh,M,34,GEN,RPI(A),136,0,136,0.1
59,Amberpet,GENERAL,18,A.Sudarshan Gangaputra,M,47,GEN,SHS,125,0,125,0.09
59,Amberpet,GENERAL,19,K. Naveen,M,25,GEN,TELP,108,0,108,0.08
59,Amberpet,GENERAL,20,Gundrathi Sharada Goud,F,47,GEN,IND,98,0,98,0.07
59,Amberpet,GENERAL,21,Md. Ismail,M,42,GEN,IND,88,0,88,0.07
59,Amberpet,GENERAL,22,Teega Satyanarayana Mudiraj,M,43,GEN,BRPP,85,0,85,0.06
59,Amberpet,GENERAL,23,Aashish Prakash,M,36,GEN,IND,83,0,83,0.06
59,Amberpet,GENERAL,24,Kapisthalam Devanath,M,37,GEN,NVSP,82,0,82,0.06
59,Amberpet,GENERAL,25,Keshapaga Balmukund,M,49,SC,AIFB,81,0,81,0.06
59,Amberpet,GENERAL,26,Chandu Betla,M,38,GEN,YP,80,0,80,0.06
59,Amberpet,GENERAL,27,Varikuppala Sahadev,M,38,GEN,IND,71,0,71,0.05
59,Amberpet,GENERAL,28,Ponnapati Chinna Linganna,M,49,SC,IND,69,0,69,0.05
59,Amberpet,GENERAL,29,Komiri Satyam,M,54,GEN,IND,55,0,55,0.04
59,Amberpet,GENERAL,30,Boie Ramana,M,45,SC,IND,55,0,55,0.04
59,Amberpet,GENERAL,31,Deepak Kumar B,M,39,GEN,PRBP,45,0,45,0.03
59,Amberpet,GENERAL,32,K. Shyam,M,50,SC,IND,43,0,43,0.03
60,Khairatabad,GENERAL,1,Danam Nagender,M,55,GEN,BRS,63019,49,63068,44.56
60,Khairatabad,GENERAL,2,Chintala Rama Chandra Reddy,M,64,GEN,BJP,34623,43,34666,24.5
60,Khairatabad,GENERAL,3,Dasoju Sravan Kumar,M,52,GEN,INC,33505,44,33549,23.71
60,Khairatabad,GENERAL,4,Goverdhan Reddy Manne,M,44,GEN,BSP,4282,5,4287,3.03
60,Khairatabad,GENERAL,5,None Of The Above,,,,NOTA,1370,1,1371,0.97
60,Khairatabad,GENERAL,6,Bandela Kranthi Kumar,M,26,GEN,SMFB,1152,0,1152,0.81
60,Khairatabad,GENERAL,7,Mohd Majid,M,42,GEN,AAAP,458,1,459,0.32
60,Khairatabad,GENERAL,8,Shabad Ramesh,M,46,GEN,IND,384,0,384,0.27
60,Khairatabad,GENERAL,9,E Hemalatha,F,43,GEN,SUCI,354,0,354,0.25
60,Khairatabad,GENERAL,10,K. Yadagiri,M,70,GEN,BLFP,226,0,226,0.16
60,Khairatabad,GENERAL,11,Vaidya Praveen Kumar,M,25,GEN,NCP,180,0,180,0.13
60,Khairatabad,GENERAL,12,Dr. Mohd. Shafi Ur Rahman,M,44,GEN,SP,164,0,164,0.12
60,Khairatabad,GENERAL,13,Syed Habeeb Pasha Quadri,M,40,GEN,LSSP,157,0,157,0.11
60,Khairatabad,GENERAL,14,Mohammed Ayub,M,53,GEN,ABML(S),120,0,120,0.08
60,Khairatabad,GENERAL,15,Syed Mujeeb Raoof,M,42,GEN,MMSP,119,0,119,0.08
60,Khairatabad,GENERAL,16,Kuthati Vijaya,F,40,ST,IND,114,0,114,0.08
60,Khairatabad,GENERAL,17,R.S. Ranjeet Kumar,M,42,GEN,IND,110,0,110,0.08
60,Khairatabad,GENERAL,18,P. Dana Laxmi,F,35,GEN,JTMHP,99,0,99,0.07
60,Khairatabad,GENERAL,19,Syed Akther Hussain,M,63,GEN,IND,98,0,98,0.07
60,Khairatabad,GENERAL,20,K. Naresh Kumar,M,40,GEN,IND,86,0,86,0.06
60,Khairatabad,GENERAL,21,K. Naveen Kumar,M,34,GEN,IND,77,0,77,0.05
60,Khairatabad,GENERAL,22,P. Janaki,F,45,GEN,ANC,75,0,75,0.05
60,Khairatabad,GENERAL,23,Midde Krishna,M,42,SC,IND,74,0,74,0.05
60,Khairatabad,GENERAL,24,Mohd Lateefuddin,M,31,GEN,IND,73,0,73,0.05
60,Khairatabad,GENERAL,25,Paul Satyanadhan David,M,60,GEN,BRS,67,0,67,0.05
60,Khairatabad,GENERAL,26,Gowlikar Amrith Raj,M,29,GEN,NIP,66,0,66,0.05
60,Khairatabad,GENERAL,27,M.A. Amjad,M,29,GEN,SPS,59,0,59,0.04
60,Khairatabad,GENERAL,28,Gajjela Ramesh Kumar,M,48,GEN,IND,52,0,52,0.04
60,Khairatabad,GENERAL,29,M.D. Moiz Ali,M,33,GEN,IND,50,0,50,0.04
60,Khairatabad,GENERAL,30,P. Govind Raj,M,38,GEN,IND,49,0,49,0.03
60,Khairatabad,GENERAL,31,Mohammed Khaja,M,41,GEN,IND,42,0,42,0.03
60,Khairatabad,GENERAL,32,M. Kalyana Rama Krishna,M,54,GEN,NBNP,40,0,40,0.03
60,Khairatabad,GENERAL,33,Mohammed Azizuddin Ahmed,M,43,GEN,IND,34,0,34,0.02
61,Jubilee Hills,GENERAL,1,Maganti Gopinath,M,55,GEN,BRS,68937,42,68979,44.3
61,Jubilee Hills,GENERAL,2,P.Vishnuvardhan Reddy,M,38,GEN,INC,52923,52,52975,34.02
61,Jubilee Hills,GENERAL,3,Naveen Yadav .V,M,34,GEN,IND,18813,4,18817,12.09
61,Jubilee Hills,GENERAL,4,Ravula Sridhar Reddy,M,45,GEN,BJP,8509,8,8517,5.47
61,Jubilee Hills,GENERAL,5,Gonti Sreekanth,M,29,GEN,SPS,1626,0,1626,1.04
61,Jubilee Hills,GENERAL,6,None Of The Above,,,,NOTA,1544,3,1547,0.99
61,Jubilee Hills,GENERAL,7,Mohammed Meraj Khan,M,51,GEN,BSP,477,1,478,0.31
61,Jubilee Hills,GENERAL,8,Anji Babu Yadav Peddala,M,39,GEN,BLFP,421,2,423,0.27
61,Jubilee Hills,GENERAL,9,Syed Mohammed Hussain,M,38,GEN,IND,342,0,342,0.22
61,Jubilee Hills,GENERAL,10,B.Suseel Kumar,M,44,GEN,PJSP,299,0,299,0.19
61,Jubilee Hills,GENERAL,11,Syed Mehraj Ali,M,35,GEN,IND,263,0,263,0.17
61,Jubilee Hills,GENERAL,12,L. K. Surender,M,31,GEN,IND,251,0,251,0.16
61,Jubilee Hills,GENERAL,13,Derangula Ramachandra Rao,M,50,GEN,IND,242,1,243,0.16
61,Jubilee Hills,GENERAL,14,Sampath Kumar Devulapally,M,39,GEN,IND,239,0,239,0.15
61,Jubilee Hills,GENERAL,15,Mohd Mahboob Alam,M,42,GEN,IND,194,0,194,0.12
61,Jubilee Hills,GENERAL,16,Syed Salauddin,M,41,GEN,AAAP,187,0,187,0.12
61,Jubilee Hills,GENERAL,17,Syed Khursheed,M,36,GEN,IND,128,0,128,0.08
61,Jubilee Hills,GENERAL,18,Mohammed Zakiuddin,M,36,GEN,MMSP,126,0,126,0.08
61,Jubilee Hills,GENERAL,19,Shaik Ghouse Pasha,M,35,GEN,NIP,61,0,61,0.04
62,Sanath Nagar,GENERAL,1,Talasani Srinivas Yadav,M,53,GEN,BRS,66439,25,66464,55.52
62,Sanath Nagar,GENERAL,2,Kuna Venkatesh Goud,M,58,GEN,TDP,35790,23,35813,29.91
62,Sanath Nagar,GENERAL,3,Bhawarlal Varma,M,60,GEN,BJP,14242,5,14247,11.9
62,Sanath Nagar,GENERAL,4,None Of The Above,,,,NOTA,1464,0,1464,1.22
62,Sanath Nagar,GENERAL,5,Harika,F,30,GEN,PJSP,384,0,384,0.32
62,Sanath Nagar,GENERAL,6,S.Sanjeeva Chary,M,53,GEN,BSP,264,1,265,0.22
62,Sanath Nagar,GENERAL,7,Devendar Konne,M,37,GEN,IND,200,0,200,0.17
62,Sanath Nagar,GENERAL,8,Patlolla Venkat Reddy,M,52,GEN,PPOI,195,0,195,0.16
62,Sanath Nagar,GENERAL,9,Mohammed Nazeeruddin Quadri,M,43,GEN,ANC,142,0,142,0.12
62,Sanath Nagar,GENERAL,10,A.Srinivas,M,35,GEN,IND,96,0,96,0.08
62,Sanath Nagar,GENERAL,11,Ranjit Kumar Sangishetty,M,30,GEN,SHS,87,0,87,0.07
62,Sanath Nagar,GENERAL,12,Paluvayi Prakasa Rao,M,38,GEN,IND,82,0,82,0.07
62,Sanath Nagar,GENERAL,13,G.Puneel Kiran,M,37,GEN,JASWP,81,0,81,0.07
62,Sanath Nagar,GENERAL,14,Syed Khader,M,49,GEN,MMSP,79,0,79,0.07
62,Sanath Nagar,GENERAL,15,Ashok Kumar Munikuntla,M,68,GEN,BRS,66,0,66,0.06
62,Sanath Nagar,GENERAL,16,Nandipati Vinod Kumar,M,44,GEN,IPBP,57,0,57,0.05
63,Nampalli,GENERAL,1,Jaffar Hussain,M,58,GEN,AIMIM,57891,49,57940,41.99
63,Nampalli,GENERAL,2,Mohammed Feroz Khan,M,46,GEN,INC,48191,74,48265,34.98
63,Nampalli,GENERAL,3,Ch.Anand Kumar Goud,M,56,GEN,BRS,16994,21,17015,12.33
63,Nampalli,GENERAL,4,Devara Karunakar,M,54,GEN,BJP,11612,10,11622,8.42
63,Nampalli,GENERAL,5,None Of The Above,,,,NOTA,792,1,793,0.57
63,Nampalli,GENERAL,6,N.K.M.Laxmi Kumar,M,52,GEN,CPM,400,0,400,0.29
63,Nampalli,GENERAL,7,Mohammad Imran,M,36,GEN,IND,340,0,340,0.25
63,Nampalli,GENERAL,8,Masood Ahmed,M,36,GEN,IND,218,0,218,0.16
63,Nampalli,GENERAL,9,Mohammed Abdul Waseem,M,36,GEN,IND,191,0,191,0.14
63,Nampalli,GENERAL,10,T.Vijay Kumar,M,40,SC,BSP,176,1,177,0.13
63,Nampalli,GENERAL,11,Boppi Ganesh,M,42,SC,PPOI,155,0,155,0.11
63,Nampalli,GENERAL,12,Salman Hafeez,M,27,GEN,AAAP,132,0,132,0.1
63,Nampalli,GENERAL,13,Praveen Kumar. A,M,35,SC,IND,131,0,131,0.09
63,Nampalli,GENERAL,14,Gopal Sai Baba Meesala,M,49,SC,IND,109,0,109,0.08
63,Nampalli,GENERAL,15,A.Shivraj,M,50,SC,RPI,96,1,97,0.07
63,Nampalli,GENERAL,16,Azeem Mohd,M,50,GEN,IND,88,0,88,0.06
63,Nampalli,GENERAL,17,Aundeker Santosh,M,40,GEN,IND,82,0,82,0.06
63,Nampalli,GENERAL,18,Mohd. Yousuf,M,40,GEN,IND,82,0,82,0.06
63,Nampalli,GENERAL,19,Dr. Ahmed Syed,M,45,GEN,RPI(A),70,0,70,0.05
63,Nampalli,GENERAL,20,Mohammad Abdul Khadeer,M,50,GEN,MMSP,65,0,65,0.05
64,Karwan,GENERAL,1,Kausar Mohiuddin,M,54,GEN,AIMIM,87542,44,87586,52.88
64,Karwan,GENERAL,2,Amar Singh,M,64,GEN,BJP,37372,45,37417,22.59
64,Karwan,GENERAL,3,T.Jeevan Singh,M,51,GEN,BRS,24684,15,24699,14.91
64,Karwan,GENERAL,4,Osman Bin Mohammed Al Hajri,M,51,GEN,INC,11210,21,11231,6.78
64,Karwan,GENERAL,5,None Of The Above,,,,NOTA,937,1,938,0.57
64,Karwan,GENERAL,6,Matangi Ramesh Kumar,M,36,SC,IND,722,0,722,0.44
64,Karwan,GENERAL,7,G. Vittal,M,52,GEN,BLFP,466,0,466,0.28
64,Karwan,GENERAL,8,Sayyad Rahimoddin,M,38,GEN,BSP,363,0,363,0.22
64,Karwan,GENERAL,9,Mohammed Irfan,M,29,GEN,AAAP,317,0,317,0.19
64,Karwan,GENERAL,10,Ravi Kumar Purra,M,30,GEN,IND,294,0,294,0.18
64,Karwan,GENERAL,11,Mohammed Laiq,M,48,GEN,MBT,253,0,253,0.15
64,Karwan,GENERAL,12,V. Ramesh,M,38,GEN,SHS,231,0,231,0.14
64,Karwan,GENERAL,13,V. Narsing Rao,M,34,GEN,TGIP,200,0,200,0.12
64,Karwan,GENERAL,14,Geetha Thakur,F,31,GEN,AKSJP,198,0,198,0.12
64,Karwan,GENERAL,15,Dr. Lubna Sarwath,F,52,GEN,SP(I),154,1,155,0.09
64,Karwan,GENERAL,16,Farhath Khatija,F,44,GEN,LSSP,154,0,154,0.09
64,Karwan,GENERAL,17,Masuri Rajesh,M,31,SC,IPBP,139,0,139,0.08
64,Karwan,GENERAL,18,Satu Jangaiah Yadav,M,45,GEN,IND,134,0,134,0.08
64,Karwan,GENERAL,19,Chinni Rakesh,M,34,GEN,NIP,129,0,129,0.08
65,Goshamahal,GENERAL,1,T. Raja Singh,M,41,GEN,BJP,61806,48,61854,45.18
65,Goshamahal,GENERAL,2,Prem Singh Rathore,M,68,GEN,BRS,44092,28,44120,32.23
65,Goshamahal,GENERAL,3,M.Mukesh Goud,M,59,GEN,INC,26288,34,26322,19.23
65,Goshamahal,GENERAL,4,None Of The Above,,,,NOTA,707,2,709,0.52
65,Goshamahal,GENERAL,5,Suresh Hasaji,M,42,GEN,NYP,443,0,443,0.32
65,Goshamahal,GENERAL,6,Ravi Kumar Jain,M,42,GEN,IND,423,0,423,0.31
65,Goshamahal,GENERAL,7,K. Sai Kumar,M,32,SC,BSP,418,2,420,0.31
65,Goshamahal,GENERAL,8,Syed Siddiq Akbar Ali,M,50,GEN,DPI,364,0,364,0.27
65,Goshamahal,GENERAL,9,Rizwan Mohammed Bakarman,M,43,GEN,MBT,268,0,268,0.2
65,Goshamahal,GENERAL,10,Ghan Shyam Das Joshi,M,52,GEN,SP,260,0,260,0.19
65,Goshamahal,GENERAL,11,G.Sambashiva Rao,M,37,GEN,IND,214,0,214,0.16
65,Goshamahal,GENERAL,12,M. Krishna,M,42,GEN,IND,180,0,180,0.13
65,Goshamahal,GENERAL,13,Narendar Singh Thakur,M,47,GEN,IND,145,0,145,0.11
65,Goshamahal,GENERAL,14,M Rajesh,O,32,GEN,BLFP,120,0,120,0.09
65,Goshamahal,GENERAL,15,Mir Mohd Hussain,M,46,GEN,AAAP,112,0,112,0.08
65,Goshamahal,GENERAL,16,Bhajrang Singh,M,28,GEN,AKSJP,109,0,109,0.08
65,Goshamahal,GENERAL,17,Khaja Khan,M,36,GEN,ABML(S),103,0,103,0.08
65,Goshamahal,GENERAL,18,Raju Noukadawale,M,60,GEN,RPI(A),102,0,102,0.07
65,Goshamahal,GENERAL,19,B. Abhimanyu Yadav,M,64,GEN,ANC,99,0,99,0.07
65,Goshamahal,GENERAL,20,Veena Singh,F,37,GEN,IND,91,0,91,0.07
65,Goshamahal,GENERAL,21,M B Chandar,M,62,GEN,SHS,89,0,89,0.07
65,Goshamahal,GENERAL,22,Syed Riyazuddin,M,45,GEN,WPOI,88,0,88,0.06
65,Goshamahal,GENERAL,23,B Yellesh Madiga,M,38,SC,BMUP,83,0,83,0.06
65,Goshamahal,GENERAL,24,B.V.Ramesh Babu,M,57,GEN,IND,76,0,76,0.06
65,Goshamahal,GENERAL,25,Soma Thrinath Rao,M,60,GEN,IND,64,0,64,0.05
65,Goshamahal,GENERAL,26,Milind Raj Singh,M,48,GEN,IND,53,0,53,0.04
66,Charminar,GENERAL,1,Mumtaz Ahmed Khan,M,70,GEN,AIMIM,53786,22,53808,53.36
66,Charminar,GENERAL,2,T Uma Mahendra,M,49,SC,BJP,21207,15,21222,21.04
66,Charminar,GENERAL,3,Mohd Ghouse,M,50,GEN,INC,16889,10,16899,16.76
66,Charminar,GENERAL,4,Mohammed Salahuddin Lodhi,M,55,GEN,BRS,6219,4,6223,6.17
66,Charminar,GENERAL,5,M A Wahab,M,38,GEN,IND,705,0,705,0.7
66,Charminar,GENERAL,6,None Of The Above,,,,NOTA,614,0,614,0.61
66,Charminar,GENERAL,7,Junaid Anam Siddiqui,M,35,GEN,IND,281,0,281,0.28
66,Charminar,GENERAL,8,Sanjay Kumar Shukla,M,39,GEN,IND,210,0,210,0.21
66,Charminar,GENERAL,9,Mir Hasan Ali Razvi,M,34,GEN,IND,170,0,170,0.17
66,Charminar,GENERAL,10,Chitra Saxena,F,32,GEN,BSP,140,0,140,0.14
66,Charminar,GENERAL,11,Shaik Ismail,M,43,GEN,BLFP,138,0,138,0.14
66,Charminar,GENERAL,12,Mohd Sharfuddin,M,41,GEN,AAAP,126,0,126,0.12
66,Charminar,GENERAL,13,Mohd Sohail,M,30,GEN,IND,116,0,116,0.12
66,Charminar,GENERAL,14,Shaik Moin,M,49,GEN,IND,54,0,54,0.05
66,Charminar,GENERAL,15,Sunitha Dhotre,F,37,GEN,LSSP,52,0,52,0.05
66,Charminar,GENERAL,16,G.Chandra Shekar,M,47,GEN,IND,46,0,46,0.05
66,Charminar,GENERAL,17,Prakash Dulgande,M,49,GEN,IND,45,0,45,0.04
67,Chandrayangutta,GENERAL,1,Akbaruddin Owaisi,M,48,GEN,AIMIM,95311,30,95341,67.95
67,Chandrayangutta,GENERAL,2,Shahejadi Sayyad,F,26,GEN,BJP,15048,30,15078,10.75
67,Chandrayangutta,GENERAL,3,M. Seetha Ram Reddy,M,50,GEN,BRS,14223,4,14227,10.14
67,Chandrayangutta,GENERAL,4,Esa Bin Obaid Misri,M,49,GEN,INC,11304,6,11310,8.06
67,Chandrayangutta,GENERAL,5,None Of The Above,,,,NOTA,1009,1,1010,0.72
67,Chandrayangutta,GENERAL,6,Mohammed Abdullah Baig,M,55,GEN,IND,834,0,834,0.59
67,Chandrayangutta,GENERAL,7,Mohd. Haji,M,49,GEN,BLFP,506,0,506,0.36
67,Chandrayangutta,GENERAL,8,Syed Mustafa Mahmood,M,50,GEN,MBT,499,0,499,0.36
67,Chandrayangutta,GENERAL,9,Kanugula Srinivas,M,45,GEN,IND,229,2,231,0.16
67,Chandrayangutta,GENERAL,10,C.Shiva Shanker,M,33,SC,IND,224,0,224,0.16
67,Chandrayangutta,GENERAL,11,Sudharshan Malkan,M,39,SC,SHS,197,0,197,0.14
67,Chandrayangutta,GENERAL,12,Raju Kothuru,M,42,SC,IND,193,0,193,0.14
67,Chandrayangutta,GENERAL,13,Mohammed Hamed Siddiqui,M,33,GEN,IND,187,0,187,0.13
67,Chandrayangutta,GENERAL,14,Amjad Khan,M,41,GEN,IND,180,0,180,0.13
67,Chandrayangutta,GENERAL,15,Md. Ghouse,M,44,GEN,IND,173,0,173,0.12
67,Chandrayangutta,GENERAL,16,Akkinamoni Venkatesh,M,47,GEN,IND,112,0,112,0.08
68,Yakutpura,GENERAL,1,Syed Ahmed Pasha Quadri,M,64,GEN,AIMIM,69566,29,69595,49.07
68,Yakutpura,GENERAL,2,Sama Sunder Reddy,M,40,GEN,BRS,22594,23,22617,15.95
68,Yakutpura,GENERAL,3,Majeed Ullah Khan @ Farhat Khan,M,50,GEN,MBT,21216,6,21222,14.96
68,Yakutpura,GENERAL,4,Ch. Roopraj,M,41,GEN,BJP,16574,34,16608,11.71
68,Yakutpura,GENERAL,5,K. Rajender Raju,M,52,GEN,INC,6437,15,6452,4.55
68,Yakutpura,GENERAL,6,E.Shiva Kumar,M,25,GEN,IND,1560,0,1560,1.1
68,Yakutpura,GENERAL,7,None Of The Above,,,,NOTA,795,4,799,0.56
68,Yakutpura,GENERAL,8,Syed Inayath Ullah,M,37,GEN,BSP,431,1,432,0.3
68,Yakutpura,GENERAL,9,Md. Afsar Khan,M,46,GEN,IND,405,0,405,0.29
68,Yakutpura,GENERAL,10,Jamalpur Mahesh Kumar,M,28,GEN,SHS,323,0,323,0.23
68,Yakutpura,GENERAL,11,A.Pandu Ranga Reddy,M,44,GEN,IND,253,0,253,0.18
68,Yakutpura,GENERAL,12,K. Maheshwar,M,45,GEN,IND,242,0,242,0.17
68,Yakutpura,GENERAL,13,S. Sujatha,F,42,GEN,NCP,230,0,230,0.16
68,Yakutpura,GENERAL,14,Md. Abdul Aziz Khan,M,61,GEN,TMOR,209,0,209,0.15
68,Yakutpura,GENERAL,15,Waseq Raza,M,47,GEN,IND,173,0,173,0.12
68,Yakutpura,GENERAL,16,Syed Haji Pasha,M,34,GEN,MCPI,131,0,131,0.09
68,Yakutpura,GENERAL,17,Md. Osman,M,51,GEN,TELP,121,0,121,0.09
68,Yakutpura,GENERAL,18,Habeeb Osman Bin Jeelani,M,52,GEN,IND,117,0,117,0.08
68,Yakutpura,GENERAL,19,Katta Sudershan,M,39,GEN,IND,99,0,99,0.07
68,Yakutpura,GENERAL,20,M.Abdul Jaleel,M,33,GEN,IND,93,0,93,0.07
68,Yakutpura,GENERAL,21,Nisar Md Khan,M,41,GEN,IND,84,0,84,0.06
68,Yakutpura,GENERAL,22,Laeeq Ahmed Khan,M,60,GEN,IND,74,0,74,0.05
69,Bahadurpura,GENERAL,1,Mohd. Moazam Khan,M,48,GEN,AIMIM,96956,37,96993,74.26
69,Bahadurpura,GENERAL,2,Mir Inayath Ali Baqri,M,48,GEN,BRS,14471,4,14475,11.08
69,Bahadurpura,GENERAL,3,Haneef Ali,M,58,GEN,BJP,7391,4,7395,5.66
69,Bahadurpura,GENERAL,4,Shaik Mohd Kaleemuddin,M,41,GEN,INC,7164,10,7174,5.49
69,Bahadurpura,GENERAL,5,Mohammed Sultanuddin,M,38,GEN,NYP,1976,0,1976,1.51
69,Bahadurpura,GENERAL,6,None Of The Above,,,,NOTA,1209,1,1210,0.93
69,Bahadurpura,GENERAL,7,Mohammed Majeed Ali,M,49,GEN,BLFP,574,0,574,0.44
69,Bahadurpura,GENERAL,8,N. Narsing Rao,M,66,SC,IND,378,0,378,0.29
69,Bahadurpura,GENERAL,9,Shaik Naseem Begum,F,36,GEN,AAAP,282,1,283,0.22
69,Bahadurpura,GENERAL,10,Sayeda Maliha Shereen,F,39,GEN,AYSRCP,146,0,146,0.11
70,secunderabad,GENERAL,1,T.Padma Rao,M,64,GEN,BRS,79224,85,79309,60.18
70,secunderabad,GENERAL,2,Kasani Gnaneshwar Mudhiraj,M,64,GEN,INC,33733,106,33839,25.68
70,secunderabad,GENERAL,3,Bandapelly Satish,M,43,GEN,BJP,11758,23,11781,8.94
70,secunderabad,GENERAL,4,None Of The Above,,,,NOTA,1580,2,1582,1.2
70,secunderabad,GENERAL,5,Pampari Narender,M,40,GEN,RDHP,1072,0,1072,0.81
70,secunderabad,GENERAL,6,Madan Mohan Vemulawada,M,56,GEN,BSP,632,1,633,0.48
70,secunderabad,GENERAL,7,Anil Kumar Kunchala,M,31,GEN,CPM,553,2,555,0.42
70,secunderabad,GENERAL,8,R. Rajani,F,37,GEN,IND,444,0,444,0.34
70,secunderabad,GENERAL,9,Dasari Srinivas,M,51,GEN,IND,260,0,260,0.2
70,secunderabad,GENERAL,10,Kondoju Mohan,M,58,GEN,IND,232,0,232,0.18
70,secunderabad,GENERAL,11,A. David Praveen Kumar,M,42,GEN,ICSP,207,0,207,0.16
70,secunderabad,GENERAL,12,M. Sunitha,F,37,SC,BRPPA,187,0,187,0.14
70,secunderabad,GENERAL,13,N.J. Seetharam,M,51,SC,IND,157,1,158,0.12
70,secunderabad,GENERAL,14,Mohammed Ibrahim Ahmed,M,38,GEN,LSSP,144,0,144,0.11
70,secunderabad,GENERAL,15,Mayabrahma Narasimha,M,54,GEN,IND,138,0,138,0.1
70,secunderabad,GENERAL,16,Jerusalem Mathai,M,45,GEN,IND,129,0,129,0.1
70,secunderabad,GENERAL,17,B. Padma,F,47,SC,IND,127,0,127,0.1
70,secunderabad,GENERAL,18,Shahadat Khan,M,33,GEN,AAAP,107,0,107,0.08
70,secunderabad,GENERAL,19,V. Siva Rama Krishna,M,55,GEN,JBJSP,95,0,95,0.07
70,secunderabad,GENERAL,20,Kante Srinivas Rao (K.S.R),M,48,GEN,ANC,88,0,88,0.07
70,secunderabad,GENERAL,21,S. Sai Yadav,M,29,GEN,IND,85,0,85,0.06
70,secunderabad,GENERAL,22,V. Ratna Wesley,F,65,GEN,IPBP,82,0,82,0.06
70,secunderabad,GENERAL,23,V. G. Sharma,M,33,GEN,IND,78,0,78,0.06
70,secunderabad,GENERAL,24,Mallampati Rajender,M,43,SC,AIFB,76,0,76,0.06
70,secunderabad,GENERAL,25,Kadari Praveena,F,29,SC,NIP,75,0,75,0.06
70,secunderabad,GENERAL,26,S. Yadaiah,M,54,GEN,IND,69,0,69,0.05
70,secunderabad,GENERAL,27,A. Srikanth Mudhiraj,M,39,GEN,IND,65,0,65,0.05
70,secunderabad,GENERAL,28,Mranikrinda Rajagopal,M,59,GEN,IND,62,0,62,0.05
70,secunderabad,GENERAL,29,Yellala Vijaya Kumar,M,40,GEN,RPI(A),61,0,61,0.05
70,secunderabad,GENERAL,30,Shaik Abdul Sayeed,M,67,GEN,IND,39,0,39,0.03
71,Secunderabad Cantt.,SC,1,G. Sayanna,M,67,SC,BRS,65752,45,65797,55.9
71,Secunderabad Cantt.,SC,2,Satyanarayana Sarvey,M,64,SC,INC,28184,50,28234,23.99
71,Secunderabad Cantt.,SC,3,Sriganesh,M,40,SC,BJP,15479,8,15487,13.16
71,Secunderabad Cantt.,SC,4,Nageshwar Rao Gajjela,M,51,SC,IND,2169,1,2170,1.84
71,Secunderabad Cantt.,SC,5,Gaddam Ashok,M,26,SC,SMFB,1745,0,1745,1.48
71,Secunderabad Cantt.,SC,6,None Of The Above,,,,NOTA,1570,1,1571,1.33
71,Secunderabad Cantt.,SC,7,Bommaku Murali,M,45,SC,BSP,439,1,440,0.37
71,Secunderabad Cantt.,SC,8,Konduri Yadagiri,M,45,SC,BLFP,348,0,348,0.3
71,Secunderabad Cantt.,SC,9,M. Jai Ram,M,43,SC,PJSP,287,0,287,0.24
71,Secunderabad Cantt.,SC,10,Pushpanjali Suraram,F,42,SC,IND,261,0,261,0.22
71,Secunderabad Cantt.,SC,11,S. R. Shiva Kumar,M,58,SC,NCP,259,0,259,0.22
71,Secunderabad Cantt.,SC,12,Muppidi Gopal,M,58,SC,IND,207,0,207,0.18
71,Secunderabad Cantt.,SC,13,Parvathi Sirirala,F,61,SC,LSSP,185,0,185,0.16
71,Secunderabad Cantt.,SC,14,Botla Sailu,M,46,SC,AAAP,144,0,144,0.12
71,Secunderabad Cantt.,SC,15,Eillandula Shanker,M,56,SC,IND,126,0,126,0.11
71,Secunderabad Cantt.,SC,16,Gandam Dayamani,F,52,SC,IND,118,0,118,0.1
71,Secunderabad Cantt.,SC,17,B. Kiran Kumar,M,29,SC,IND,102,0,102,0.09
71,Secunderabad Cantt.,SC,18,B. Raju,M,36,SC,IND,88,0,88,0.07
71,Secunderabad Cantt.,SC,19,Mahender Peruka,M,31,SC,JMBP,81,0,81,0.07
71,Secunderabad Cantt.,SC,20,Yechu Sunil,M,31,SC,IND,65,0,65,0.06
72,Kodangal,GENERAL,1,Patnam Narender Reddy,M,48,GEN,BRS,80580,174,80754,48.78
72,Kodangal,GENERAL,2,Anumula Revanth Reddy,M,51,GEN,INC,70909,526,71435,43.15
72,Kodangal,GENERAL,3,Purra Balakishore,M,46,GEN,IND,4171,0,4171,2.52
72,Kodangal,GENERAL,4,Nagurao Namaji,M,60,GEN,BJP,2614,10,2624,1.58
72,Kodangal,GENERAL,5,None Of The Above,,,,NOTA,1471,1,1472,0.89
72,Kodangal,GENERAL,6,K. Nagabhushanam Chary,M,45,GEN,IND,1140,0,1140,0.69
72,Kodangal,GENERAL,7,Malkedi Bansilal,M,41,GEN,BSP,1041,0,1041,0.63
72,Kodangal,GENERAL,8,G. Suresh Kumar,M,34,GEN,IND,694,0,694,0.42
72,Kodangal,GENERAL,9,Dr. Kadire Krishnaiah,M,43,SC,SP,616,4,620,0.37
72,Kodangal,GENERAL,10,Srinivas,M,34,GEN,PPOI,562,1,563,0.34
72,Kodangal,GENERAL,11,Savitramma,F,45,GEN,MANP,283,0,283,0.17
72,Kodangal,GENERAL,12,Rathod Surya Nayak,M,29,ST,BMUP,253,0,253,0.15
72,Kodangal,GENERAL,13,Venkateswarlu Kannoju,M,45,GEN,BLFP,243,1,244,0.15
72,Kodangal,GENERAL,14,Ch. Venkatramulu,M,44,GEN,SHS,139,0,139,0.08
72,Kodangal,GENERAL,15,Lingam Chinna Sayappa,M,42,SC,AINSMP,126,0,126,0.08
73,Narayanpet,GENERAL,1,S.Rajender Reddy,M,54,GEN,BRS,68633,134,68767,42.51
73,Narayanpet,GENERAL,2,K.Shivakumar Reddy,M,54,GEN,BLFP,53307,273,53580,33.12
73,Narayanpet,GENERAL,3,K.Rathanga Pandu Reddy,M,53,GEN,BJP,19969,142,20111,12.43
73,Narayanpet,GENERAL,4,Krishna Saraf Bangaru Balappa,M,70,GEN,INC,6322,22,6344,3.92
73,Narayanpet,GENERAL,5,G.Sanjeeva Reddy,M,31,GEN,TCPY,3989,0,3989,2.47
73,Narayanpet,GENERAL,6,J.Navitha,F,26,GEN,TGIP,3636,0,3636,2.25
73,Narayanpet,GENERAL,7,None Of The Above,,,,NOTA,1944,4,1948,1.2
73,Narayanpet,GENERAL,8,Kista Reddy,M,38,GEN,IND,1011,0,1011,0.63
73,Narayanpet,GENERAL,9,Bodhigela Srinivasulu,M,27,GEN,BSP,881,1,882,0.55
73,Narayanpet,GENERAL,10,K.Raaju,M,48,GEN,AAAP,825,0,825,0.51
73,Narayanpet,GENERAL,11,Patel Ramchandra Reddy,M,36,GEN,IND,661,0,661,0.41
74,Mahbubnagar,GENERAL,1,V. Srinivas Goud,M,49,GEN,BRS,85373,1101,86474,54.16
74,Mahbubnagar,GENERAL,2,M. Chandra Shekar,M,51,GEN,TDP,28047,652,28699,17.97
74,Mahbubnagar,GENERAL,3,Ibrahim Syed,M,48,GEN,BSP,21404,260,21664,13.57
74,Mahbubnagar,GENERAL,4,Marepally Surender Reddy,M,41,GEN,NCP,11446,187,11633,7.29
74,Mahbubnagar,GENERAL,5,G. Padmaja Reddy,F,61,GEN,BJP,5794,151,5945,3.72
74,Mahbubnagar,GENERAL,6,None Of The Above,,,,NOTA,1392,31,1423,0.89
74,Mahbubnagar,GENERAL,7,Mohammed Imtiyaz Ahamad,M,44,GEN,IND,1147,0,1147,0.72
74,Mahbubnagar,GENERAL,8,Babu Chintalapally,M,40,GEN,AAAP,590,2,592,0.37
74,Mahbubnagar,GENERAL,9,Mudavath Ravi Naik,M,34,ST,IND,513,0,513,0.32
74,Mahbubnagar,GENERAL,10,Mohd. Gulam Gouse,M,68,GEN,BLFP,352,12,364,0.23
74,Mahbubnagar,GENERAL,11,T. Venkata Swamy,M,32,SC,IND,314,0,314,0.2
74,Mahbubnagar,GENERAL,12,A. Srishailam Yadav,M,34,GEN,IND,279,1,280,0.18
74,Mahbubnagar,GENERAL,13,V. Mallikarjun,M,32,GEN,IND,234,0,234,0.15
74,Mahbubnagar,GENERAL,14,Jagadeesh Chand,M,34,GEN,IND,198,2,200,0.13
74,Mahbubnagar,GENERAL,15,Satyanarayana,M,37,GEN,SHS,179,0,179,0.11
75,Jadcherla,GENERAL,1,Charlakola Laxma Reddy,M,57,GEN,BRS,94300,298,94598,58.95
75,Jadcherla,GENERAL,2,Dr. Mallu Ravi,M,68,GEN,INC,49196,320,49516,30.85
75,Jadcherla,GENERAL,3,Dr. Chinnala Madhusudhan,M,59,GEN,BJP,3574,27,3601,2.24
75,Jadcherla,GENERAL,4,Narsingrao,M,43,GEN,SMFB,2885,1,2886,1.8
75,Jadcherla,GENERAL,5,Marpadga Ramesh Reddy,M,57,GEN,IND,1893,0,1893,1.18
75,Jadcherla,GENERAL,6,Kongali Shreekant,M,29,SC,BSP,1464,6,1470,0.92
75,Jadcherla,GENERAL,7,Shiva Kumar,M,31,GEN,TGIP,1183,0,1183,0.74
75,Jadcherla,GENERAL,8,None Of The Above,,,,NOTA,1114,3,1117,0.7
75,Jadcherla,GENERAL,9,Anand Ummadi,M,48,SC,IND,941,0,941,0.59
75,Jadcherla,GENERAL,10,Gangapuram Ellaiah,M,68,SC,IND,812,0,812,0.51
75,Jadcherla,GENERAL,11,Katike. Nagulu,M,35,GEN,PJSP,604,0,604,0.38
75,Jadcherla,GENERAL,12,Ajay Kumar Ghosh Dasari,M,58,GEN,BLFP,576,3,579,0.36
75,Jadcherla,GENERAL,13,V. Dasram Naik,M,40,ST,BMUP,565,3,568,0.35
75,Jadcherla,GENERAL,14,K. Raghava Reddy,M,32,GEN,AAAP,317,1,318,0.2
75,Jadcherla,GENERAL,15,Nadiminti Srinivasulu,M,52,GEN,SHS,200,0,200,0.12
75,Jadcherla,GENERAL,16,Kongala Pandu,M,28,GEN,SP,195,1,196,0.12
76,Devarkadra,GENERAL,1,Alla Venkateswar Reddy,M,51,GEN,BRS,95977,153,96130,55.12
76,Devarkadra,GENERAL,2,Pavan Kumar,M,45,GEN,INC,60573,309,60882,34.91
76,Devarkadra,GENERAL,3,A.Venkateshwar Reddy,M,50,GEN,SMFB,5937,0,5937,3.4
76,Devarkadra,GENERAL,4,Aggani Narsimulu,M,48,GEN,BJP,5143,31,5174,2.97
76,Devarkadra,GENERAL,5,None Of The Above,,,,NOTA,2687,2,2689,1.54
76,Devarkadra,GENERAL,6,Rachala Yugander Goud,M,38,GEN,BSP,906,8,914,0.52
76,Devarkadra,GENERAL,7,V.Shiva Reddy,M,38,GEN,IND,553,0,553,0.32
76,Devarkadra,GENERAL,8,Vinodh Kumar,M,32,SC,IND,501,0,501,0.29
76,Devarkadra,GENERAL,9,Duppally Jaya Ramulu,M,63,GEN,BLFP,414,3,417,0.24
76,Devarkadra,GENERAL,10,Addula Aruna,F,25,GEN,IND,367,1,368,0.21
76,Devarkadra,GENERAL,11,S.Kiran Kumar,M,31,GEN,IND,350,0,350,0.2
76,Devarkadra,GENERAL,12,M.B.Balakrishna,M,67,GEN,IND,195,0,195,0.11
76,Devarkadra,GENERAL,13,K.T. Narsimha Reddy,M,32,GEN,IND,177,1,178,0.1
76,Devarkadra,GENERAL,14,D.Janardhan,M,50,GEN,IND,121,1,122,0.07
77,Makthal,GENERAL,1,Chittem Rammohan Reddy,M,55,GEN,BRS,78390,148,78538,47.77
77,Makthal,GENERAL,2,Jalander Reddy,M,54,GEN,IND,30123,124,30247,18.4
77,Makthal,GENERAL,3,K. Dhayyakkaar Reddy,M,65,GEN,TDP,26317,131,26448,16.09
77,Makthal,GENERAL,4,Kondaiah,M,54,GEN,BJP,20020,111,20131,12.24
77,Makthal,GENERAL,5,None Of The Above,,,,NOTA,2096,5,2101,1.28
77,Makthal,GENERAL,6,Kori Mareppa,M,47,SC,BSP,1924,10,1934,1.18
77,Makthal,GENERAL,7,G. Ravi Kumar Yadav,M,44,GEN,IND,1347,1,1348,0.82
77,Makthal,GENERAL,8,G.Venkatram Reddy,M,49,GEN,BLFP,1170,10,1180,0.72
77,Makthal,GENERAL,9,Jutla Srinivasulu,M,40,SC,IND,1111,0,1111,0.68
77,Makthal,GENERAL,10,Sudharshan,M,43,SC,AINSMP,788,1,789,0.48
77,Makthal,GENERAL,11,Ramesh Kumar Bandari,M,36,GEN,SP,575,0,575,0.35
78,Wanaparthy,GENERAL,1,Singireddy Niranjan Reddy,M,60,GEN,BRS,111449,507,111956,60.31
78,Wanaparthy,GENERAL,2,Chinna Reddy Gillela,M,63,GEN,INC,59545,726,60271,32.47
78,Wanaparthy,GENERAL,3,Kotha Amarendar Reddy,M,45,GEN,BJP,3120,48,3168,1.71
78,Wanaparthy,GENERAL,4,Bujala Venkateshwar Reddy,M,51,GEN,IND,2263,3,2266,1.22
78,Wanaparthy,GENERAL,5,Aavula Bahujana Satyam Sagarudu,M,40,GEN,BSP(K),2184,19,2203,1.19
78,Wanaparthy,GENERAL,6,None Of The Above,,,,NOTA,2012,2,2014,1.08
78,Wanaparthy,GENERAL,7,G. Krishnaiah,M,59,GEN,BLFP,1087,4,1091,0.59
78,Wanaparthy,GENERAL,8,S. Raj Kumar,M,34,GEN,IND,715,1,716,0.39
78,Wanaparthy,GENERAL,9,Vishnu Vardhan Reddy,M,47,GEN,IND,529,0,529,0.28
78,Wanaparthy,GENERAL,10,C.R.Muni Swamy,M,43,SC,RPI,519,0,519,0.28
78,Wanaparthy,GENERAL,11,Pola Prashanth Kumar,M,36,GEN,IND,515,0,515,0.28
78,Wanaparthy,GENERAL,12,Babu Goud Akkala,M,59,GEN,SP,392,7,399,0.21
79,Gadwal,GENERAL,1,Bandla Krishna Mohan Reddy,M,52,GEN,BRS,99700,357,100057,52.6
79,Gadwal,GENERAL,2,Aruna D.K,F,58,GEN,INC,71069,543,71612,37.64
79,Gadwal,GENERAL,3,M.D. Abdul Moheed Khan,M,25,GEN,SMFB,7189,0,7189,3.78
79,Gadwal,GENERAL,4,Boya Krishna,M,30,GEN,IND,2103,0,2103,1.11
79,Gadwal,GENERAL,5,G.Venkatadri Reddy,M,62,GEN,BJP,1864,36,1900,1.0
79,Gadwal,GENERAL,6,Veera Prasad,M,43,GEN,BSP,1390,8,1398,0.73
79,Gadwal,GENERAL,7,None Of The Above,,,,NOTA,1315,0,1315,0.69
79,Gadwal,GENERAL,8,Gongalla Ranjith Kumar,M,34,GEN,BLFP,1257,9,1266,0.67
79,Gadwal,GENERAL,9,T.G.Raju Mudhiraj,M,42,GEN,IND,1101,0,1101,0.58
79,Gadwal,GENERAL,10,Abdullah,M,26,GEN,NCP,694,0,694,0.36
79,Gadwal,GENERAL,11,Athikur Rahaman,M,54,GEN,IND,620,0,620,0.33
79,Gadwal,GENERAL,12,Pedda Krishnaiah,M,50,GEN,IND,398,0,398,0.21
79,Gadwal,GENERAL,13,Akepogu Rajesh.A,M,28,GEN,IND,226,0,226,0.12
79,Gadwal,GENERAL,14,Arun Kumar,M,33,GEN,IND,179,0,179,0.09
79,Gadwal,GENERAL,15,Boya Shankar Naidu,M,45,GEN,SHS,176,0,176,0.09
80,Alampur,SC,1,Abraham V.M.,M,72,SC,BRS,101872,233,102105,56.83
80,Alampur,SC,2,S.A.Sampath Kumar,M,46,SC,INC,57076,350,57426,31.96
80,Alampur,SC,3,Harijana Abraham,M,33,SC,SMFB,8803,0,8803,4.9
80,Alampur,SC,4,None Of The Above,,,,NOTA,3490,0,3490,1.94
80,Alampur,SC,5,B.Rajini,F,54,SC,BJP,1949,16,1965,1.09
80,Alampur,SC,6,B.Hussain,M,44,SC,BSP,1062,4,1066,0.59
80,Alampur,SC,7,T.Suresh Maharaj,M,28,SC,IND,983,0,983,0.55
80,Alampur,SC,8,N.Someshwari,F,36,SC,IND,896,0,896,0.5
80,Alampur,SC,9,Prasangi,M,53,SC,PPOI,710,1,711,0.4
80,Alampur,SC,10,K. Jayapal,M,38,SC,IND,517,0,517,0.29
80,Alampur,SC,11,K.Varaprasad Rao,M,53,SC,BLFP,513,1,514,0.29
80,Alampur,SC,12,A.Raghuvardhan,M,28,SC,IND,364,0,364,0.2
80,Alampur,SC,13,D.Laxmanna,M,44,SC,IND,354,0,354,0.2
80,Alampur,SC,14,M. Maddlleti,M,54,SC,IND,250,0,250,0.14
80,Alampur,SC,15,H.Parusha Ramudu,M,29,SC,SHS,237,0,237,0.13
81,Nagarkurnool,GENERAL,1,Marri Janardhan Reddy,M,50,GEN,BRS,102058,435,102493,60.8
81,Nagarkurnool,GENERAL,2,Dr. Janardhan Reddy Nagam,M,70,GEN,INC,47778,361,48139,28.56
81,Nagarkurnool,GENERAL,3,Menno Saimon,M,55,GEN,SMFB,5545,0,5545,3.29
81,Nagarkurnool,GENERAL,4,Dileep Neddanori,M,50,GEN,BJP,3842,81,3923,2.33
81,Nagarkurnool,GENERAL,5,Veljala Galeemma,F,43,GEN,PJSP,2152,1,2153,1.28
81,Nagarkurnool,GENERAL,6,Baakhi Renuka,F,30,SC,BSP,1506,1,1507,0.89
81,Nagarkurnool,GENERAL,7,None Of The Above,,,,NOTA,911,12,923,0.55
81,Nagarkurnool,GENERAL,8,Gaddam Vijay,M,34,SC,IND,774,1,775,0.46
81,Nagarkurnool,GENERAL,9,Kondakindi Jagadeeshwar Reddy,M,43,GEN,IND,641,1,642,0.38
81,Nagarkurnool,GENERAL,10,Bahadhur Srinivas,M,43,SC,BLFP,517,6,523,0.31
81,Nagarkurnool,GENERAL,11,Anuganti Raju,M,31,GEN,NCP,417,14,431,0.26
81,Nagarkurnool,GENERAL,12,B.Sampath Kumar,M,55,GEN,IND,351,0,351,0.21
81,Nagarkurnool,GENERAL,13,Athapu Chandra Swamy,M,35,SC,IND,341,0,341,0.2
81,Nagarkurnool,GENERAL,14,Mogga Anil Kumar,M,25,GEN,IND,300,0,300,0.18
81,Nagarkurnool,GENERAL,15,Beesam Gopal,M,42,SC,IND,275,0,275,0.16
81,Nagarkurnool,GENERAL,16,Dhanala Vengala Rao Naidu,M,55,GEN,SHS,260,0,260,0.15
82,Achampet,SC,1,Guvvala Balaraju,M,41,SC,BRS,87609,232,87841,50.11
82,Achampet,SC,2,Chikkudu Vamshikrishna,M,52,SC,INC,77611,674,78285,44.66
82,Achampet,SC,3,Medipur Malleshwar,M,38,SC,BJP,3170,26,3196,1.82
82,Achampet,SC,4,None Of The Above,,,,NOTA,2400,3,2403,1.37
82,Achampet,SC,5,Srinivasulu Koyyala,M,37,SC,BSP,813,4,817,0.47
82,Achampet,SC,6,Mahesh Palle,M,26,SC,IND,798,0,798,0.46
82,Achampet,SC,7,Boddupally Shekar,M,29,SC,BLFP,722,5,727,0.41
82,Achampet,SC,8,Yelimineti Rajesh,M,26,SC,IND,433,0,433,0.25
82,Achampet,SC,9,Charagonda Krishnamma,F,46,SC,IND,291,0,291,0.17
82,Achampet,SC,10,Gentala Mallaiah,M,53,SC,IND,265,2,267,0.15
82,Achampet,SC,11,Muddamolla Rajamouli,M,32,SC,SP,235,0,235,0.13
83,Kalwakurthy,GENERAL,1,Gurka Jaipal Yadav,M,64,GEN,BRS,62750,142,62892,35.35
83,Kalwakurthy,GENERAL,2,Achary Talloju,M,52,GEN,BJP,59160,285,59445,33.41
83,Kalwakurthy,GENERAL,3,Challa Vamshi Chand Reddy,M,38,GEN,INC,46200,323,46523,26.15
83,Kalwakurthy,GENERAL,4,Gangaram Sai Baba,M,33,SC,BSP,2474,26,2500,1.41
83,Kalwakurthy,GENERAL,5,None Of The Above,,,,NOTA,1356,0,1356,0.76
83,Kalwakurthy,GENERAL,6,Katta Jangaiah,M,26,SC,TGIP,1334,0,1334,0.75
83,Kalwakurthy,GENERAL,7,B. Raju Goud,M,35,GEN,IND,712,0,712,0.4
83,Kalwakurthy,GENERAL,8,Jammula Srikanth,M,31,GEN,NCP,599,0,599,0.34
83,Kalwakurthy,GENERAL,9,Meesaala Lakshmaiah,M,26,SC,IND,558,0,558,0.31
83,Kalwakurthy,GENERAL,10,Derangula Shekar,M,26,GEN,IND,498,0,498,0.28
83,Kalwakurthy,GENERAL,11,Balaswamy Goud Singam,M,54,GEN,BLFP,349,8,357,0.2
83,Kalwakurthy,GENERAL,12,Kethavath Jaipal,M,25,ST,BMUP,345,0,345,0.19
83,Kalwakurthy,GENERAL,13,Arjun Reddy Cheemarla,M,27,GEN,IND,277,0,277,0.16
83,Kalwakurthy,GENERAL,14,Vislavath Harya Nayak,M,53,ST,JNVP,187,0,187,0.11
83,Kalwakurthy,GENERAL,15,Anthireddy Aravinda Reddy,M,40,GEN,SHS,180,0,180,0.1
83,Kalwakurthy,GENERAL,16,V.Amarnath,M,25,SC,IPBP,149,2,151,0.08
84,Shadnagar,GENERAL,1,Anjaiah Yelganamoni,M,63,GEN,BRS,72180,135,72315,43.43
84,Shadnagar,GENERAL,2,Chowlapally Pratap Reddy,M,63,GEN,INC,51624,266,51890,31.16
84,Shadnagar,GENERAL,3,K. Shankar,M,50,GEN,BSP,27750,64,27814,16.7
84,Shadnagar,GENERAL,4,Nelli Sreevardhan Reddy,M,43,GEN,BJP,5128,34,5162,3.1
84,Shadnagar,GENERAL,5,Andhari Anjaiah,M,57,SC,IND,3198,1,3199,1.92
84,Shadnagar,GENERAL,6,Ammy Santhosh Kumar,M,31,GEN,IND,2301,0,2301,1.38
84,Shadnagar,GENERAL,7,None Of The Above,,,,NOTA,1907,2,1909,1.15
84,Shadnagar,GENERAL,8,Kethuru Raghavender,M,28,GEN,IND,726,0,726,0.44
84,Shadnagar,GENERAL,9,Anthapooram Mahendar,M,30,GEN,IND,312,0,312,0.19
84,Shadnagar,GENERAL,10,Andra Anusha Reddy,F,25,GEN,AAAP,297,0,297,0.18
84,Shadnagar,GENERAL,11,Thumma Vijaya Anand Reddy,M,44,GEN,AIFB,231,0,231,0.14
84,Shadnagar,GENERAL,12,Nagaraju Mannaram,M,47,GEN,BLFP,214,4,218,0.13
84,Shadnagar,GENERAL,13,Sangameshwar Dhanakka,M,42,SC,AINSMP,152,1,153,0.09
85,Kollapur,GENERAL,1,Beeram Harshavardhan Reddy,M,40,GEN,INC,79982,635,80617,46.36
85,Kollapur,GENERAL,2,Jupally Krishna Rao,M,63,GEN,BRS,67802,269,68071,39.15
85,Kollapur,GENERAL,3,Aelleni Sudhakar Rao,M,52,GEN,BJP,13114,42,13156,7.57
85,Kollapur,GENERAL,4,Endrakanti Venkatesh,M,40,GEN,IND,3418,1,3419,1.97
85,Kollapur,GENERAL,5,Bingi Sayanna,M,40,GEN,IND,1903,0,1903,1.09
85,Kollapur,GENERAL,6,J.Bhramaiah Chary,M,47,GEN,BLFP,1646,12,1658,0.95
85,Kollapur,GENERAL,7,Chikkepalli Sanjeevulu,M,38,SC,BSP,1515,22,1537,0.88
85,Kollapur,GENERAL,8,None Of The Above,,,,NOTA,1179,3,1182,0.68
85,Kollapur,GENERAL,9,Katta Vamshi Goud,M,26,GEN,IND,844,0,844,0.49
85,Kollapur,GENERAL,10,Barigela Swarooparani Yadav,F,39,GEN,SP,805,2,807,0.46
85,Kollapur,GENERAL,11,Hanmanthu,M,39,SC,IND,436,1,437,0.25
85,Kollapur,GENERAL,12,Muralidhar Gupta,M,51,GEN,TGPJP,256,0,256,0.15
86,Devarakonda,ST,1,Ramavath Ravindra Kumar,M,47,ST,BRS,96188,266,96454,51.97
86,Devarakonda,ST,2,Balu Naik Nenavath,M,46,ST,INC,57301,305,57606,31.04
86,Devarakonda,ST,3,Bheelya Naik Kethavath,M,45,ST,BSP,19290,60,19350,10.43
86,Devarakonda,ST,4,Bhojya Naik Ramavath,M,40,ST,PJSP,3247,0,3247,1.75
86,Devarakonda,ST,5,Gopi @ Kalyan Naik,M,37,ST,BJP,3141,11,3152,1.7
86,Devarakonda,ST,6,None Of The Above,,,,NOTA,1693,2,1695,0.91
86,Devarakonda,ST,7,Sreenu Vadthya,M,33,ST,IND,1190,0,1190,0.64
86,Devarakonda,ST,8,Laxman Nayak Ramavath,M,26,ST,CPM,1083,1,1084,0.58
86,Devarakonda,ST,9,Konreddy Pochaiah,M,52,ST,IND,798,0,798,0.43
86,Devarakonda,ST,10,Katravath Venkatesh,M,30,ST,BMUP,542,0,542,0.29
86,Devarakonda,ST,11,Pandu Ramavath,M,32,ST,IND,466,0,466,0.25
87,Nagarjuna Sagar,GENERAL,1,Nomula Narsimhaiah,M,63,GEN,BRS,83438,305,83743,46.33
87,Nagarjuna Sagar,GENERAL,2,Jana Reddy Kunduru,M,72,GEN,INC,75642,375,76017,42.05
87,Nagarjuna Sagar,GENERAL,3,Vadlapally Ramakrishna Reddy,M,28,GEN,SMFB,9832,0,9832,5.44
87,Nagarjuna Sagar,GENERAL,4,Kankanala Nivedita,F,42,GEN,BJP,2663,19,2682,1.48
87,Nagarjuna Sagar,GENERAL,5,Masna Venugopalu,M,47,GEN,IND,2338,0,2338,1.29
87,Nagarjuna Sagar,GENERAL,6,None Of The Above,,,,NOTA,1328,5,1333,0.74
87,Nagarjuna Sagar,GENERAL,7,Katta Yadaiah Mudiraj,M,38,GEN,BSP,962,3,965,0.53
87,Nagarjuna Sagar,GENERAL,8,Rathan Kumar Gantekampu,M,41,SC,IND,794,0,794,0.44
87,Nagarjuna Sagar,GENERAL,9,Soujanya Ramavath,F,34,ST,BLFP,678,3,681,0.38
87,Nagarjuna Sagar,GENERAL,10,Md. Kutuboddin,M,44,GEN,AAAP,623,2,625,0.35
87,Nagarjuna Sagar,GENERAL,11,Janapati Nagaraju Yadav,M,28,GEN,IND,446,0,446,0.25
87,Nagarjuna Sagar,GENERAL,12,Panugothu Lalsingh,M,28,ST,IND,390,0,390,0.22
87,Nagarjuna Sagar,GENERAL,13,Vankadothu Kota Nayak,M,41,ST,IND,343,0,343,0.19
87,Nagarjuna Sagar,GENERAL,14,Gopala Babu,M,40,SC,TGPJP,343,0,343,0.19
87,Nagarjuna Sagar,GENERAL,15,Jakkula Narsimha,M,53,GEN,IND,232,1,233,0.13
88,Miryalguda,GENERAL,1,Nallamothu Bhaskar Rao,M,65,GEN,BRS,83328,603,83931,46.9
88,Miryalguda,GENERAL,2,R. Krishnaiah,M,64,GEN,INC,52757,522,53279,29.77
88,Miryalguda,GENERAL,3,Dheeravath Skylab Naik,M,38,ST,IND,13631,330,13961,7.8
88,Miryalguda,GENERAL,4,Julakanti Ranga Reddy,M,63,GEN,CPM,11130,91,11221,6.27
88,Miryalguda,GENERAL,5,Pallapu Bikshpathi Rao,M,64,GEN,IND,4758,0,4758,2.66
88,Miryalguda,GENERAL,6,Karnati Prabhakar,M,64,GEN,BJP,2469,33,2502,1.4
88,Miryalguda,GENERAL,7,Jilla Ravi,M,29,SC,IND,1183,0,1183,0.66
88,Miryalguda,GENERAL,8,None Of The Above,,,,NOTA,1162,9,1171,0.65
88,Miryalguda,GENERAL,9,Chinthala Aravindha Reddy,M,35,GEN,PPOI,846,3,849,0.47
88,Miryalguda,GENERAL,10,Raju Jadi,M,64,SC,BSP,803,9,812,0.45
88,Miryalguda,GENERAL,11,Kampasati Venkanna,M,48,GEN,IND,745,0,745,0.42
88,Miryalguda,GENERAL,12,K. Sridhar Guptha,M,41,GEN,IND,532,0,532,0.3
88,Miryalguda,GENERAL,13,Kodavath Naga Naik,M,39,ST,IND,436,0,436,0.24
88,Miryalguda,GENERAL,14,Dhanavath Lalu Naik,M,41,ST,IND,380,0,380,0.21
88,Miryalguda,GENERAL,15,Syed Farooq,M,36,GEN,IND,366,0,366,0.2
88,Miryalguda,GENERAL,16,Karantothu Mangtha,M,45,ST,IND,334,0,334,0.19
88,Miryalguda,GENERAL,17,Nagendar Bhokray,M,71,GEN,IND,289,0,289,0.16
88,Miryalguda,GENERAL,18,Janaiah Nandipati,M,43,SC,IND,241,0,241,0.13
88,Miryalguda,GENERAL,19,Konugantti Raghavarani,F,35,GEN,JASWP,235,0,235,0.13
88,Miryalguda,GENERAL,20,Balakrishna Rao,M,34,GEN,SHS,199,0,199,0.11
88,Miryalguda,GENERAL,21,Neelakantam,M,37,ST,BMUP,195,0,195,0.11
88,Miryalguda,GENERAL,22,Kodirekka Ilayaraja,M,29,SC,IND,186,0,186,0.1
88,Miryalguda,GENERAL,23,Bolusani Krishnaiah,M,54,GEN,IND,181,0,181,0.1
88,Miryalguda,GENERAL,24,Sunku Srinivas,M,45,GEN,IND,180,0,180,0.1
88,Miryalguda,GENERAL,25,Garikapati Radhakrishna,M,52,GEN,NPT,165,0,165,0.09
88,Miryalguda,GENERAL,26,Ade Yadagiri,M,43,GEN,IND,158,0,158,0.09
88,Miryalguda,GENERAL,27,Md. Farooq,M,33,GEN,AAAP,143,0,143,0.08
88,Miryalguda,GENERAL,28,Raju Ramdeni,M,53,GEN,IND,126,0,126,0.07
88,Miryalguda,GENERAL,29,Sarikonda Rushikeshwar Raju,M,35,GEN,IND,107,0,107,0.06
88,Miryalguda,GENERAL,30,M.V.R. Reddy,M,57,GEN,IND,95,0,95,0.05
89,Huzurnagar,GENERAL,1,Uttam Kumar Reddy Nalamada,M,54,GEN,INC,92321,675,92996,47.82
89,Huzurnagar,GENERAL,2,Shanampudi Saidireddy,M,44,GEN,BRS,85198,332,85530,43.98
89,Huzurnagar,GENERAL,3,Raghumareddy Mekala,M,34,GEN,IND,4944,0,4944,2.54
89,Huzurnagar,GENERAL,4,Parepally Sekhar Rao,M,52,GEN,CPM,2102,19,2121,1.09
89,Huzurnagar,GENERAL,5,None Of The Above,,,,NOTA,1618,3,1621,0.83
89,Huzurnagar,GENERAL,6,Bobba Bhagya Reddy,M,40,GEN,BJP,1546,9,1555,0.8
89,Huzurnagar,GENERAL,7,Ramesh Sunkara,M,63,GEN,IND,1454,0,1454,0.75
89,Huzurnagar,GENERAL,8,Dasari Srinivasarao,M,45,GEN,BSP,1018,0,1018,0.52
89,Huzurnagar,GENERAL,9,Kalvakuntla Ramaiah,M,61,GEN,IND,736,0,736,0.38
89,Huzurnagar,GENERAL,10,Balu Gugulothu,M,31,ST,IND,727,0,727,0.37
89,Huzurnagar,GENERAL,11,Medari Veeraiah,M,66,SC,IND,420,0,420,0.22
89,Huzurnagar,GENERAL,12,Deshagani Sambashiva Goud,M,40,GEN,TGPJP,412,1,413,0.21
89,Huzurnagar,GENERAL,13,B. Padma,F,45,ST,IND,259,1,260,0.13
89,Huzurnagar,GENERAL,14,Mudem Kotireddy,M,44,GEN,IND,210,0,210,0.11
89,Huzurnagar,GENERAL,15,Bandaru Nagaraju,M,27,SC,IND,170,0,170,0.09
89,Huzurnagar,GENERAL,16,Samula Siva Reddy,M,69,GEN,AIFB,155,0,155,0.08
89,Huzurnagar,GENERAL,17,Malothu Govind Naik,M,33,ST,AAAP,135,0,135,0.07
90,Kodad,GENERAL,1,Bollam Mallaiah Yadav,M,55,GEN,BRS,88465,650,89115,45.96
90,Kodad,GENERAL,2,Padmavathi Reddy Nalamada,F,50,GEN,INC,87367,992,88359,45.57
90,Kodad,GENERAL,3,Anji Yadav,M,33,GEN,IND,5240,0,5240,2.7
90,Kodad,GENERAL,4,Burri Sriramulu,M,51,GEN,CPM,3365,16,3381,1.74
90,Kodad,GENERAL,5,Kunduru Devender Reddy,M,39,GEN,TGIP,1508,0,1508,0.78
90,Kodad,GENERAL,6,Jallepalli Enkateshwarlu,M,49,GEN,BJP,1480,5,1485,0.77
90,Kodad,GENERAL,7,None Of The Above,,,,NOTA,1216,24,1240,0.64
90,Kodad,GENERAL,8,Velangi Raju Orsu,M,35,GEN,BSP,740,1,741,0.38
90,Kodad,GENERAL,9,Panditi Kranthi Kumar,M,28,SC,IND,610,0,610,0.31
90,Kodad,GENERAL,10,Shaik Mastan Saheb,M,43,GEN,IND,530,0,530,0.27
90,Kodad,GENERAL,11,Gidde Rajesh,M,50,SC,IND,505,1,506,0.26
90,Kodad,GENERAL,12,Pandi Pedda Tirupathaiah,M,44,SC,IND,327,0,327,0.17
90,Kodad,GENERAL,13,Ambedkar Dunna,M,39,SC,JASWP,284,3,287,0.15
90,Kodad,GENERAL,14,Paryavaranam Kollu Lakshminarayana,M,44,GEN,IND,265,0,265,0.14
90,Kodad,GENERAL,15,Daida Lingaiah,M,60,GEN,IND,171,0,171,0.09
90,Kodad,GENERAL,16,Gangireddy Kotireddy,M,33,GEN,IND,123,0,123,0.06
91,Suryapet,GENERAL,1,Guntakandla Jagadish Reddy,M,53,GEN,BRS,67950,700,68650,37.34
91,Suryapet,GENERAL,2,Damodar Reddy Ram Reddy,M,66,GEN,INC,62074,609,62683,34.1
91,Suryapet,GENERAL,3,Sankineni Venkateswar Rao,M,55,GEN,BJP,38456,784,39240,21.35
91,Suryapet,GENERAL,4,Dongari Venu,M,26,GEN,IND,4871,0,4871,2.65
91,Suryapet,GENERAL,5,Perumalla Venkanna,M,48,SC,IND,1875,0,1875,1.02
91,Suryapet,GENERAL,6,None Of The Above,,,,NOTA,815,5,820,0.45
91,Suryapet,GENERAL,7,Raparthi Srinivas Goud,M,38,GEN,BLFP,679,1,680,0.37
91,Suryapet,GENERAL,8,Tagulla Janardhan,M,28,GEN,IND,625,0,625,0.34
91,Suryapet,GENERAL,9,Bolka Venkanna,M,29,GEN,BSP,523,1,524,0.29
91,Suryapet,GENERAL,10,Benjarapu Bikshapathi,M,39,GEN,IND,424,0,424,0.23
91,Suryapet,GENERAL,11,Marri Nehemiah,M,63,GEN,IND,380,0,380,0.21
91,Suryapet,GENERAL,12,Ibrahim Shaik,M,48,GEN,IND,362,0,362,0.2
91,Suryapet,GENERAL,13,Sunkari Lithesh,M,29,GEN,IND,319,0,319,0.17
91,Suryapet,GENERAL,14,Ramji Vankudoth,M,36,ST,NCP,295,0,295,0.16
91,Suryapet,GENERAL,15,Kiran Vangapalli,M,33,SC,RPSN,261,0,261,0.14
91,Suryapet,GENERAL,16,Sama Venkat Reddy,M,38,GEN,IND,235,0,235,0.13
91,Suryapet,GENERAL,17,Puligilla Veeramallu,M,33,GEN,SP,229,5,234,0.13
91,Suryapet,GENERAL,18,Muppani Linga Reddy,M,50,GEN,IND,228,0,228,0.12
91,Suryapet,GENERAL,19,Saidamma Yerranagula,F,27,ST,JASWP,221,0,221,0.12
91,Suryapet,GENERAL,20,Akkenapalli Eshwar,M,27,GEN,IND,196,0,196,0.11
91,Suryapet,GENERAL,21,Saidulu Devath,M,39,ST,IND,190,0,190,0.1
91,Suryapet,GENERAL,22,Lingidi Venkateswarlu,M,61,GEN,AAAP,139,0,139,0.08
91,Suryapet,GENERAL,23,Thalari Satheesh,M,32,SC,BRPPA,113,0,113,0.06
91,Suryapet,GENERAL,24,Maram Venkat Reddy,M,47,GEN,IND,103,0,103,0.06
91,Suryapet,GENERAL,25,Palvai Vanaja,F,31,GEN,IPBP,84,0,84,0.05
91,Suryapet,GENERAL,26,Ramesh Palleti,M,34,SC,IND,80,0,80,0.04
92,Nalgonda,GENERAL,1,Kancharla Bhupal Reddy,M,45,GEN,BRS,97734,1058,98792,53.22
92,Nalgonda,GENERAL,2,Komati Reddy Venkat Reddy,M,55,GEN,INC,72992,2102,75094,40.46
92,Nalgonda,GENERAL,3,Polishetty Venkateshwarlu,M,53,GEN,IND,2932,0,2932,1.58
92,Nalgonda,GENERAL,4,Sriramoju Shanmukha Chary,M,65,GEN,BJP,1891,25,1916,1.03
92,Nalgonda,GENERAL,5,Mohammad Majeed,M,33,GEN,IND,1686,0,1686,0.91
92,Nalgonda,GENERAL,6,None Of The Above,,,,NOTA,1264,12,1276,0.69
92,Nalgonda,GENERAL,7,Akkenepally Meenaiah,M,63,GEN,BLFP,1118,28,1146,0.62
92,Nalgonda,GENERAL,8,Rupani Saidulu,M,52,GEN,IND,856,0,856,0.46
92,Nalgonda,GENERAL,9,Shashidhar Reddy Gantla,M,31,GEN,IND,559,0,559,0.3
92,Nalgonda,GENERAL,10,Bolla Venkata Mudiraj (Bvm),M,42,GEN,IND,344,1,345,0.19
92,Nalgonda,GENERAL,11,Kodimala Shivakumar,M,39,GEN,PPOI,202,2,204,0.11
92,Nalgonda,GENERAL,12,S.K.Ebrahim,M,40,GEN,IND,177,0,177,0.1
92,Nalgonda,GENERAL,13,Cholleti Prabhakar,M,62,GEN,IND,171,0,171,0.09
92,Nalgonda,GENERAL,14,Parveen,F,77,GEN,IND,145,0,145,0.08
92,Nalgonda,GENERAL,15,Kattela Shivakumar,M,27,SC,TGPJP,113,1,114,0.06
92,Nalgonda,GENERAL,16,Kadium Krupakar,M,40,GEN,IND,87,0,87,0.05
92,Nalgonda,GENERAL,17,Gulam Subhani,M,38,GEN,IND,61,0,61,0.03
92,Nalgonda,GENERAL,18,Konda Ganesh,M,30,GEN,IND,56,1,57,0.03
93,Munugode,GENERAL,1,Komatireddy Rajgopal Reddy,M,51,GEN,INC,96961,278,97239,48.9
93,Munugode,GENERAL,2,Koosukuntla Prabhakar Reddy,M,58,GEN,BRS,74604,83,74687,37.56
93,Munugode,GENERAL,3,Gangidi Manohar Reddy,M,49,GEN,BJP,12704,21,12725,6.4
93,Munugode,GENERAL,4,Manga Venkatesh Kuruma,M,35,GEN,IND,3569,0,3569,1.79
93,Munugode,GENERAL,5,None Of The Above,,,,NOTA,3085,1,3086,1.55
93,Munugode,GENERAL,6,Chiluveru Nagaraju,M,35,GEN,SMFB,2279,0,2279,1.15
93,Munugode,GENERAL,7,Goshika Karunakar,M,39,GEN,BLFP,2077,3,2080,1.05
93,Munugode,GENERAL,8,Malga Yadaiah,M,49,GEN,BSP,734,4,738,0.37
93,Munugode,GENERAL,9,Kambampati Satyanarayana,M,30,GEN,TGIP,688,0,688,0.35
93,Munugode,GENERAL,10,Bheemagani Maheshwar Goud,M,39,GEN,IND,457,0,457,0.23
93,Munugode,GENERAL,11,Palvai Sravan Reddy,M,47,GEN,IND,325,0,325,0.16
93,Munugode,GENERAL,12,Manchukonda Nagaraju,M,38,GEN,PPOI,225,1,226,0.11
93,Munugode,GENERAL,13,Udari Mallesh,M,32,SC,IND,220,0,220,0.11
93,Munugode,GENERAL,14,Bongu Venkatesh Goud,M,39,GEN,SJPI,204,0,204,0.1
93,Munugode,GENERAL,15,Nakka Yadishwar,M,34,SC,IND,179,0,179,0.09
93,Munugode,GENERAL,16,Eeda Bhaskar,M,41,SC,IND,141,0,141,0.07
94,Bhongir,GENERAL,1,Pailla Shekar Reddy,M,50,GEN,BRS,85301,175,85476,49.34
94,Bhongir,GENERAL,2,Anil Kumar Reddy Kumbam,M,57,GEN,INC,61200,213,61413,35.45
94,Bhongir,GENERAL,3,Jitta Balakrishna Reddy,M,45,GEN,YTP,13394,33,13427,7.75
94,Bhongir,GENERAL,4,Pochampally Ramana Rao,M,48,GEN,SMFB,3613,0,3613,2.09
94,Bhongir,GENERAL,5,Kalluri Mallesham Yadav,M,36,GEN,CPM,1849,7,1856,1.07
94,Bhongir,GENERAL,6,Alakuntla Yellaiah,M,52,GEN,IND,1758,0,1758,1.01
94,Bhongir,GENERAL,7,None Of The Above,,,,NOTA,1345,2,1347,0.78
94,Bhongir,GENERAL,8,Devarakonda Hanumanthu,M,38,GEN,IND,1305,0,1305,0.75
94,Bhongir,GENERAL,9,Belly Krishna,M,50,GEN,BSP,924,0,924,0.53
94,Bhongir,GENERAL,10,Patnam Kamala Manohar,M,44,GEN,IND,616,0,616,0.36
94,Bhongir,GENERAL,11,Gundala Laxminarayana Goud,M,61,GEN,IND,564,0,564,0.33
94,Bhongir,GENERAL,12,Upender Gupta Pabba,M,45,GEN,SHS,223,2,225,0.13
94,Bhongir,GENERAL,13,Manchala Maheshwar,M,34,SC,TELP,204,0,204,0.12
94,Bhongir,GENERAL,14,Bhongir Srinivas Netha,M,54,GEN,SP,197,0,197,0.11
94,Bhongir,GENERAL,15,Naga Raju Gupta Bejugam,M,36,GEN,TPS,163,0,163,0.09
94,Bhongir,GENERAL,16,Dharavath Ganesh Nayak,M,30,ST,BMUP,143,0,143,0.08
95,Nakrekal,SC,1,Chirumarthi Lingaiah,M,45,SC,INC,93000,699,93699,46.33
95,Nakrekal,SC,2,Vemula Veeresham,M,41,SC,BRS,85068,372,85440,42.25
95,Nakrekal,SC,3,Dubba Ravi Kumar,M,29,SC,SMFB,10383,0,10383,5.13
95,Nakrekal,SC,4,Jitta Nagesh,M,45,SC,CPM,4531,12,4543,2.25
95,Nakrekal,SC,5,Kasarla Lingaiah,M,60,SC,BJP,2224,9,2233,1.1
95,Nakrekal,SC,6,None Of The Above,,,,NOTA,1328,3,1331,0.66
95,Nakrekal,SC,7,Nune Venkata Swamy,M,49,SC,BSP,884,1,885,0.44
95,Nakrekal,SC,8,Dubba Venkanna,M,40,SC,IND,634,0,634,0.31
95,Nakrekal,SC,9,Medi Sathyanarayana,M,31,SC,TGPJP,562,0,562,0.28
95,Nakrekal,SC,10,Katta Srinivas,M,49,SC,YSRPP,520,0,520,0.26
95,Nakrekal,SC,11,Vantepaka Swarooparani,F,49,SC,NCP,466,0,466,0.23
95,Nakrekal,SC,12,Medi Naresh,M,26,SC,SP,454,0,454,0.22
95,Nakrekal,SC,13,Chineni Janaiah,M,33,SC,IND,344,0,344,0.17
95,Nakrekal,SC,14,Gade Srinu,M,34,SC,BMUP,327,0,327,0.16
95,Nakrekal,SC,15,Yara Srinu,M,35,SC,AAAP,242,0,242,0.12
95,Nakrekal,SC,16,Kommu Shobarani,F,32,SC,SHS,167,0,167,0.08
96,Thungathurthy,SC,1,Gadari Kishore Kumar,M,37,SC,BRS,90653,204,90857,45.47
96,Thungathurthy,SC,2,Addanki Dayakar,M,47,SC,INC,88447,563,89010,44.54
96,Thungathurthy,SC,3,Bade Anil,M,36,SC,SMFB,3729,0,3729,1.87
96,Thungathurthy,SC,4,Ramachandraiah Kadiyam,M,58,SC,BJP,3213,9,3222,1.61
96,Thungathurthy,SC,5,Ravi Vaddepally,M,44,SC,IND,2792,14,2806,1.4
96,Thungathurthy,SC,6,Reddimalla Sujana,F,62,SC,IND,1593,0,1593,0.8
96,Thungathurthy,SC,7,Vatam Balaraju,M,27,SC,IND,1483,0,1483,0.74
96,Thungathurthy,SC,8,None Of The Above,,,,NOTA,1388,4,1392,0.7
96,Thungathurthy,SC,9,Dr. Mandula Sravan Kumar,M,41,SC,BSP,1301,7,1308,0.65
96,Thungathurthy,SC,10,Nagesh Palvai,M,30,SC,BLFP,1249,13,1262,0.63
96,Thungathurthy,SC,11,Yerra Yadagiri,M,39,SC,PJSP,974,0,974,0.49
96,Thungathurthy,SC,12,Polupongu Shilpa,F,33,SC,IND,942,0,942,0.47
96,Thungathurthy,SC,13,Edula Ramanjaneyulu,M,39,SC,IND,293,0,293,0.15
96,Thungathurthy,SC,14,Cheruku Vijay Kumar,M,31,SC,IND,242,1,243,0.12
96,Thungathurthy,SC,15,Kothi Indira,F,44,SC,TECPI,224,0,224,0.11
96,Thungathurthy,SC,16,Palvai Padma,F,43,SC,SJPI,195,0,195,0.1
96,Thungathurthy,SC,17,Kongari Mallaiah,M,46,SC,IND,147,0,147,0.07
96,Thungathurthy,SC,18,Dasari Rambabu,M,28,SC,AAAP,142,0,142,0.07
97,Alair,GENERAL,1,Gongidi Suneetha,F,49,GEN,BRS,94753,117,94870,49.55
97,Alair,GENERAL,2,Budida Bikshamaiah,M,47,GEN,INC,61581,203,61784,32.27
97,Alair,GENERAL,3,Kalluri Ramchandra Reddy,M,44,GEN,BSP,11911,12,11923,6.23
97,Alair,GENERAL,4,Mothkupally Narsimhulu,M,64,SC,BLFP,10459,14,10473,5.47
97,Alair,GENERAL,5,Donthiri Sridhar Reddy,M,41,GEN,BJP,4947,20,4967,2.59
97,Alair,GENERAL,6,None Of The Above,,,,NOTA,1464,0,1464,0.76
97,Alair,GENERAL,7,Kandadi Manipal Reddy,M,32,GEN,TCPY,1230,0,1230,0.64
97,Alair,GENERAL,8,Saritha Janne,F,32,GEN,SP,1199,1,1200,0.63
97,Alair,GENERAL,9,Dheeravath Gopi Nayak,M,49,ST,IND,1112,0,1112,0.58
97,Alair,GENERAL,10,Vyla Srinivas Reddy,M,54,GEN,IND,913,0,913,0.48
97,Alair,GENERAL,11,Bollaram Ramesh,M,32,GEN,IND,380,0,380,0.2
97,Alair,GENERAL,12,Morigadi Krishna,M,49,GEN,IND,358,0,358,0.19
97,Alair,GENERAL,13,Kotha Kistaiah,M,40,SC,ANC,315,0,315,0.16
97,Alair,GENERAL,14,Gujjula Ramchandra Reddy,M,37,GEN,IND,260,0,260,0.14
97,Alair,GENERAL,15,Regu Anand,M,36,GEN,BRS,231,0,231,0.12
98,Jangoan,GENERAL,1,Muthireddy Yadagiri Reddy,M,65,GEN,BRS,91036,556,91592,50.47
98,Jangoan,GENERAL,2,Lakshmaiah Ponnala,M,74,GEN,INC,61546,478,62024,34.18
98,Jangoan,GENERAL,3,Laxman Bhima,M,33,GEN,SMFB,10031,0,10031,5.53
98,Jangoan,GENERAL,4,Merugu Srinivas,M,44,GEN,IND,3604,0,3604,1.99
98,Jangoan,GENERAL,5,K.V.L.N. Reddy (Raju),M,44,GEN,BJP,3094,28,3122,1.72
98,Jangoan,GENERAL,6,Udutha Ravi Yadav,M,51,GEN,CPM,2682,9,2691,1.48
98,Jangoan,GENERAL,7,None Of The Above,,,,NOTA,2608,8,2616,1.44
98,Jangoan,GENERAL,8,Srinivas Reddy Shakampally,M,33,GEN,IND,1380,0,1380,0.76
98,Jangoan,GENERAL,9,Kothapalli Satish Kumar,M,30,GEN,BSP,1015,3,1018,0.56
98,Jangoan,GENERAL,10,Thuppathi Siddulu,M,31,GEN,NVSP,619,0,619,0.34
98,Jangoan,GENERAL,11,Mahender Reddy Kondeti,M,27,GEN,IND,593,0,593,0.33
98,Jangoan,GENERAL,12,Venkata Rajaiah Thatikonda,M,61,GEN,SP,583,6,589,0.32
98,Jangoan,GENERAL,13,Upendar Jeripothula,M,37,SC,IND,576,0,576,0.32
98,Jangoan,GENERAL,14,Mohan Raju Akkaladevi,M,25,GEN,BRS,408,0,408,0.22
98,Jangoan,GENERAL,15,Manthena Naresh,M,30,SC,IND,395,0,395,0.22
98,Jangoan,GENERAL,16,Nimma Jayaram Reddy,M,50,GEN,AAAP,209,1,210,0.12
99,Ghanpur (Station),SC,1,Dr. Thatikonda Rajaiah,M,60,SC,BRS,98519,93,98612,49.57
99,Ghanpur (Station),SC,2,Indira Singapuram,F,50,SC,INC,62631,191,62822,31.58
99,Ghanpur (Station),SC,3,Prathap Rajarapu,M,53,SC,BSP,22741,33,22774,11.45
99,Ghanpur (Station),SC,4,Madasi Venkatesham,M,44,SC,IND,4890,0,4890,2.46
99,Ghanpur (Station),SC,5,None Of The Above,,,,NOTA,3532,8,3540,1.78
99,Ghanpur (Station),SC,6,Perumandla Venkateshwarlu,M,44,SC,BJP,2363,7,2370,1.19
99,Ghanpur (Station),SC,7,Botla Shekhar,M,36,SC,CPM,1832,0,1832,0.92
99,Ghanpur (Station),SC,8,Surabhi Sathaiah,M,59,SC,IND,1246,0,1246,0.63
99,Ghanpur (Station),SC,9,Jeripothula Upendar,M,37,SC,IND,857,0,857,0.43
100,Palakurthi,GENERAL,1,Errabelli Dayakar Rao,M,62,GEN,BRS,117186,318,117504,59.19
100,Palakurthi,GENERAL,2,Janga Ragava Reddy,M,50,GEN,INC,64067,384,64451,32.47
100,Palakurthi,GENERAL,3,L. Vijay,M,31,ST,SMFB,3199,0,3199,1.61
100,Palakurthi,GENERAL,4,Billa Sudheer Reddy,M,50,GEN,IND,2559,0,2559,1.29
100,Palakurthi,GENERAL,5,Macharla Srinivas,M,43,GEN,IND,1835,0,1835,0.92
100,Palakurthi,GENERAL,6,Somaiah Pedagani,M,48,GEN,BJP,1301,5,1306,0.66
100,Palakurthi,GENERAL,7,Jilukara Sreenivas,M,45,SC,BSP,1276,4,1280,0.64
100,Palakurthi,GENERAL,8,Kunaboina Kumara Swamy,M,32,GEN,TKRRP,1130,0,1130,0.57
100,Palakurthi,GENERAL,9,None Of The Above,,,,NOTA,1078,0,1078,0.54
100,Palakurthi,GENERAL,10,Mamindla Ramesh Raja,M,34,GEN,CPI(ML),1029,0,1029,0.52
100,Palakurthi,GENERAL,11,Dayakar Singapuram,M,44,SC,IND,890,0,890,0.45
100,Palakurthi,GENERAL,12,Gola Ganga Rao,M,35,SC,IND,746,0,746,0.38
100,Palakurthi,GENERAL,13,Korra Narasimha,M,38,ST,IND,580,0,580,0.29
100,Palakurthi,GENERAL,14,Vishwanath Goviamsa,M,30,SC,RPI,295,0,295,0.15
100,Palakurthi,GENERAL,15,Makkala Nagalaxmi,F,32,GEN,BLFP,234,0,234,0.12
100,Palakurthi,GENERAL,16,Ramu Beerelli,M,34,SC,IND,152,0,152,0.08
100,Palakurthi,GENERAL,17,Gare Venkatesh,M,42,GEN,SP,115,0,115,0.06
100,Palakurthi,GENERAL,18,Thanda Upender,M,26,GEN,TGPJP,72,0,72,0.04
100,Palakurthi,GENERAL,19,L.M.S. Goud,M,25,GEN,JASWP,64,0,64,0.03
101,Dornakal,ST,1,Dharam Soth Redya Naik,M,66,ST,BRS,88237,70,88307,50.73
101,Dornakal,ST,2,Jatoth Ram Chandru Naik,M,43,ST,INC,70761,165,70926,40.74
101,Dornakal,ST,3,Banoth. Ravinder,M,42,ST,IND,4117,0,4117,2.37
101,Dornakal,ST,4,Bhukya Gopi Krishana,M,31,ST,IND,2106,1,2107,1.21
101,Dornakal,ST,5,None Of The Above,,,,NOTA,2036,0,2036,1.17
101,Dornakal,ST,6,Angoth. Venkanna,M,45,ST,CPM,1360,1,1361,0.78
101,Dornakal,ST,7,Maloth Sreenu Naik,M,41,ST,BSP,1245,0,1245,0.72
101,Dornakal,ST,8,Banothu Ramdas,M,46,ST,IND,1019,0,1019,0.59
101,Dornakal,ST,9,Ajmeera Rathna,M,48,ST,IND,925,0,925,0.53
101,Dornakal,ST,10,Gugulothu Laxman Naik,M,35,ST,BJP,859,3,862,0.5
101,Dornakal,ST,11,D.S. Venkanna Naik,M,48,ST,IND,685,0,685,0.39
101,Dornakal,ST,12,Nehru Naik Malothu,M,40,ST,IND,486,0,486,0.28
102,Mahabubabad,ST,1,Banoth Shankar Naik,M,52,ST,BRS,85193,204,85397,46.18
102,Mahabubabad,ST,2,Balaram Naik Porika,M,54,ST,INC,71377,486,71863,38.86
102,Mahabubabad,ST,3,Jatothu Hussain,M,36,ST,BJP,11567,79,11646,6.3
102,Mahabubabad,ST,4,Battu Binama,F,46,ST,IND,4818,1,4819,2.61
102,Mahabubabad,ST,5,None Of The Above,,,,NOTA,3272,7,3279,1.77
102,Mahabubabad,ST,6,Banoth Mohanlal,M,53,ST,BLFP,2590,14,2604,1.41
102,Mahabubabad,ST,7,Balu Nayak Bhukya,M,38,ST,BSP,1513,2,1515,0.82
102,Mahabubabad,ST,8,Daramsothu Narayana Singh,M,30,ST,IND,1029,1,1030,0.56
102,Mahabubabad,ST,9,Halavath Lingya,M,36,ST,IND,935,0,935,0.51
102,Mahabubabad,ST,10,Solam Sahadev,M,38,ST,IND,895,0,895,0.48
102,Mahabubabad,ST,11,Banothu Ramdas,M,46,ST,IND,606,0,606,0.33
102,Mahabubabad,ST,12,Prasad Dappu,M,28,ST,IND,351,0,351,0.19
103,Narsampet,GENERAL,1,Peddi Sudarshan Reddy,M,43,GEN,BRS,94168,262,94430,49.8
103,Narsampet,GENERAL,2,Donthi Madhava Reddy,M,57,GEN,INC,76979,476,77455,40.85
103,Narsampet,GENERAL,3,J. Nageshwar Rao,M,40,SC,IND,9052,0,9052,4.77
103,Narsampet,GENERAL,4,None Of The Above,,,,NOTA,2436,6,2442,1.29
103,Narsampet,GENERAL,5,Ashok Reddy Edla,M,51,GEN,BJP,1479,5,1484,0.78
103,Narsampet,GENERAL,6,Kurimilla Rammurthy,M,57,GEN,PPOI,1311,0,1311,0.69
103,Narsampet,GENERAL,7,Dhayakar Gajji,M,29,SC,BSP,1125,3,1128,0.59
103,Narsampet,GENERAL,8,Maddikayala Ashok,M,56,GEN,BLFP,795,2,797,0.42
103,Narsampet,GENERAL,9,Pogaku Sudhir,M,30,GEN,IND,580,0,580,0.31
103,Narsampet,GENERAL,10,Boddu Kiran Kumar,M,36,GEN,IND,379,0,379,0.2
103,Narsampet,GENERAL,11,Emmadi Chinni Krishna,M,26,GEN,IND,305,0,305,0.16
103,Narsampet,GENERAL,12,Purna Chander Rao Thota,M,46,GEN,SHS,268,0,268,0.14
104,Parkal,GENERAL,1,Challa. Dharma Reddy,M,51,GEN,BRS,105694,209,105903,59.64
104,Parkal,GENERAL,2,Konda Surakha,F,53,GEN,INC,59142,242,59384,33.44
104,Parkal,GENERAL,3,U. Srinivas,M,47,GEN,IND,3996,0,3996,2.25
104,Parkal,GENERAL,4,Dr. Pesaru Vijaya Chander Reddy,M,59,GEN,BJP,2467,16,2483,1.4
104,Parkal,GENERAL,5,None Of The Above,,,,NOTA,2056,8,2064,1.16
104,Parkal,GENERAL,6,G. Sambaiah,M,39,SC,IND,942,0,942,0.53
104,Parkal,GENERAL,7,Shanigarapu. Raju,M,29,SC,BSP,804,2,806,0.45
104,Parkal,GENERAL,8,Abbadi Buchireddy,M,49,GEN,IND,552,0,552,0.31
104,Parkal,GENERAL,9,Chaparthi Kumaraswamy,M,41,GEN,IND,313,0,313,0.18
104,Parkal,GENERAL,10,Elamadri Ravi,M,37,SC,RPI(A),268,1,269,0.15
104,Parkal,GENERAL,11,Adepu Ramesh,M,43,GEN,IND,205,0,205,0.12
104,Parkal,GENERAL,12,Kumaraswamy Gone,M,50,GEN,BLFP,167,1,168,0.09
104,Parkal,GENERAL,13,Daram Yuvaraju,M,27,GEN,SP,162,1,163,0.09
104,Parkal,GENERAL,14,Punnam Bhagyasri,F,34,GEN,INCP,127,0,127,0.07
104,Parkal,GENERAL,15,Venu Esampelly,M,31,SC,AIFB,116,0,116,0.07
104,Parkal,GENERAL,16,Gunda. Ramu,M,33,GEN,SHS,87,0,87,0.05
105,Warangal West,GENERAL,1,Dasyam Vinay Bhasker,M,53,GEN,BRS,80189,817,81006,56.78
105,Warangal West,GENERAL,2,Revuri Prakash Reddy,M,67,GEN,TDP,43299,1256,44555,31.23
105,Warangal West,GENERAL,3,Dharmarao Marthineni,M,57,GEN,BJP,5855,124,5979,4.19
105,Warangal West,GENERAL,4,S. V. Ramana Rao,M,51,GEN,SMFB,3619,0,3619,2.54
105,Warangal West,GENERAL,5,None Of The Above,,,,NOTA,3027,48,3075,2.16
105,Warangal West,GENERAL,6,Emmadi Kiran,M,33,SC,BSP,860,5,865,0.61
105,Warangal West,GENERAL,7,Bommathi Vikram,M,34,GEN,IND,547,1,548,0.38
105,Warangal West,GENERAL,8,Dadaboina Srikanth Yadav,M,45,GEN,BLFP,364,4,368,0.26
105,Warangal West,GENERAL,9,Pabba Bhanu Laxman,M,25,GEN,IND,343,0,343,0.24
105,Warangal West,GENERAL,10,I Prasad Sharma,M,45,GEN,IND,291,1,292,0.2
105,Warangal West,GENERAL,11,Kanakam Suresh,M,46,SC,RPI(A),280,0,280,0.2
105,Warangal West,GENERAL,12,Emmadi Ravi,M,48,GEN,IND,248,0,248,0.17
105,Warangal West,GENERAL,13,Sathya Prakash P.,M,54,GEN,IND,229,1,230,0.16
105,Warangal West,GENERAL,14,Farukh Ahmed Hasan Mohammad,M,43,GEN,IND,220,0,220,0.15
105,Warangal West,GENERAL,15,Vikranth Samidla,M,32,GEN,IND,185,0,185,0.13
105,Warangal West,GENERAL,16,Bandi Krishna Kishore,M,36,GEN,AAAP,164,2,166,0.12
105,Warangal West,GENERAL,17,Vollaji Ravinder,M,42,GEN,BRS,157,0,157,0.11
105,Warangal West,GENERAL,18,Kala Rajeshwer Rao,M,67,GEN,IND,147,0,147,0.1
105,Warangal West,GENERAL,19,Nakka Rajender Rao,M,40,SC,DABAP,114,0,114,0.08
105,Warangal West,GENERAL,20,Goka Venkat Rao,M,34,SC,TELPRA,108,0,108,0.08
105,Warangal West,GENERAL,21,Chidurala Rajanna,M,61,GEN,SHS,89,0,89,0.06
105,Warangal West,GENERAL,22,Gopu Srinivas,M,42,GEN,TPS,70,0,70,0.05
106,Warangal East,GENERAL,1,Narendar Nannapuneni,M,45,GEN,BRS,83405,517,83922,53.94
106,Warangal East,GENERAL,2,Ravi Chandra Vaddiraju,M,54,GEN,INC,54470,670,55140,35.44
106,Warangal East,GENERAL,3,Satish Kusuma,M,48,GEN,BJP,4680,49,4729,3.04
106,Warangal East,GENERAL,4,Akula Venkateshwarlu,M,33,GEN,IND,2759,0,2759,1.77
106,Warangal East,GENERAL,5,None Of The Above,,,,NOTA,2673,43,2716,1.75
106,Warangal East,GENERAL,6,Inna Reddy Gade,M,57,GEN,TJS,1108,19,1127,0.72
106,Warangal East,GENERAL,7,Gai Sathish,M,33,GEN,IND,886,0,886,0.57
106,Warangal East,GENERAL,8,Rangaraju Ravinder,M,52,GEN,IND,733,0,733,0.47
106,Warangal East,GENERAL,9,Rahimunnisa Begum,F,37,GEN,IND,705,0,705,0.45
106,Warangal East,GENERAL,10,Shanigarapu Ramesh Babu,M,34,GEN,IND,500,0,500,0.32
106,Warangal East,GENERAL,11,Rambabu Siddam,M,41,GEN,BLFP,404,2,406,0.26
106,Warangal East,GENERAL,12,Vodela Shyam Kumar,M,43,GEN,IND,395,0,395,0.25
106,Warangal East,GENERAL,13,Mohammed Sadik,M,55,GEN,IND,234,2,236,0.15
106,Warangal East,GENERAL,14,Kala Rajeshwar Rao,M,67,GEN,IND,202,1,203,0.13
106,Warangal East,GENERAL,15,Chinthala Anil,M,33,GEN,IND,195,1,196,0.13
106,Warangal East,GENERAL,16,Gorantala Sharath Babu,M,38,GEN,IND,180,0,180,0.12
106,Warangal East,GENERAL,17,Sandra Johnson,M,55,SC,IND,161,0,161,0.1
106,Warangal East,GENERAL,18,Pogaku Sudheer,M,30,GEN,IND,146,1,147,0.09
106,Warangal East,GENERAL,19,Alakapelli Kishore,M,41,SC,SP,135,1,136,0.09
106,Warangal East,GENERAL,20,Kishore Parupelli,M,38,GEN,NIP,120,0,120,0.08
106,Warangal East,GENERAL,21,Paladugula Surender,M,40,GEN,IND,115,2,117,0.08
106,Warangal East,GENERAL,22,Sathish Boddu,M,33,GEN,IND,63,0,63,0.04
107,Wardhanapet,SC,1,Aroori Ramesh,M,51,SC,BRS,130862,390,131252,69.35
107,Wardhanapet,SC,2,Devaiah Pagidipati,M,74,SC,TJS,31723,289,32012,16.91
107,Wardhanapet,SC,3,Chilumulla Lenin,M,37,SC,CPI(ML),6367,0,6367,3.36
107,Wardhanapet,SC,4,Kotha Saranga Rao,M,60,SC,BJP,6087,27,6114,3.23
107,Wardhanapet,SC,5,None Of The Above,,,,NOTA,5842,22,5864,3.1
107,Wardhanapet,SC,6,Kandhari Janardhan,M,34,SC,IND,1702,0,1702,0.9
107,Wardhanapet,SC,7,Sudhamalla Venkat Swamy,M,60,SC,TECPI,1117,0,1117,0.59
107,Wardhanapet,SC,8,Gandham Shiva,M,34,SC,BSP,895,4,899,0.47
107,Wardhanapet,SC,9,Visampally Nagesh,M,49,SC,IND,738,0,738,0.39
107,Wardhanapet,SC,10,Darshanapu Ramesh,M,34,SC,AAAP,660,0,660,0.35
107,Wardhanapet,SC,11,Naddunoori Sampath,M,32,SC,SP,567,0,567,0.3
107,Wardhanapet,SC,12,Jannu Narsaiah,M,43,SC,IND,481,0,481,0.25
107,Wardhanapet,SC,13,Jatty Swamy,M,59,SC,IND,434,0,434,0.23
107,Wardhanapet,SC,14,Narsimha Swamy Vashapaka,M,36,SC,BLFP,413,0,413,0.22
107,Wardhanapet,SC,15,Ellandula Shoban Babu,M,47,SC,IND,365,0,365,0.19
107,Wardhanapet,SC,16,Arepally Kamalakar,M,35,SC,IND,283,1,284,0.15
108,Bhupalpalle,GENERAL,1,Gandra Venkata Ramana Reddy,M,52,GEN,INC,69686,232,69918,33.5
108,Bhupalpalle,GENERAL,2,Gandra Sathyanarayana Rao(Sathanna),M,53,GEN,AIFB,54197,86,54283,26.0
108,Bhupalpalle,GENERAL,3,Sirikonda Madhusudana Chari,M,61,GEN,BRS,53460,107,53567,25.66
108,Bhupalpalle,GENERAL,4,Chandupatla Keerthi Reddy,F,38,GEN,BJP,15681,63,15744,7.54
108,Bhupalpalle,GENERAL,5,Sampath Manthena,M,31,GEN,IND,4787,0,4787,2.29
108,Bhupalpalle,GENERAL,6,Challuri Madhu,M,50,GEN,SMFB,2171,0,2171,1.04
108,Bhupalpalle,GENERAL,7,Pettem Mallikarjun,M,33,GEN,IND,1847,0,1847,0.88
108,Bhupalpalle,GENERAL,8,Siripelli Rajaiah,M,40,GEN,IND,1840,0,1840,0.88
108,Bhupalpalle,GENERAL,9,Akunuri Baabu,M,34,GEN,BSP,1613,8,1621,0.78
108,Bhupalpalle,GENERAL,10,None Of The Above,,,,NOTA,1398,1,1399,0.67
108,Bhupalpalle,GENERAL,11,Devaraju Pendala,M,46,GEN,IND,529,0,529,0.25
108,Bhupalpalle,GENERAL,12,Vanaja Vepuri,F,44,GEN,BLFP,360,2,362,0.17
108,Bhupalpalle,GENERAL,13,Koutam Ravinder,M,34,GEN,IND,242,0,242,0.12
108,Bhupalpalle,GENERAL,14,Odelu Chepuri,M,38,GEN,IND,220,0,220,0.11
108,Bhupalpalle,GENERAL,15,Narsaiah Renukuntla,M,36,GEN,NIP,211,0,211,0.1
109,Mulug,ST,1,Anasuya Dansari,F,47,ST,INC,88362,609,88971,52.71
109,Mulug,ST,2,Azmeera Chandulal,M,67,ST,BRS,66042,258,66300,39.28
109,Mulug,ST,3,Borra Laxminarayana,M,43,ST,IND,3348,0,3348,1.98
109,Mulug,ST,4,None Of The Above,,,,NOTA,3248,1,3249,1.92
109,Mulug,ST,5,Burka China Venkataiah,M,68,ST,IND,2158,0,2158,1.28
109,Mulug,ST,6,Thaviti Narayana,M,56,ST,CPM,1673,1,1674,0.99
109,Mulug,ST,7,Banoth Devilal,M,67,ST,BJP,1329,10,1339,0.79
109,Mulug,ST,8,Punem Murali Krishna,M,33,ST,IND,510,0,510,0.3
109,Mulug,ST,9,Kornibelli Ganesh,M,32,ST,IND,322,1,323,0.19
109,Mulug,ST,10,Kudumula Chokkaiah,M,64,ST,IND,270,1,271,0.16
109,Mulug,ST,11,Chela Venkata Laxmi,F,39,ST,IND,255,1,256,0.15
109,Mulug,ST,12,Badi Krishna,M,31,ST,TGPJP,218,0,218,0.13
109,Mulug,ST,13,Ghantamuri Saraiah,M,56,ST,IND,163,0,163,0.1
110,Pinapaka,ST,1,Kantha Rao Rega,M,42,ST,INC,71994,289,72283,50.13
110,Pinapaka,ST,2,Payam Venkateswarlu,M,44,ST,BRS,52499,219,52718,36.56
110,Pinapaka,ST,3,Palvancha Durga,F,34,ST,IND,5277,0,5277,3.66
110,Pinapaka,ST,4,Mukti Satyam,M,43,ST,IND,3569,1,3570,2.48
110,Pinapaka,ST,5,Katiboina Nageswara Rao,M,46,ST,CPM,2572,9,2581,1.79
110,Pinapaka,ST,6,Chanda Santosh Kumar,M,36,ST,BJP,2289,3,2292,1.59
110,Pinapaka,ST,7,Kalthi Yerraiah,M,35,ST,IND,1013,0,1013,0.7
110,Pinapaka,ST,8,None Of The Above,,,,NOTA,861,7,868,0.6
110,Pinapaka,ST,9,Guguloth Vijaya,F,29,ST,BBKD,703,1,704,0.49
110,Pinapaka,ST,10,Komaram Rajashekar,M,38,ST,TGPJP,516,0,516,0.36
110,Pinapaka,ST,11,Thumma Nagaraju,M,26,ST,GGP,476,13,489,0.34
110,Pinapaka,ST,12,Choulam Arun Kumar,M,28,ST,IND,479,0,479,0.33
110,Pinapaka,ST,13,Kanithi Veerababu,M,32,ST,IND,431,0,431,0.3
110,Pinapaka,ST,14,Borra Raghavulu,M,46,ST,LSSP,280,0,280,0.19
110,Pinapaka,ST,15,Tejavath Naresh,M,29,ST,BMUP,236,0,236,0.16
110,Pinapaka,ST,16,Bhukya Chitti Babu,M,37,ST,PPOI,226,1,227,0.16
110,Pinapaka,ST,17,Payam Pothaiah Dora,M,47,ST,SHS,223,0,223,0.15
111,Yellandu,ST,1,Haripriya Banoth,F,33,ST,INC,69964,680,70644,42.95
111,Yellandu,ST,2,Kanakaiah Koram,M,53,ST,BRS,67330,427,67757,41.2
111,Yellandu,ST,3,Gummadi Narsaiah,M,62,ST,IND,12852,47,12899,7.84
111,Yellandu,ST,4,Yadallapalli Satyam,M,44,ST,IND,2870,1,2871,1.75
111,Yellandu,ST,5,Naaga Sravanthi Mokalla,F,27,ST,BJP,1970,5,1975,1.2
111,Yellandu,ST,6,None Of The Above,,,,NOTA,1913,2,1915,1.16
111,Yellandu,ST,7,Malotu Munna Naik,M,52,ST,IND,1488,0,1488,0.9
111,Yellandu,ST,8,Abbaiah Vooke,M,62,ST,IND,1153,3,1156,0.7
111,Yellandu,ST,9,Hanuma Mood,M,36,ST,AAAP,891,0,891,0.54
111,Yellandu,ST,10,Poleboina Muthaiah,M,52,ST,IND,800,0,800,0.49
111,Yellandu,ST,11,Mokalla Pragathi,F,25,ST,IND,601,0,601,0.37
111,Yellandu,ST,12,M. Bhanu,M,30,ST,IND,470,0,470,0.29
111,Yellandu,ST,13,Banoth Balaji Rao,M,67,ST,IND,257,3,260,0.16
111,Yellandu,ST,14,Gugulothu Ravi,M,32,ST,IND,231,4,235,0.14
111,Yellandu,ST,15,Guguloth Vinod Kumar,M,27,ST,IND,179,0,179,0.11
111,Yellandu,ST,16,Arem Subhash Chandra,M,31,ST,IND,171,0,171,0.1
111,Yellandu,ST,17,Eesam Narasimha Rao,M,42,ST,IND,158,1,159,0.1
112,Khammam,GENERAL,1,Ajay Kumar Puvvada,M,53,GEN,BRS,101516,1244,102760,49.78
112,Khammam,GENERAL,2,Nama Nageswara Rao,M,61,GEN,TDP,89369,2400,91769,44.46
112,Khammam,GENERAL,3,None Of The Above,,,,NOTA,3494,19,3513,1.7
112,Khammam,GENERAL,4,Vuppala Sarada,F,56,GEN,BJP,2300,25,2325,1.13
112,Khammam,GENERAL,5,Anwar Raice,M,45,GEN,IND,2016,0,2016,0.98
112,Khammam,GENERAL,6,Palvancha Rama Rao,M,63,GEN,BLFP,1065,26,1091,0.53
112,Khammam,GENERAL,7,Abdul Kareem Shaik,M,37,GEN,BSP,1021,2,1023,0.5
112,Khammam,GENERAL,8,Rallabandi Narsimha Chary,M,51,GEN,IND,561,1,562,0.27
112,Khammam,GENERAL,9,Kasina Anandaprasad,M,44,GEN,PPOI,384,3,387,0.19
112,Khammam,GENERAL,10,Rapolu Kiran Kumar,M,39,GEN,IND,281,1,282,0.14
112,Khammam,GENERAL,11,Sk. Jameel,M,46,GEN,IND,252,0,252,0.12
112,Khammam,GENERAL,12,Yechu Sunil,M,31,SC,IND,185,0,185,0.09
112,Khammam,GENERAL,13,Apparao Pattipati,M,43,GEN,IND,150,0,150,0.07
112,Khammam,GENERAL,14,Tumati Madhu,M,35,SC,IND,112,1,113,0.05
113,Palair,GENERAL,1,Kandala Upender Reddy,M,58,GEN,INC,88916,491,89407,46.53
113,Palair,GENERAL,2,Tummala Nageswar Rao,M,65,GEN,BRS,81449,289,81738,42.54
113,Palair,GENERAL,3,Battula Hymavathi,F,64,GEN,CPM,6760,9,6769,3.52
113,Palair,GENERAL,4,Nandigama Raj Kumar,M,36,SC,IND,6101,0,6101,3.17
113,Palair,GENERAL,5,None Of The Above,,,,NOTA,1267,4,1271,0.66
113,Palair,GENERAL,6,Sridhar Reddy Kondapalli,M,46,GEN,BJP,1167,3,1170,0.61
113,Palair,GENERAL,7,Sunkari Ramamurthy,M,42,GEN,IND,1157,0,1157,0.6
113,Palair,GENERAL,8,Achaiah Gurram,M,72,GEN,IND,1052,6,1058,0.55
113,Palair,GENERAL,9,Kishan Yerraboina,M,41,GEN,BSP,985,2,987,0.51
113,Palair,GENERAL,10,Seema Rambabu,M,36,SC,IND,740,0,740,0.39
113,Palair,GENERAL,11,Pullaiah Chary Banala,M,39,GEN,PPOI,608,0,608,0.32
113,Palair,GENERAL,12,Banoth Laxman Naik,M,61,ST,IND,490,0,490,0.25
113,Palair,GENERAL,13,Gopoju Ramesh,M,41,SC,TECPI,261,0,261,0.14
113,Palair,GENERAL,14,Mandadapu Sudhakar Rao,M,47,GEN,IND,259,0,259,0.13
113,Palair,GENERAL,15,Kasani Srinivasa Rao,M,44,GEN,JASWP,148,0,148,0.08
114,Madhira,SC,1,Bhatti Vikramarka Mallu,M,57,SC,INC,80346,252,80598,43.11
114,Madhira,SC,2,Kamal Raju Lingala,M,47,SC,BRS,76665,366,77031,41.21
114,Madhira,SC,3,Rambabu Kota,M,37,SC,BLFP,22896,134,23030,12.32
114,Madhira,SC,4,Kothapalli Venkateswara Rao,M,47,SC,PJSP,1228,0,1228,0.66
114,Madhira,SC,5,Kathula Shyamala Rao,M,68,SC,BJP,1084,1,1085,0.58
114,Madhira,SC,6,None Of The Above,,,,NOTA,1009,2,1011,0.54
114,Madhira,SC,7,Chatla Nagamani Kumar,M,39,SC,BSP,914,0,914,0.49
114,Madhira,SC,8,Balavanthapu Kalyan Kumar,M,26,SC,PPOI,680,0,680,0.36
114,Madhira,SC,9,Kothapalli Babu,M,35,SC,IND,448,0,448,0.24
114,Madhira,SC,10,Ramadas Markapudi,M,44,SC,TECPI,434,0,434,0.23
114,Madhira,SC,11,Sreenivasa Rao Koppula,M,47,SC,IND,266,0,266,0.14
114,Madhira,SC,12,Pulipati Prakash,M,35,SC,IND,218,0,218,0.12
115,Wyra,ST,1,Lavudya Ramulu,M,63,ST,IND,52303,347,52650,33.36
115,Wyra,ST,2,Banoth Madan Lal,M,55,ST,BRS,50211,426,50637,32.08
115,Wyra,ST,3,Banoth Vijaya,F,38,ST,CPI,32684,73,32757,20.75
115,Wyra,ST,4,Bhukya Veerabhadram,M,39,ST,CPM,11351,22,11373,7.21
115,Wyra,ST,5,Varsa Ramulu,M,45,ST,IND,2587,1,2588,1.64
115,Wyra,ST,6,None Of The Above,,,,NOTA,2356,4,2360,1.5
115,Wyra,ST,7,Kishan Banoth,M,41,ST,BSP,1098,2,1100,0.7
115,Wyra,ST,8,Reshma Bai Bhukya,F,29,ST,BJP,1020,5,1025,0.65
115,Wyra,ST,9,Halavath Ramarao,M,38,ST,PPOI,996,0,996,0.63
115,Wyra,ST,10,Guguloth Thavurya,M,38,ST,IND,897,0,897,0.57
115,Wyra,ST,11,Malothu Mangilal Naik,M,30,ST,IND,629,0,629,0.4
115,Wyra,ST,12,Lakavath Nageswara Rao,M,26,ST,BMUP,321,0,321,0.2
115,Wyra,ST,13,Jarpula Prasad Naik,M,25,ST,IND,257,0,257,0.16
115,Wyra,ST,14,Banoth Mangilal Nayak,M,43,ST,IND,254,0,254,0.16
116,Sathupalli,SC,1,Sandra Venkata Veeraiah,M,51,SC,TDP,99005,1039,100044,50.46
116,Sathupalli,SC,2,Pidamarthi Ravi,M,45,SC,BRS,80735,307,81042,40.87
116,Sathupalli,SC,3,Kolikapogu Swamy,M,47,SC,IND,7345,0,7345,3.7
116,Sathupalli,SC,4,Macharla Bharathi,F,55,SC,CPM,2669,4,2673,1.35
116,Sathupalli,SC,5,None Of The Above,,,,NOTA,1664,8,1672,0.84
116,Sathupalli,SC,6,Namburi Ramalingeswara Rao,M,46,SC,BJP,1378,12,1390,0.7
116,Sathupalli,SC,7,Arjunrao Kankanala,M,46,SC,IND,977,1,978,0.49
116,Sathupalli,SC,8,Ravinder Nathari,M,42,SC,PPOI,870,1,871,0.44
116,Sathupalli,SC,9,G.Prem Neel Kumar,M,51,SC,BSP,790,3,793,0.4
116,Sathupalli,SC,10,Kancharla Veenakumari,F,38,SC,IND,650,0,650,0.33
116,Sathupalli,SC,11,Kongala Mallikarjuna Rao,M,43,SC,IPBP,613,0,613,0.31
116,Sathupalli,SC,12,Gaddala Subbarao,M,36,SC,JASWP,209,1,210,0.11
117,Kothagudem,GENERAL,1,Vanama Venkateswara Rao,M,73,GEN,INC,80553,565,81118,46.78
117,Kothagudem,GENERAL,2,Jalagam Venkat Rao,M,51,GEN,BRS,76234,745,76979,44.39
117,Kothagudem,GENERAL,3,Adavalli Krishna,M,64,GEN,BLFP,5508,12,5520,3.18
117,Kothagudem,GENERAL,4,Vamsi Krishna Essampalli,M,29,SC,IND,1943,0,1943,1.12
117,Kothagudem,GENERAL,5,Byreddy Prabhakar Reddy,M,42,GEN,BJP,1458,8,1466,0.85
117,Kothagudem,GENERAL,6,Komaram Buchaiah,M,48,ST,IND,1161,0,1161,0.67
117,Kothagudem,GENERAL,7,None Of The Above,,,,NOTA,1098,5,1103,0.64
117,Kothagudem,GENERAL,8,Venkatesh Dharavath,M,27,ST,IND,984,0,984,0.57
117,Kothagudem,GENERAL,9,Medaboina Venkateswar Rao,M,36,GEN,IND,520,0,520,0.3
117,Kothagudem,GENERAL,10,Hanumantha Rao Surampalli,M,58,GEN,PPOI,474,1,475,0.27
117,Kothagudem,GENERAL,11,Bhukya Chandra Shekar,M,36,ST,LSSP,435,1,436,0.25
117,Kothagudem,GENERAL,12,Satish Gundapuneni,M,34,GEN,AAAP,406,2,408,0.24
117,Kothagudem,GENERAL,13,Ramanareddy Sureddy,M,54,GEN,IND,310,0,310,0.18
117,Kothagudem,GENERAL,14,Gugulothu Naresh,M,27,ST,IND,309,0,309,0.18
117,Kothagudem,GENERAL,15,G. Rajesh Naik,M,33,ST,BMUP,206,0,206,0.12
117,Kothagudem,GENERAL,16,Avutapalli Ramalingeswara Rao,M,61,GEN,IND,185,1,186,0.11
117,Kothagudem,GENERAL,17,Azam Shaik,M,27,GEN,IND,168,0,168,0.1
117,Kothagudem,GENERAL,18,Antar Satish,M,38,GEN,IND,129,0,129,0.07
118,Aswaraopeta,ST,1,Mecha Nageswara Rao,M,53,ST,TDP,60888,236,61124,48.21
118,Aswaraopeta,ST,2,Thati Venkateswarlu S/O Kattappa Thati,M,56,ST,BRS,47895,112,48007,37.86
118,Aswaraopeta,ST,3,Tanam Ravindar,M,35,ST,CPM,4944,11,4955,3.91
118,Aswaraopeta,ST,4,Kangala Kalliah,M,55,ST,IND,4831,2,4833,3.81
118,Aswaraopeta,ST,5,None Of The Above,,,,NOTA,2051,2,2053,1.62
118,Aswaraopeta,ST,6,Thati Venkateswarlu S/O Veeraswami Thati,M,36,ST,IND,1714,0,1714,1.35
118,Aswaraopeta,ST,7,Dr. Bhukya Prasada Rao,M,42,ST,BJP,1300,3,1303,1.03
118,Aswaraopeta,ST,8,Gugolothu Ramulu,M,57,ST,PPOI,882,0,882,0.7
118,Aswaraopeta,ST,9,Kanneboina Venkata Narsaiah,M,52,ST,GGP,481,0,481,0.38
118,Aswaraopeta,ST,10,Banoth Ramesh,M,34,ST,BSP,460,0,460,0.36
118,Aswaraopeta,ST,11,Kanithi Lakshmana Rao,M,39,ST,IND,429,0,429,0.34
118,Aswaraopeta,ST,12,Amgothu Krishna,M,43,ST,IND,284,0,284,0.22
118,Aswaraopeta,ST,13,Mood Balaji,M,25,ST,BMUP,275,0,275,0.22
119,Bhadrachalam,ST,1,Podem Veeraiah,M,52,ST,INC,47520,226,47746,43.23
119,Bhadrachalam,ST,2,Tellam Venkata Rao,M,50,ST,BRS,35789,172,35961,32.56
119,Bhadrachalam,ST,3,Midiyam Babu Rao,M,67,ST,CPM,14147,81,14228,12.88
119,Bhadrachalam,ST,4,Pandra Hemasundar,M,33,ST,IND,4487,36,4523,4.1
119,Bhadrachalam,ST,5,None Of The Above,,,,NOTA,2104,2,2106,1.91
119,Bhadrachalam,ST,6,Kunja Satyavathi,F,47,ST,BJP,1817,7,1824,1.65
119,Bhadrachalam,ST,7,Ramesh Babu Bhukya,M,34,ST,PPOI,1118,1,1119,1.01
119,Bhadrachalam,ST,8,Chele Anusha,F,25,ST,IND,835,0,835,0.76
119,Bhadrachalam,ST,9,Punem Pradeep Kumar,M,40,ST,RPI,816,0,816,0.74
119,Bhadrachalam,ST,10,Karam Naveen,M,26,ST,IND,698,0,698,0.63
119,Bhadrachalam,ST,11,Gundu Sarath Babu,M,37,ST,BSP,589,0,589,0.53
